timestamp,device_id,device_type,latency_ms,packet_loss_percent,bandwidth_utilization,throughput_mbps,jitter_ms,cpu_usage_percent,memory_usage_percent,error_rate,interface_utilization,device_status,failure_type
2025-01-01T00:00:00+00:00,ro-5,router,88.16,1.98,49.1,154.99,15.73,94.27,84.51,1.66,55.0,warning,device_overload
2025-01-01T00:00:05+00:00,da-4,database,188.82,12.42,90.13,98.4,19.23,77.16,69.32,1.96,91.92,warning,congestion
2025-01-01T00:00:10+00:00,co-6,core_switch,13.27,0.57,34.87,185.67,2.18,16.96,44.21,0.11,62.96,healthy,normal
2025-01-01T00:00:15+00:00,ac-6,access_switch,28.48,1.06,20.15,160.14,2.3,18.59,34.24,0.09,29.45,healthy,normal
2025-01-01T00:00:20+00:00,ac-3,access_switch,102.57,2.47,55.68,181.45,17.37,94.53,86.74,6.1,52.03,warning,device_overload
2025-01-01T00:00:25+00:00,cl-4,client,31.91,1.26,54.47,160.39,0.97,29.2,35.78,0.19,64.03,healthy,normal
2025-01-01T00:00:30+00:00,ac-8,access_switch,336.82,98.97,4.59,2.12,58.56,6.74,3.68,67.15,7.18,warning,device_failure
2025-01-01T00:00:35+00:00,co-3,core_switch,26.3,0.14,20.21,134.12,4.06,50.64,42.58,0.06,34.84,healthy,normal
2025-01-01T00:00:40+00:00,da-5,database,142.4,8.89,88.14,783.15,21.63,84.11,60.14,3.38,91.12,warning,traffic_spike
2025-01-01T00:00:45+00:00,se-1,server,40.52,1.31,30.38,220.13,1.73,56.07,62.3,0.27,48.23,healthy,normal
2025-01-01T00:00:50+00:00,co-6,core_switch,195.56,10.47,96.24,108.95,12.01,56.99,42.7,6.57,98.3,warning,congestion
2025-01-01T00:00:55+00:00,ac-4,access_switch,467.06,99.36,0.86,3.89,48.81,9.13,10.72,42.06,3.8,warning,device_failure
2025-01-01T00:01:00+00:00,ac-7,access_switch,224.83,15.15,95.84,129.68,30.54,59.76,66.18,3.24,98.59,warning,congestion
2025-01-01T00:01:05+00:00,co-4,core_switch,12.05,0.03,44.03,239.46,0.84,46.85,26.59,0.06,16.63,healthy,normal
2025-01-01T00:01:10+00:00,da-4,database,18.91,0.73,43.34,269.14,5.39,40.93,34.69,0.43,36.17,healthy,normal
2025-01-01T00:01:15+00:00,cl-7,client,21.34,0.62,58.6,121.92,4.2,44.08,26.67,0.66,56.63,healthy,normal
2025-01-01T00:01:20+00:00,co-4,core_switch,27.16,0.21,26.62,211.78,5.35,18.39,59.55,0.77,20.09,healthy,normal
2025-01-01T00:01:25+00:00,da-1,database,171.43,7.48,78.95,77.45,14.77,88.99,90.42,1.41,61.3,warning,device_overload
2025-01-01T00:01:30+00:00,ac-8,access_switch,80.67,7.57,96.77,813.85,21.24,82.6,57.22,1.48,90.58,warning,traffic_spike
2025-01-01T00:01:35+00:00,ro-1,router,195.04,85.35,20.23,12.75,33.41,42.85,65.01,23.08,1.22,offline,link_failure
2025-01-01T00:01:40+00:00,se-4,server,386.31,88.48,0.82,5.26,76.09,3.8,3.65,71.83,2.51,warning,device_failure
2025-01-01T00:01:45+00:00,co-5,core_switch,24.63,1.39,61.98,112.05,4.03,40.33,28.4,0.48,41.31,healthy,normal
2025-01-01T00:01:50+00:00,ac-2,access_switch,38.14,0.55,25.41,293.42,4.46,42.53,67.44,0.59,15.41,healthy,normal
2025-01-01T00:01:55+00:00,ac-2,access_switch,483.51,89.61,1.15,0.86,75.43,3.27,8.47,74.47,1.63,offline,device_failure
2025-01-01T00:02:00+00:00,ac-8,access_switch,88.88,7.36,47.03,140.63,20.27,86.62,89.34,1.92,87.13,warning,device_overload
2025-01-01T00:02:05+00:00,se-7,server,27.95,0.17,62.42,262.02,1.58,16.62,40.25,0.5,37.35,healthy,normal
2025-01-01T00:02:10+00:00,ac-1,access_switch,38.77,0.32,29.73,132.61,4.86,54.79,41.88,0.56,23.04,healthy,normal
2025-01-01T00:02:15+00:00,co-3,core_switch,134.33,2.2,96.84,592.77,26.62,92.07,82.83,4.15,92.67,warning,traffic_spike
2025-01-01T00:02:20+00:00,ro-1,router,437.58,78.23,17.96,11.05,48.31,55.79,35.7,21.06,3.48,offline,link_failure
2025-01-01T00:02:25+00:00,ro-5,router,21.24,0.76,49.94,295.61,2.52,16.24,62.59,0.24,45.19,healthy,normal
2025-01-01T00:02:30+00:00,ro-2,router,108.69,4.77,97.44,643.83,27.68,71.47,84.18,1.36,90.44,warning,traffic_spike
2025-01-01T00:02:35+00:00,da-4,database,21.66,0.1,49.22,182.64,2.43,53.16,55.67,0.27,31.08,healthy,normal
2025-01-01T00:02:40+00:00,se-5,server,27.74,0.29,49.25,193.41,4.69,22.83,49.04,0.37,58.35,healthy,normal
2025-01-01T00:02:45+00:00,co-7,core_switch,35.14,0.91,33.15,207.19,4.31,38.0,58.92,0.86,53.27,healthy,normal
2025-01-01T00:02:50+00:00,ac-6,access_switch,70.74,7.66,54.39,96.91,19.91,88.06,84.74,7.89,71.28,warning,device_overload
2025-01-01T00:02:55+00:00,se-4,server,395.5,82.75,8.79,3.54,71.26,60.17,65.44,59.85,14.01,offline,link_failure
2025-01-01T00:03:00+00:00,cl-8,client,11.61,0.37,57.87,210.42,4.97,45.04,67.47,0.54,64.4,healthy,normal
2025-01-01T00:03:05+00:00,da-7,database,129.75,6.38,98.77,794.39,17.49,75.78,59.4,3.37,97.66,warning,traffic_spike
2025-01-01T00:03:10+00:00,cl-4,client,124.82,4.93,87.86,75.32,20.31,64.99,46.98,2.39,95.72,warning,congestion
2025-01-01T00:03:15+00:00,ro-7,router,106.87,4.8,61.63,82.92,13.72,98.67,93.35,5.87,81.84,warning,device_overload
2025-01-01T00:03:20+00:00,se-6,server,269.58,82.92,19.62,20.06,62.29,53.06,62.59,60.4,8.79,offline,link_failure
2025-01-01T00:03:25+00:00,se-1,server,22.44,1.0,55.51,269.32,5.17,56.38,67.15,0.48,62.16,healthy,normal
2025-01-01T00:03:30+00:00,cl-1,client,97.17,9.14,97.74,63.62,18.76,57.11,58.37,3.03,98.31,warning,congestion
2025-01-01T00:03:35+00:00,se-5,server,36.72,0.71,53.2,121.46,5.75,25.09,27.02,0.86,17.09,healthy,normal
2025-01-01T00:03:40+00:00,co-4,core_switch,36.86,0.93,29.21,214.18,1.39,57.65,44.46,0.23,34.18,healthy,normal
2025-01-01T00:03:45+00:00,cl-2,client,197.78,5.97,88.29,115.23,36.15,66.3,74.69,3.25,99.18,warning,congestion
2025-01-01T00:03:50+00:00,da-4,database,13.26,1.16,57.96,242.09,1.43,59.27,58.44,0.31,37.28,healthy,normal
2025-01-01T00:03:55+00:00,da-6,database,10.4,0.63,41.04,205.38,2.68,55.12,44.23,0.14,24.16,healthy,normal
2025-01-01T00:04:00+00:00,cl-5,client,174.31,15.04,96.17,100.43,33.47,66.92,53.6,2.47,99.08,warning,congestion
2025-01-01T00:04:05+00:00,se-4,server,34.02,0.85,49.4,184.01,3.37,29.63,45.45,0.32,28.43,healthy,normal
2025-01-01T00:04:10+00:00,da-5,database,27.79,0.77,26.98,163.1,2.91,39.98,34.57,0.43,52.02,healthy,normal
2025-01-01T00:04:15+00:00,ro-2,router,19.42,0.61,29.44,256.07,2.72,39.91,39.13,0.9,43.62,healthy,normal
2025-01-01T00:04:20+00:00,se-5,server,19.81,0.35,51.9,179.42,4.66,57.79,54.37,0.17,53.41,healthy,normal
2025-01-01T00:04:25+00:00,da-5,database,41.38,1.25,31.92,189.39,2.37,46.86,29.57,0.04,17.84,healthy,normal
2025-01-01T00:04:30+00:00,co-8,core_switch,13.28,0.02,31.36,215.32,2.57,58.45,35.11,0.78,20.93,healthy,normal
2025-01-01T00:04:35+00:00,se-2,server,28.46,1.03,25.13,288.45,5.74,18.83,34.92,0.5,36.64,healthy,normal
2025-01-01T00:04:40+00:00,da-4,database,197.48,8.56,98.44,78.66,27.3,60.87,62.47,1.36,99.44,warning,congestion
2025-01-01T00:04:45+00:00,co-4,core_switch,18.47,0.12,29.27,231.44,1.61,33.38,54.33,0.42,16.7,healthy,normal
2025-01-01T00:04:50+00:00,ac-8,access_switch,12.28,0.35,30.43,284.07,3.87,51.18,32.7,0.1,26.69,healthy,normal
2025-01-01T00:04:55+00:00,ac-3,access_switch,12.29,0.25,32.46,274.77,3.76,27.99,29.47,0.62,51.39,healthy,normal
2025-01-01T00:05:00+00:00,da-8,database,94.4,6.78,98.67,789.92,20.07,68.78,58.7,3.53,98.61,warning,traffic_spike
2025-01-01T00:05:05+00:00,ro-5,router,168.56,13.16,85.98,107.47,23.5,55.29,77.89,3.62,97.4,warning,congestion
2025-01-01T00:05:10+00:00,se-6,server,91.75,4.57,89.26,508.8,16.23,82.86,75.18,2.3,97.6,warning,traffic_spike
2025-01-01T00:05:15+00:00,ro-6,router,18.08,0.17,54.31,300.28,5.09,15.05,62.25,0.42,17.82,healthy,normal
2025-01-01T00:05:20+00:00,da-8,database,175.68,13.12,86.46,111.4,36.12,61.21,67.14,1.73,99.62,warning,congestion
2025-01-01T00:05:25+00:00,co-3,core_switch,130.06,4.16,89.94,69.21,33.88,49.2,76.09,4.89,88.16,warning,congestion
2025-01-01T00:05:30+00:00,ac-5,access_switch,92.39,5.86,93.67,653.83,10.89,73.72,72.78,3.86,91.37,warning,traffic_spike
2025-01-01T00:05:35+00:00,se-6,server,39.9,0.76,56.57,172.22,2.35,41.41,67.95,0.44,22.73,healthy,normal
2025-01-01T00:05:40+00:00,ac-6,access_switch,165.03,10.52,90.74,81.83,16.9,70.81,62.58,2.4,96.86,warning,congestion
2025-01-01T00:05:45+00:00,cl-8,client,32.57,1.22,36.15,256.01,5.07,59.14,45.79,0.03,41.12,healthy,normal
2025-01-01T00:05:50+00:00,ro-8,router,99.46,14.93,83.26,58.74,34.64,80.89,44.69,5.69,89.71,warning,congestion
2025-01-01T00:05:55+00:00,se-2,server,157.95,6.97,79.37,106.3,12.07,96.06,96.15,7.11,46.54,warning,device_overload
2025-01-01T00:06:00+00:00,cl-5,client,41.92,1.12,38.4,131.66,4.1,54.27,43.52,0.62,61.98,healthy,normal
2025-01-01T00:06:05+00:00,ro-5,router,21.47,0.65,29.48,200.65,4.35,23.1,31.7,0.55,34.89,healthy,normal
2025-01-01T00:06:10+00:00,se-3,server,86.7,5.47,63.38,145.02,21.38,92.51,88.6,4.83,48.18,warning,device_overload
2025-01-01T00:06:15+00:00,da-5,database,112.5,5.39,91.0,844.2,11.98,79.54,68.36,1.57,95.72,warning,traffic_spike
2025-01-01T00:06:20+00:00,cl-5,client,88.18,13.96,89.73,41.05,34.49,73.8,77.05,6.46,96.43,warning,congestion
2025-01-01T00:06:25+00:00,ac-4,access_switch,393.91,92.23,6.37,4.97,82.28,8.65,9.23,81.11,5.03,offline,device_failure
2025-01-01T00:06:30+00:00,cl-1,client,82.8,5.53,94.95,788.86,9.8,76.85,78.4,1.29,91.32,warning,traffic_spike
2025-01-01T00:06:35+00:00,ac-5,access_switch,205.42,7.08,97.02,102.64,32.97,72.62,54.19,1.69,99.48,warning,congestion
2025-01-01T00:06:40+00:00,co-7,core_switch,40.95,1.21,35.19,283.95,0.87,39.15,44.01,0.61,49.96,healthy,normal
2025-01-01T00:06:45+00:00,cl-6,client,100.71,6.81,83.43,154.95,26.6,78.86,49.97,1.38,97.53,warning,congestion
2025-01-01T00:06:50+00:00,ac-7,access_switch,65.5,2.36,88.45,918.0,10.32,75.04,70.43,2.25,93.71,warning,traffic_spike
2025-01-01T00:06:55+00:00,cl-7,client,107.86,7.81,98.62,750.91,24.67,86.47,85.68,1.76,96.9,warning,traffic_spike
2025-01-01T00:07:00+00:00,se-4,server,37.37,0.15,50.23,229.78,5.88,31.14,41.52,0.17,21.35,healthy,normal
2025-01-01T00:07:05+00:00,se-4,server,403.26,95.17,0.21,6.29,58.4,1.51,7.9,38.77,6.12,warning,device_failure
2025-01-01T00:07:10+00:00,co-4,core_switch,20.51,0.22,60.32,110.62,5.26,21.51,29.72,0.23,24.07,healthy,normal
2025-01-01T00:07:15+00:00,ro-3,router,61.71,6.53,54.52,98.71,9.79,86.73,95.87,4.68,77.06,warning,device_overload
2025-01-01T00:07:20+00:00,ac-2,access_switch,24.46,0.33,46.91,269.99,5.53,44.65,37.27,0.58,16.62,healthy,normal
2025-01-01T00:07:25+00:00,se-7,server,116.75,5.92,98.92,466.01,9.62,86.25,52.5,1.74,96.33,warning,traffic_spike
2025-01-01T00:07:30+00:00,ac-7,access_switch,229.22,10.37,90.71,118.71,14.58,70.97,72.7,4.91,96.77,warning,congestion
2025-01-01T00:07:35+00:00,co-4,core_switch,304.14,95.17,8.77,17.51,48.75,34.06,36.98,62.91,12.36,offline,link_failure
2025-01-01T00:07:40+00:00,ro-2,router,12.98,0.14,52.72,288.59,3.69,41.39,48.71,0.3,21.36,healthy,normal
2025-01-01T00:07:45+00:00,cl-7,client,37.78,1.08,63.51,242.09,2.63,41.01,33.36,0.59,26.66,healthy,normal
2025-01-01T00:07:50+00:00,da-6,database,13.68,0.42,28.63,204.4,3.72,49.53,51.36,0.61,43.95,healthy,normal
2025-01-01T00:07:55+00:00,cl-5,client,89.2,7.28,95.96,159.8,21.13,51.71,47.16,4.94,86.97,warning,congestion
2025-01-01T00:08:00+00:00,ro-4,router,292.86,84.7,3.46,7.48,49.46,62.36,53.02,59.75,2.8,warning,link_failure
2025-01-01T00:08:05+00:00,ro-5,router,312.93,83.87,13.36,9.94,42.93,43.06,41.22,24.99,12.21,offline,link_failure
2025-01-01T00:08:10+00:00,da-5,database,91.59,8.74,93.19,41.0,19.84,52.82,46.94,2.53,90.59,warning,congestion
2025-01-01T00:08:15+00:00,cl-7,client,15.62,0.57,51.07,220.06,5.13,51.28,27.17,0.78,17.2,healthy,normal
2025-01-01T00:08:20+00:00,ro-6,router,28.42,0.86,51.35,201.89,1.4,15.94,38.29,0.72,47.14,healthy,normal
2025-01-01T00:08:25+00:00,ac-2,access_switch,295.7,95.07,5.24,3.17,62.07,4.07,4.66,44.25,4.08,warning,device_failure
2025-01-01T00:08:30+00:00,da-4,database,38.99,0.52,52.19,290.17,5.04,25.63,30.44,0.18,46.32,healthy,normal
2025-01-01T00:08:35+00:00,cl-8,client,319.19,87.78,12.75,16.35,82.92,48.93,71.37,34.54,17.48,warning,link_failure
2025-01-01T00:08:40+00:00,se-2,server,25.01,0.95,55.43,240.11,2.63,18.34,44.32,0.03,34.17,healthy,normal
2025-01-01T00:08:45+00:00,cl-2,client,29.68,0.76,39.75,231.95,4.92,55.31,43.79,0.73,48.9,healthy,normal
2025-01-01T00:08:50+00:00,se-3,server,40.65,0.68,56.12,294.22,5.91,18.79,52.43,0.04,51.8,healthy,normal
2025-01-01T00:08:55+00:00,da-3,database,87.75,9.34,92.65,809.49,21.58,69.57,73.97,2.01,93.3,warning,traffic_spike
2025-01-01T00:09:00+00:00,se-5,server,121.54,14.22,99.39,118.35,15.91,48.02,65.89,6.5,90.34,warning,congestion
2025-01-01T00:09:05+00:00,cl-7,client,74.83,5.96,48.39,130.45,17.3,90.6,86.04,5.92,85.73,warning,device_overload
2025-01-01T00:09:10+00:00,da-2,database,113.14,5.39,92.34,607.67,11.61,74.43,86.01,2.69,92.27,warning,traffic_spike
2025-01-01T00:09:15+00:00,ro-5,router,37.02,0.15,54.23,293.73,5.4,16.7,38.82,0.69,21.81,healthy,normal
2025-01-01T00:09:20+00:00,co-3,core_switch,36.6,1.16,56.03,146.42,3.08,33.49,53.76,0.21,38.1,healthy,normal
2025-01-01T00:09:25+00:00,cl-8,client,17.49,0.36,63.38,282.56,5.5,23.73,53.85,0.51,37.91,healthy,normal
2025-01-01T00:09:30+00:00,se-7,server,469.88,94.87,17.63,3.32,45.0,48.85,66.08,44.95,1.85,offline,link_failure
2025-01-01T00:09:35+00:00,ro-3,router,303.65,98.86,1.47,3.5,97.05,2.66,6.32,54.23,0.21,warning,device_failure
2025-01-01T00:09:40+00:00,da-6,database,17.54,1.49,35.62,116.2,5.64,52.76,52.6,0.71,22.16,healthy,normal
2025-01-01T00:09:45+00:00,se-3,server,34.28,0.7,46.92,309.29,0.9,24.7,30.58,0.85,46.66,healthy,normal
2025-01-01T00:09:50+00:00,ac-4,access_switch,19.64,0.07,37.73,284.66,3.18,19.99,63.83,0.54,15.85,healthy,normal
2025-01-01T00:09:55+00:00,co-3,core_switch,127.23,4.02,89.0,114.19,16.87,69.72,60.85,3.16,99.35,warning,congestion
2025-01-01T00:10:00+00:00,da-1,database,141.62,9.64,93.81,167.54,18.59,45.6,70.39,3.07,96.26,warning,congestion
2025-01-01T00:10:05+00:00,da-6,database,75.34,3.47,58.54,141.78,20.29,95.59,99.69,4.35,52.84,warning,device_overload
2025-01-01T00:10:10+00:00,cl-8,client,11.18,0.3,55.18,304.87,2.44,28.95,41.52,0.73,39.62,healthy,normal
2025-01-01T00:10:15+00:00,cl-4,client,19.16,1.29,20.25,254.26,2.22,50.97,43.23,0.36,37.87,healthy,normal
2025-01-01T00:10:20+00:00,ac-3,access_switch,99.66,5.98,99.09,684.45,24.02,89.81,53.0,3.21,98.22,warning,traffic_spike
2025-01-01T00:10:25+00:00,ac-2,access_switch,96.61,11.93,88.21,118.34,23.08,70.52,54.66,1.25,98.18,warning,congestion
2025-01-01T00:10:30+00:00,se-5,server,30.46,1.19,20.7,257.66,2.91,38.09,57.0,0.14,16.62,healthy,normal
2025-01-01T00:10:35+00:00,cl-1,client,264.08,90.83,6.45,2.9,97.22,0.39,2.15,59.75,2.97,offline,device_failure
2025-01-01T00:10:40+00:00,ro-3,router,26.94,0.6,48.53,164.91,1.39,48.11,45.96,0.35,44.21,healthy,normal
2025-01-01T00:10:45+00:00,ac-8,access_switch,16.87,0.92,50.62,329.7,1.84,21.11,27.26,0.16,52.1,healthy,normal
2025-01-01T00:10:50+00:00,cl-6,client,115.11,7.68,94.6,572.28,14.0,72.73,76.96,3.65,91.74,warning,traffic_spike
2025-01-01T00:10:55+00:00,co-2,core_switch,41.52,1.19,29.13,218.68,2.68,40.75,44.57,0.88,21.75,healthy,normal
2025-01-01T00:11:00+00:00,ro-5,router,90.83,7.74,93.74,631.29,16.19,85.25,54.76,1.93,90.74,warning,traffic_spike
2025-01-01T00:11:05+00:00,da-6,database,14.11,1.24,43.91,239.31,4.79,20.81,46.13,0.78,58.23,healthy,normal
2025-01-01T00:11:10+00:00,ac-3,access_switch,108.49,15.22,86.83,163.17,25.49,55.51,44.84,2.18,99.39,warning,congestion
2025-01-01T00:11:15+00:00,cl-5,client,29.66,0.14,48.13,240.2,3.82,22.7,51.48,0.81,32.56,healthy,normal
2025-01-01T00:11:20+00:00,ro-1,router,62.31,9.59,97.25,559.68,12.22,85.16,73.49,0.64,98.89,warning,traffic_spike
2025-01-01T00:11:25+00:00,cl-5,client,155.03,13.66,94.64,78.67,13.9,47.22,57.83,3.91,88.86,warning,congestion
2025-01-01T00:11:30+00:00,ac-6,access_switch,191.46,14.33,99.58,57.0,21.63,65.78,53.49,3.8,89.74,warning,congestion
2025-01-01T00:11:35+00:00,ro-1,router,19.29,0.58,46.92,164.62,5.3,22.19,38.41,0.52,31.26,healthy,normal
2025-01-01T00:11:40+00:00,se-8,server,329.63,80.64,0.51,22.69,60.33,63.5,35.11,35.88,0.91,offline,link_failure
2025-01-01T00:11:45+00:00,cl-8,client,19.14,0.01,23.05,139.47,2.18,31.46,41.74,0.04,17.66,healthy,normal
2025-01-01T00:11:50+00:00,ac-5,access_switch,95.66,10.05,95.99,76.36,37.72,70.17,46.28,6.85,91.51,warning,congestion
2025-01-01T00:11:55+00:00,ac-6,access_switch,406.49,77.57,11.2,12.0,32.72,26.17,40.65,41.32,8.23,offline,link_failure
2025-01-01T00:12:00+00:00,da-3,database,132.56,11.36,85.76,168.78,31.22,56.07,54.11,5.97,93.45,warning,congestion
2025-01-01T00:12:05+00:00,ac-8,access_switch,153.81,3.58,71.95,187.29,16.34,97.15,95.61,5.82,46.15,warning,device_overload
2025-01-01T00:12:10+00:00,cl-4,client,33.08,0.88,26.01,248.39,4.02,52.85,30.5,0.61,16.64,healthy,normal
2025-01-01T00:12:15+00:00,ro-4,router,56.7,4.51,89.82,768.35,16.21,91.25,84.98,4.43,97.36,warning,traffic_spike
2025-01-01T00:12:20+00:00,co-4,core_switch,27.95,1.5,40.48,192.9,5.77,35.68,47.46,0.49,50.15,healthy,normal
2025-01-01T00:12:25+00:00,cl-5,client,394.72,90.31,2.47,4.46,57.37,11.67,4.17,50.9,1.66,offline,device_failure
2025-01-01T00:12:30+00:00,ac-8,access_switch,100.11,7.54,76.82,91.92,8.95,95.47,90.08,7.86,80.19,warning,device_overload
2025-01-01T00:12:35+00:00,co-5,core_switch,58.79,9.64,88.95,882.76,21.12,90.42,58.13,4.23,92.71,warning,traffic_spike
2025-01-01T00:12:40+00:00,ac-3,access_switch,100.84,12.89,87.07,46.6,35.53,53.35,50.38,1.6,90.62,warning,congestion
2025-01-01T00:12:45+00:00,cl-3,client,10.17,0.83,61.67,199.52,5.66,54.53,45.01,0.18,65.12,healthy,normal
2025-01-01T00:12:50+00:00,cl-1,client,39.05,0.13,44.98,227.73,4.56,57.15,64.18,0.16,60.88,healthy,normal
2025-01-01T00:12:55+00:00,ro-7,router,35.21,0.28,53.2,301.9,2.31,16.69,37.13,0.54,63.28,healthy,normal
2025-01-01T00:13:00+00:00,se-8,server,38.46,0.2,41.7,170.02,5.01,29.88,56.17,0.58,52.37,healthy,normal
2025-01-01T00:13:05+00:00,ac-5,access_switch,28.17,1.14,26.25,298.35,5.46,52.21,46.67,0.08,49.8,healthy,normal
2025-01-01T00:13:10+00:00,co-8,core_switch,20.36,0.37,30.26,161.81,4.72,57.93,37.29,0.65,15.59,healthy,normal
2025-01-01T00:13:15+00:00,cl-4,client,67.14,1.83,57.27,109.73,15.04,98.53,95.26,3.18,50.05,warning,device_overload
2025-01-01T00:13:20+00:00,ac-6,access_switch,110.32,3.75,89.6,505.06,22.95,86.17,65.8,2.97,94.71,warning,traffic_spike
2025-01-01T00:13:25+00:00,cl-4,client,195.47,12.16,93.13,142.36,25.66,64.54,55.02,6.5,87.57,warning,congestion
2025-01-01T00:13:30+00:00,da-3,database,274.43,98.25,4.42,5.44,84.43,5.87,12.58,59.5,0.45,warning,device_failure
2025-01-01T00:13:35+00:00,se-8,server,28.05,0.84,49.62,177.8,0.91,26.45,24.13,0.2,18.8,healthy,normal
2025-01-01T00:13:40+00:00,cl-2,client,27.32,0.09,60.03,326.95,3.25,27.92,31.92,0.12,48.36,healthy,normal
2025-01-01T00:13:45+00:00,se-7,server,314.56,97.68,8.3,1.93,87.85,59.35,31.25,58.71,2.14,offline,link_failure
2025-01-01T00:13:50+00:00,se-3,server,120.51,3.78,88.04,441.14,13.97,88.2,70.69,2.89,98.23,warning,traffic_spike
2025-01-01T00:13:55+00:00,ac-3,access_switch,18.82,1.41,52.08,134.83,5.01,33.87,57.71,0.8,15.81,healthy,normal
2025-01-01T00:14:00+00:00,ro-1,router,24.29,1.01,58.99,163.84,1.03,34.75,47.75,0.68,55.36,healthy,normal
2025-01-01T00:14:05+00:00,ac-4,access_switch,36.11,1.1,32.99,241.54,4.3,29.43,37.28,0.13,49.33,healthy,normal
2025-01-01T00:14:10+00:00,ac-5,access_switch,11.95,1.42,59.35,310.55,4.06,34.22,45.81,0.88,63.96,healthy,normal
2025-01-01T00:14:15+00:00,da-6,database,140.08,3.86,57.0,79.82,15.61,89.37,87.61,7.0,51.21,warning,device_overload
2025-01-01T00:14:20+00:00,ro-7,router,40.97,0.84,24.3,163.43,1.86,44.1,64.58,0.76,19.81,healthy,normal
2025-01-01T00:14:25+00:00,co-7,core_switch,382.1,88.88,19.22,4.52,75.7,52.59,51.27,41.57,15.65,warning,link_failure
2025-01-01T00:14:30+00:00,ro-4,router,39.99,1.44,23.51,329.91,3.29,25.92,50.59,0.18,62.59,healthy,normal
2025-01-01T00:14:35+00:00,ac-7,access_switch,152.61,11.78,88.24,86.75,34.95,62.24,70.9,5.33,96.66,warning,congestion
2025-01-01T00:14:40+00:00,co-6,core_switch,20.01,0.07,58.61,273.08,0.88,39.9,49.7,0.65,30.35,healthy,normal
2025-01-01T00:14:45+00:00,co-7,core_switch,28.23,0.37,43.88,317.56,2.56,49.35,45.5,0.65,53.46,healthy,normal
2025-01-01T00:14:50+00:00,cl-6,client,15.42,1.08,40.95,311.72,3.62,43.88,26.58,0.03,59.03,healthy,normal
2025-01-01T00:14:55+00:00,cl-1,client,123.79,5.3,98.11,543.4,22.14,68.27,69.22,2.18,96.18,warning,traffic_spike
2025-01-01T00:15:00+00:00,da-8,database,135.82,1.11,66.29,110.53,7.27,96.11,92.57,3.01,66.6,warning,device_overload
2025-01-01T00:15:05+00:00,se-3,server,72.31,1.67,50.96,80.91,15.42,97.41,88.28,3.78,61.04,warning,device_overload
2025-01-01T00:15:10+00:00,da-4,database,41.69,0.34,50.15,296.53,4.2,53.62,57.42,0.08,34.72,healthy,normal
2025-01-01T00:15:15+00:00,ro-1,router,186.91,4.99,97.37,123.84,20.61,81.16,77.06,6.37,98.87,warning,congestion
2025-01-01T00:15:20+00:00,cl-8,client,18.68,1.39,50.17,171.68,3.62,44.61,31.89,0.77,15.81,healthy,normal
2025-01-01T00:15:25+00:00,co-7,core_switch,39.72,0.45,44.51,234.67,5.22,45.47,47.78,0.35,53.47,healthy,normal
2025-01-01T00:15:30+00:00,cl-6,client,196.11,84.24,18.45,8.17,76.14,62.97,43.65,54.81,0.53,offline,link_failure
2025-01-01T00:15:35+00:00,se-8,server,17.3,0.83,35.65,150.86,3.85,32.1,57.98,0.27,27.82,healthy,normal
2025-01-01T00:15:40+00:00,ac-3,access_switch,22.16,1.18,25.25,195.72,2.68,19.12,65.49,0.4,54.59,healthy,normal
2025-01-01T00:15:45+00:00,ro-3,router,23.79,0.84,42.08,132.72,1.27,39.94,50.26,0.71,59.91,healthy,normal
2025-01-01T00:15:50+00:00,se-7,server,34.93,1.09,44.3,328.4,2.06,38.45,54.15,0.15,28.98,healthy,normal
2025-01-01T00:15:55+00:00,co-2,core_switch,15.35,0.41,32.09,282.19,2.68,57.49,55.72,0.45,47.07,healthy,normal
2025-01-01T00:16:00+00:00,co-5,core_switch,10.22,0.59,57.56,193.58,5.28,34.81,42.95,0.74,48.85,healthy,normal
2025-01-01T00:16:05+00:00,ac-6,access_switch,172.47,12.34,91.14,63.09,22.35,56.81,68.46,4.8,99.55,warning,congestion
2025-01-01T00:16:10+00:00,ac-7,access_switch,289.5,98.1,4.4,23.93,40.8,54.54,26.27,52.72,16.97,offline,link_failure
2025-01-01T00:16:15+00:00,ac-2,access_switch,36.21,1.19,37.23,219.85,4.09,25.89,52.98,0.64,56.03,healthy,normal
2025-01-01T00:16:20+00:00,da-8,database,28.63,0.8,61.4,301.32,2.98,16.65,66.61,0.63,57.24,healthy,normal
2025-01-01T00:16:25+00:00,ro-2,router,196.5,11.89,89.04,124.11,13.15,81.39,66.39,3.4,96.54,warning,congestion
2025-01-01T00:16:30+00:00,se-2,server,55.95,4.07,94.13,684.21,19.61,85.26,66.94,2.26,97.72,warning,traffic_spike
2025-01-01T00:16:35+00:00,da-3,database,135.02,4.29,84.78,94.08,37.0,49.29,75.86,1.85,90.37,warning,congestion
2025-01-01T00:16:40+00:00,co-8,core_switch,21.15,0.15,51.93,209.54,1.15,17.01,55.27,0.02,32.84,healthy,normal
2025-01-01T00:16:45+00:00,co-4,core_switch,26.51,0.83,33.56,203.8,3.2,50.9,51.71,0.17,49.18,healthy,normal
2025-01-01T00:16:50+00:00,cl-4,client,24.39,0.64,18.21,157.26,2.25,46.67,59.02,0.52,56.57,healthy,normal
2025-01-01T00:16:55+00:00,ac-6,access_switch,113.58,5.37,94.4,103.63,37.11,56.6,55.99,3.36,87.6,warning,congestion
2025-01-01T00:17:00+00:00,se-3,server,36.04,1.06,31.98,245.19,1.24,21.03,29.19,0.27,24.52,healthy,normal
2025-01-01T00:17:05+00:00,da-7,database,108.1,1.97,60.35,80.08,17.17,95.71,94.32,8.0,68.86,warning,device_overload
2025-01-01T00:17:10+00:00,co-3,core_switch,20.07,0.68,20.52,188.99,0.85,21.14,59.87,0.87,41.28,healthy,normal
2025-01-01T00:17:15+00:00,cl-8,client,23.3,1.26,40.97,128.19,0.96,49.25,36.85,0.25,42.96,healthy,normal
2025-01-01T00:17:20+00:00,se-8,server,27.59,0.17,23.37,280.52,5.08,31.51,60.19,0.04,52.39,healthy,normal
2025-01-01T00:17:25+00:00,se-2,server,191.72,11.84,87.21,153.73,12.84,54.72,73.04,1.52,98.11,warning,congestion
2025-01-01T00:17:30+00:00,co-4,core_switch,35.94,0.88,34.48,266.37,4.09,22.47,30.13,0.19,25.76,healthy,normal
2025-01-01T00:17:35+00:00,ac-5,access_switch,29.1,0.25,64.01,174.38,3.78,57.86,46.63,0.81,57.39,healthy,normal
2025-01-01T00:17:40+00:00,se-1,server,41.76,1.3,23.96,300.54,2.1,47.01,60.45,0.69,50.16,healthy,normal
2025-01-01T00:17:45+00:00,da-5,database,30.09,0.56,21.55,284.81,4.8,33.13,56.99,0.63,60.62,healthy,normal
2025-01-01T00:17:50+00:00,se-6,server,28.62,1.3,57.82,130.49,5.86,43.57,54.68,0.77,56.38,healthy,normal
2025-01-01T00:17:55+00:00,se-4,server,25.83,0.48,31.33,230.41,1.48,53.36,58.69,0.8,54.64,healthy,normal
2025-01-01T00:18:00+00:00,cl-8,client,10.52,1.39,25.43,210.43,5.96,34.25,67.81,0.82,60.87,healthy,normal
2025-01-01T00:18:05+00:00,ac-2,access_switch,30.95,0.38,35.48,308.84,1.66,32.84,37.44,0.63,27.18,healthy,normal
2025-01-01T00:18:10+00:00,cl-2,client,60.12,4.34,50.31,85.54,17.88,86.13,95.13,6.72,87.49,warning,device_overload
2025-01-01T00:18:15+00:00,co-8,core_switch,12.27,0.57,52.35,132.53,2.43,54.64,30.03,0.7,54.16,healthy,normal
2025-01-01T00:18:20+00:00,cl-3,client,12.19,0.84,46.69,146.11,2.63,24.59,56.92,0.83,47.04,healthy,normal
2025-01-01T00:18:25+00:00,co-2,core_switch,38.69,0.21,23.79,270.6,2.63,34.32,58.81,0.22,48.52,healthy,normal
2025-01-01T00:18:30+00:00,da-5,database,34.93,1.04,57.85,254.85,2.37,38.3,46.42,0.67,30.37,healthy,normal
2025-01-01T00:18:35+00:00,co-8,core_switch,22.35,0.36,47.99,125.62,5.42,15.54,39.89,0.28,35.12,healthy,normal
2025-01-01T00:18:40+00:00,se-3,server,435.94,99.45,7.7,0.13,48.71,3.15,0.56,38.33,6.31,offline,device_failure
2025-01-01T00:18:45+00:00,cl-7,client,146.42,8.83,93.89,109.9,15.97,48.09,44.84,6.53,99.64,warning,congestion
2025-01-01T00:18:50+00:00,ac-7,access_switch,28.77,1.14,48.54,251.49,2.41,34.69,65.95,0.21,27.71,healthy,normal
2025-01-01T00:18:55+00:00,ro-8,router,110.11,2.44,95.99,752.45,11.51,68.38,55.21,0.55,94.96,warning,traffic_spike
2025-01-01T00:19:00+00:00,da-5,database,15.34,0.19,54.71,169.13,5.41,49.71,25.29,0.73,29.14,healthy,normal
2025-01-01T00:19:05+00:00,cl-2,client,25.88,0.77,20.61,299.06,1.67,22.08,58.03,0.8,50.05,healthy,normal
2025-01-01T00:19:10+00:00,cl-1,client,11.41,1.29,29.49,213.79,2.79,21.75,64.97,0.77,43.75,healthy,normal
2025-01-01T00:19:15+00:00,cl-7,client,75.21,3.99,98.99,586.77,24.52,85.15,54.54,3.53,90.53,warning,traffic_spike
2025-01-01T00:19:20+00:00,da-1,database,40.53,0.1,39.86,172.11,5.19,29.73,48.34,0.01,25.43,healthy,normal
2025-01-01T00:19:25+00:00,ac-4,access_switch,152.27,11.1,91.39,140.44,17.08,78.32,69.38,2.47,86.09,warning,congestion
2025-01-01T00:19:30+00:00,co-6,core_switch,30.35,1.04,18.45,183.7,4.75,31.93,56.48,0.28,25.67,healthy,normal
2025-01-01T00:19:35+00:00,se-8,server,141.51,9.78,89.71,567.11,8.88,74.94,82.13,2.36,98.96,warning,traffic_spike
2025-01-01T00:19:40+00:00,cl-2,client,28.58,0.76,47.95,196.76,3.88,17.8,53.15,0.12,30.17,healthy,normal
2025-01-01T00:19:45+00:00,se-6,server,315.88,91.26,0.75,1.62,87.9,7.02,2.18,44.04,3.73,offline,device_failure
2025-01-01T00:19:50+00:00,da-6,database,40.87,0.31,32.49,168.3,1.42,22.09,54.19,0.74,51.24,healthy,normal
2025-01-01T00:19:55+00:00,ac-3,access_switch,12.92,0.37,34.72,222.96,4.32,26.71,67.59,0.03,36.03,healthy,normal
2025-01-01T00:20:00+00:00,cl-4,client,13.03,0.15,55.31,136.72,1.12,50.14,33.78,0.18,35.83,healthy,normal
2025-01-01T00:20:05+00:00,cl-2,client,126.97,2.81,77.51,57.94,8.03,98.63,91.09,1.9,83.92,warning,device_overload
2025-01-01T00:20:10+00:00,ac-8,access_switch,243.67,99.09,4.33,5.8,72.29,4.59,5.97,54.47,7.27,warning,device_failure
2025-01-01T00:20:15+00:00,se-3,server,11.11,0.93,29.55,174.92,2.94,39.78,26.68,0.25,22.14,healthy,normal
2025-01-01T00:20:20+00:00,da-4,database,30.18,1.2,55.36,327.67,4.87,31.16,47.96,0.44,62.46,healthy,normal
2025-01-01T00:20:25+00:00,se-5,server,111.07,7.83,86.72,156.45,32.24,47.17,77.7,4.18,96.74,warning,congestion
2025-01-01T00:20:30+00:00,co-2,core_switch,77.31,3.93,94.4,817.71,22.74,90.92,86.02,3.09,99.83,warning,traffic_spike
2025-01-01T00:20:35+00:00,co-3,core_switch,17.57,0.48,52.69,188.93,3.88,46.66,39.47,0.51,22.39,healthy,normal
2025-01-01T00:20:40+00:00,se-5,server,70.8,2.3,88.67,724.81,8.4,82.34,62.61,3.26,98.06,warning,traffic_spike
2025-01-01T00:20:45+00:00,co-6,core_switch,11.91,0.22,51.12,141.16,1.38,38.68,40.06,0.07,51.64,healthy,normal
2025-01-01T00:20:50+00:00,da-2,database,98.7,3.26,84.03,153.87,13.99,94.95,91.8,3.22,75.41,warning,device_overload
2025-01-01T00:20:55+00:00,da-6,database,117.37,11.07,85.98,79.89,29.9,49.71,68.24,6.69,99.28,warning,congestion
2025-01-01T00:21:00+00:00,da-1,database,15.83,0.48,56.01,244.5,4.13,19.68,45.83,0.3,19.05,healthy,normal
2025-01-01T00:21:05+00:00,ac-3,access_switch,30.36,1.44,56.62,257.41,4.59,30.11,24.5,0.19,51.05,healthy,normal
2025-01-01T00:21:10+00:00,ro-1,router,11.54,0.66,37.72,146.59,2.95,54.68,39.45,0.34,58.1,healthy,normal
2025-01-01T00:21:15+00:00,da-4,database,228.8,74.06,18.61,7.08,49.12,62.82,28.49,27.65,6.76,offline,link_failure
2025-01-01T00:21:20+00:00,da-2,database,281.39,99.59,19.65,16.91,55.88,49.41,53.54,39.54,0.96,offline,link_failure
2025-01-01T00:21:25+00:00,co-7,core_switch,32.31,1.08,52.31,168.36,2.26,25.69,26.18,0.51,58.67,healthy,normal
2025-01-01T00:21:30+00:00,ac-1,access_switch,23.68,0.44,49.11,242.05,1.84,16.16,31.52,0.26,19.26,healthy,normal
2025-01-01T00:21:35+00:00,ac-8,access_switch,362.06,95.93,0.91,4.35,55.17,10.63,5.17,59.52,2.11,offline,device_failure
2025-01-01T00:21:40+00:00,co-5,core_switch,28.06,0.23,50.73,131.27,4.27,51.37,42.22,0.68,26.83,healthy,normal
2025-01-01T00:21:45+00:00,se-7,server,40.9,1.03,62.01,236.0,2.03,28.45,41.37,0.77,16.81,healthy,normal
2025-01-01T00:21:50+00:00,da-3,database,102.44,13.09,85.94,167.97,37.28,74.91,46.54,3.54,99.84,warning,congestion
2025-01-01T00:21:55+00:00,cl-3,client,36.69,0.39,60.81,311.12,1.15,32.46,41.48,0.29,29.36,healthy,normal
2025-01-01T00:22:00+00:00,ro-7,router,13.6,0.22,44.63,238.19,5.82,19.51,28.65,0.7,55.86,healthy,normal
2025-01-01T00:22:05+00:00,ac-5,access_switch,333.42,93.83,6.09,0.3,60.15,1.73,8.52,73.15,0.31,offline,device_failure
2025-01-01T00:22:10+00:00,ac-4,access_switch,59.44,5.8,91.22,612.5,14.76,91.81,61.82,4.29,98.58,warning,traffic_spike
2025-01-01T00:22:15+00:00,co-3,core_switch,94.56,6.21,75.96,98.32,18.66,94.47,85.43,4.09,84.28,warning,device_overload
2025-01-01T00:22:20+00:00,se-6,server,36.27,0.77,25.47,178.45,3.44,21.1,61.46,0.79,16.51,healthy,normal
2025-01-01T00:22:25+00:00,co-1,core_switch,17.98,0.68,61.15,265.02,2.22,52.06,46.23,0.57,21.44,healthy,normal
2025-01-01T00:22:30+00:00,ac-8,access_switch,29.01,0.27,58.91,239.11,2.62,22.36,63.36,0.67,50.82,healthy,normal
2025-01-01T00:22:35+00:00,se-1,server,15.21,0.86,63.35,298.56,4.17,45.5,35.84,0.37,16.04,healthy,normal
2025-01-01T00:22:40+00:00,cl-3,client,374.21,88.83,0.19,6.06,78.31,33.75,70.45,48.92,7.63,warning,link_failure
2025-01-01T00:22:45+00:00,ac-8,access_switch,18.06,0.7,49.83,291.35,2.87,19.6,46.51,0.6,58.85,healthy,normal
2025-01-01T00:22:50+00:00,cl-5,client,19.55,0.16,21.0,327.44,4.13,53.77,35.49,0.64,61.4,healthy,normal
2025-01-01T00:22:55+00:00,co-4,core_switch,38.79,1.21,55.71,242.01,4.23,45.63,55.74,0.59,66.87,healthy,normal
2025-01-01T00:23:00+00:00,se-7,server,22.42,0.05,51.28,235.85,1.79,47.69,33.78,0.48,55.81,healthy,normal
2025-01-01T00:23:05+00:00,cl-6,client,100.66,8.76,98.09,859.48,11.62,70.93,54.86,1.66,98.08,warning,traffic_spike
2025-01-01T00:23:10+00:00,co-6,core_switch,376.33,78.22,4.91,20.91,55.23,59.91,42.47,46.35,8.35,offline,link_failure
2025-01-01T00:23:15+00:00,ro-2,router,25.11,0.29,23.63,259.75,3.56,33.59,62.32,0.14,66.6,healthy,normal
2025-01-01T00:23:20+00:00,da-8,database,14.58,1.29,26.48,127.78,2.53,59.4,37.79,0.05,38.51,healthy,normal
2025-01-01T00:23:25+00:00,co-3,core_switch,25.67,1.15,22.14,245.19,4.09,33.15,66.47,0.34,16.96,healthy,normal
2025-01-01T00:23:30+00:00,ac-1,access_switch,38.54,1.14,42.96,113.94,0.82,48.01,33.96,0.79,31.23,healthy,normal
2025-01-01T00:23:35+00:00,da-5,database,15.34,1.24,32.02,173.98,4.58,41.84,38.86,0.8,66.76,healthy,normal
2025-01-01T00:23:40+00:00,se-6,server,34.0,0.25,60.62,288.64,0.9,25.09,67.33,0.19,16.14,healthy,normal
2025-01-01T00:23:45+00:00,ro-6,router,188.11,13.51,89.38,123.24,32.05,68.06,63.38,1.29,87.51,warning,congestion
2025-01-01T00:23:50+00:00,ro-7,router,349.96,89.48,2.53,5.61,56.3,8.23,0.13,58.15,0.81,offline,device_failure
2025-01-01T00:23:55+00:00,da-3,database,145.73,14.78,91.7,120.3,19.35,74.04,59.92,4.65,96.89,warning,congestion
2025-01-01T00:24:00+00:00,co-7,core_switch,309.74,88.47,4.96,1.66,96.32,3.97,0.04,71.94,7.26,offline,device_failure
2025-01-01T00:24:05+00:00,cl-2,client,440.47,88.9,7.24,7.24,80.44,5.48,13.68,49.53,0.4,offline,device_failure
2025-01-01T00:24:10+00:00,ro-6,router,446.43,91.75,7.39,0.76,86.7,0.55,11.93,71.48,1.36,offline,device_failure
2025-01-01T00:24:15+00:00,se-5,server,38.11,0.14,56.3,150.23,2.88,58.3,35.96,0.35,59.23,healthy,normal
2025-01-01T00:24:20+00:00,cl-3,client,213.92,91.49,1.29,22.62,39.56,38.72,52.77,56.1,12.21,offline,link_failure
2025-01-01T00:24:25+00:00,se-6,server,29.56,1.29,59.36,270.0,5.44,36.74,45.48,0.8,37.92,healthy,normal
2025-01-01T00:24:30+00:00,cl-6,client,10.4,1.3,42.67,273.6,4.56,25.08,66.05,0.79,41.99,healthy,normal
2025-01-01T00:24:35+00:00,da-2,database,109.78,6.09,64.28,144.6,17.26,88.08,97.22,7.24,71.36,warning,device_overload
2025-01-01T00:24:40+00:00,co-8,core_switch,37.26,1.3,21.52,218.16,2.05,58.66,26.22,0.2,48.45,healthy,normal
2025-01-01T00:24:45+00:00,co-2,core_switch,24.69,1.2,39.06,298.45,3.12,20.34,45.88,0.59,20.34,healthy,normal
2025-01-01T00:24:50+00:00,da-1,database,36.43,1.19,63.27,250.26,5.43,40.3,52.8,0.41,32.72,healthy,normal
2025-01-01T00:24:55+00:00,co-6,core_switch,381.24,95.44,4.73,5.26,84.38,1.37,10.63,47.2,2.73,offline,device_failure
2025-01-01T00:25:00+00:00,ac-6,access_switch,419.57,88.55,1.64,1.12,84.43,8.66,1.5,68.6,1.5,offline,device_failure
2025-01-01T00:25:05+00:00,se-4,server,96.13,8.25,96.6,482.81,16.29,95.8,81.82,3.15,97.72,warning,traffic_spike
2025-01-01T00:25:10+00:00,cl-3,client,40.84,0.01,52.6,231.71,3.05,41.33,64.67,0.7,62.33,healthy,normal
2025-01-01T00:25:15+00:00,co-3,core_switch,71.91,5.6,69.25,98.45,21.1,91.86,93.74,5.85,55.67,warning,device_overload
2025-01-01T00:25:20+00:00,ac-5,access_switch,24.49,0.2,37.4,264.0,4.69,28.45,54.87,0.77,52.02,healthy,normal
2025-01-01T00:25:25+00:00,cl-4,client,73.08,6.99,91.49,599.19,21.45,97.44,74.7,4.81,95.04,warning,traffic_spike
2025-01-01T00:25:30+00:00,ac-2,access_switch,147.49,4.94,68.31,182.26,18.36,95.44,98.3,4.74,82.73,warning,device_overload
2025-01-01T00:25:35+00:00,ro-2,router,10.81,0.22,49.5,153.98,4.7,22.24,36.61,0.23,58.65,healthy,normal
2025-01-01T00:25:40+00:00,ac-4,access_switch,146.66,1.23,77.56,68.83,20.89,96.35,97.84,6.2,69.13,warning,device_overload
2025-01-01T00:25:45+00:00,cl-5,client,32.17,0.07,35.93,201.64,4.9,45.83,66.5,0.05,53.67,healthy,normal
2025-01-01T00:25:50+00:00,se-4,server,39.17,1.06,48.44,276.12,3.64,42.15,58.15,0.87,30.3,healthy,normal
2025-01-01T00:25:55+00:00,cl-2,client,15.98,0.26,42.15,192.98,3.03,40.05,29.72,0.53,28.26,healthy,normal
2025-01-01T00:26:00+00:00,cl-3,client,11.28,1.39,46.05,280.21,4.05,52.94,37.25,0.71,43.61,healthy,normal
2025-01-01T00:26:05+00:00,cl-6,client,26.81,1.44,42.47,282.98,1.63,39.44,41.75,0.31,60.94,healthy,normal
2025-01-01T00:26:10+00:00,ac-6,access_switch,93.76,7.65,69.73,119.11,15.98,96.53,94.39,1.8,59.88,warning,device_overload
2025-01-01T00:26:15+00:00,cl-4,client,40.68,1.02,33.08,311.51,5.71,32.36,47.77,0.25,62.39,healthy,normal
2025-01-01T00:26:20+00:00,ac-8,access_switch,361.44,91.56,6.52,2.56,49.53,1.15,13.6,77.53,4.27,offline,device_failure
2025-01-01T00:26:25+00:00,co-4,core_switch,159.47,3.97,49.16,127.6,18.24,99.67,96.4,5.53,85.41,warning,device_overload
2025-01-01T00:26:30+00:00,co-6,core_switch,191.37,74.05,3.92,6.05,34.23,56.97,67.82,38.34,8.12,warning,link_failure
2025-01-01T00:26:35+00:00,ac-1,access_switch,22.46,0.18,18.28,268.46,1.13,48.57,26.0,0.76,33.6,healthy,normal
2025-01-01T00:26:40+00:00,ac-5,access_switch,172.95,7.38,98.75,89.58,33.38,46.14,47.63,2.32,96.45,warning,congestion
2025-01-01T00:26:45+00:00,da-3,database,269.42,96.84,21.24,20.81,68.88,63.08,25.52,59.36,2.54,warning,link_failure
2025-01-01T00:26:50+00:00,da-7,database,27.19,1.42,32.32,274.63,5.5,30.47,42.16,0.58,41.65,healthy,normal
2025-01-01T00:26:55+00:00,co-5,core_switch,16.22,0.27,55.58,297.5,5.23,56.96,67.75,0.42,43.58,healthy,normal
2025-01-01T00:27:00+00:00,ro-5,router,13.14,1.09,40.9,182.79,1.47,44.5,28.4,0.56,61.81,healthy,normal
2025-01-01T00:27:05+00:00,se-6,server,29.72,0.46,45.46,234.42,2.7,29.23,42.85,0.0,27.8,healthy,normal
2025-01-01T00:27:10+00:00,cl-7,client,18.85,0.54,49.94,182.94,3.3,35.04,58.09,0.44,20.66,healthy,normal
2025-01-01T00:27:15+00:00,ro-5,router,158.75,1.98,66.54,90.54,21.18,87.07,85.21,1.13,66.81,warning,device_overload
2025-01-01T00:27:20+00:00,da-7,database,34.61,0.32,19.72,167.34,5.45,39.29,52.77,0.13,35.41,healthy,normal
2025-01-01T00:27:25+00:00,da-5,database,67.05,6.01,89.09,608.29,8.21,75.17,86.63,4.92,96.84,warning,traffic_spike
2025-01-01T00:27:30+00:00,co-3,core_switch,349.91,87.84,19.19,3.51,73.92,62.26,26.9,54.27,4.17,offline,link_failure
2025-01-01T00:27:35+00:00,co-1,core_switch,31.39,0.78,55.2,195.38,5.57,54.67,25.76,0.58,20.37,healthy,normal
2025-01-01T00:27:40+00:00,cl-5,client,130.14,4.11,94.53,515.19,21.07,78.96,74.83,4.26,95.17,warning,traffic_spike
2025-01-01T00:27:45+00:00,co-7,core_switch,21.29,1.3,40.88,216.06,3.94,37.58,30.11,0.15,19.01,healthy,normal
2025-01-01T00:27:50+00:00,co-3,core_switch,81.49,3.54,73.69,70.97,10.69,97.36,95.52,4.37,65.59,warning,device_overload
2025-01-01T00:27:55+00:00,co-7,core_switch,10.72,0.06,44.95,145.45,4.07,16.76,49.18,0.05,28.43,healthy,normal
2025-01-01T00:28:00+00:00,se-1,server,38.11,1.09,56.6,318.4,1.93,42.29,44.74,0.43,26.41,healthy,normal
2025-01-01T00:28:05+00:00,co-3,core_switch,29.94,0.77,25.88,260.83,5.6,41.84,27.03,0.34,21.88,healthy,normal
2025-01-01T00:28:10+00:00,da-7,database,36.45,0.91,26.34,308.35,3.92,54.5,47.38,0.68,19.85,healthy,normal
2025-01-01T00:28:15+00:00,da-1,database,163.15,6.42,70.97,125.48,12.93,86.61,92.48,2.61,79.5,warning,device_overload
2025-01-01T00:28:20+00:00,se-2,server,307.65,79.13,16.85,21.84,35.03,46.92,50.56,31.6,0.1,offline,link_failure
2025-01-01T00:28:25+00:00,ro-2,router,335.93,82.5,4.52,19.3,54.53,24.8,45.03,46.34,4.7,offline,link_failure
2025-01-01T00:28:30+00:00,da-6,database,173.72,15.9,89.76,66.48,26.35,65.63,48.43,4.35,92.77,warning,congestion
2025-01-01T00:28:35+00:00,da-6,database,124.68,5.19,89.66,853.28,10.38,74.89,79.76,4.77,91.0,warning,traffic_spike
2025-01-01T00:28:40+00:00,ac-1,access_switch,108.31,15.57,83.09,51.84,15.78,79.26,57.67,1.38,89.1,warning,congestion
2025-01-01T00:28:45+00:00,ro-7,router,39.78,0.6,48.84,173.02,5.81,17.59,58.04,0.16,40.71,healthy,normal
2025-01-01T00:28:50+00:00,cl-5,client,16.23,1.18,42.0,263.66,4.0,45.33,39.83,0.59,65.73,healthy,normal
2025-01-01T00:28:55+00:00,ac-7,access_switch,21.3,0.59,45.55,223.9,4.63,18.09,27.97,0.26,58.15,healthy,normal
2025-01-01T00:29:00+00:00,ac-6,access_switch,141.7,4.21,95.28,525.32,26.59,85.25,59.92,2.33,91.06,warning,traffic_spike
2025-01-01T00:29:05+00:00,ac-6,access_switch,40.3,1.2,62.97,302.74,5.03,40.87,54.54,0.87,44.28,healthy,normal
2025-01-01T00:29:10+00:00,ac-8,access_switch,384.48,97.1,18.96,11.57,45.47,37.22,62.07,29.92,12.62,offline,link_failure
2025-01-01T00:29:15+00:00,se-1,server,419.22,91.16,2.87,3.19,86.18,4.1,7.76,44.82,2.51,offline,device_failure
2025-01-01T00:29:20+00:00,da-5,database,15.85,1.12,61.72,151.84,4.63,25.57,34.65,0.24,26.92,healthy,normal
2025-01-01T00:29:25+00:00,da-2,database,262.37,88.94,9.56,3.94,45.36,10.29,13.41,81.64,2.97,offline,device_failure
2025-01-01T00:29:30+00:00,da-5,database,25.71,1.48,61.05,171.66,1.95,40.95,26.38,0.72,39.87,healthy,normal
2025-01-01T00:29:35+00:00,da-6,database,142.09,12.24,85.97,166.95,30.15,62.02,66.81,1.07,88.95,warning,congestion
2025-01-01T00:29:40+00:00,ac-6,access_switch,173.85,7.12,92.33,70.83,24.25,67.68,55.17,3.99,88.95,warning,congestion
2025-01-01T00:29:45+00:00,ac-6,access_switch,158.25,2.96,52.2,72.7,16.21,89.2,85.6,2.89,55.14,warning,device_overload
2025-01-01T00:29:50+00:00,se-4,server,14.67,1.44,25.03,287.25,1.72,37.48,67.8,0.76,41.88,healthy,normal
2025-01-01T00:29:55+00:00,se-1,server,299.52,91.34,1.32,19.53,58.59,48.34,46.14,35.06,6.5,warning,link_failure
2025-01-01T00:30:00+00:00,ac-6,access_switch,87.88,5.45,97.75,165.21,17.17,66.31,65.37,2.05,96.92,warning,congestion
2025-01-01T00:30:05+00:00,cl-8,client,34.79,0.67,21.69,245.01,3.21,58.05,62.2,0.58,63.29,healthy,normal
2025-01-01T00:30:10+00:00,da-7,database,37.16,0.11,25.61,160.21,2.45,28.11,35.77,0.58,29.1,healthy,normal
2025-01-01T00:30:15+00:00,ac-8,access_switch,23.25,0.28,19.09,270.11,4.24,57.32,54.83,0.07,23.68,healthy,normal
2025-01-01T00:30:20+00:00,ro-8,router,27.55,0.04,36.66,278.3,1.23,26.81,30.83,0.59,61.04,healthy,normal
2025-01-01T00:30:25+00:00,co-5,core_switch,24.18,0.19,42.76,147.53,0.98,31.06,64.27,0.78,39.29,healthy,normal
2025-01-01T00:30:30+00:00,ac-3,access_switch,491.78,96.37,1.77,4.78,79.71,7.63,7.9,63.79,5.12,offline,device_failure
2025-01-01T00:30:35+00:00,ac-8,access_switch,27.27,1.21,38.77,190.47,2.15,28.66,24.0,0.73,59.09,healthy,normal
2025-01-01T00:30:40+00:00,se-1,server,32.01,0.74,53.51,175.91,4.78,50.91,50.27,0.72,43.51,healthy,normal
2025-01-01T00:30:45+00:00,da-7,database,22.63,0.24,52.64,195.74,2.77,26.83,42.58,0.22,54.76,healthy,normal
2025-01-01T00:30:50+00:00,cl-5,client,80.62,7.94,97.71,632.32,25.07,73.47,61.0,3.37,96.18,warning,traffic_spike
2025-01-01T00:30:55+00:00,da-8,database,16.01,0.03,20.33,227.69,1.77,19.6,35.84,0.64,52.81,healthy,normal
2025-01-01T00:31:00+00:00,co-1,core_switch,25.79,0.51,32.64,285.88,5.99,35.87,58.82,0.3,58.86,healthy,normal
2025-01-01T00:31:05+00:00,ro-5,router,124.81,2.57,93.64,524.17,24.83,92.52,81.47,1.05,97.68,warning,traffic_spike
2025-01-01T00:31:10+00:00,se-4,server,33.6,0.05,39.66,279.62,3.51,59.2,44.8,0.61,31.23,healthy,normal
2025-01-01T00:31:15+00:00,cl-1,client,33.83,0.82,23.74,215.87,2.35,31.22,26.29,0.6,65.61,healthy,normal
2025-01-01T00:31:20+00:00,se-6,server,10.48,1.19,45.48,197.08,2.06,58.6,49.57,0.62,50.8,healthy,normal
2025-01-01T00:31:25+00:00,ro-4,router,15.05,0.14,47.08,314.79,5.98,43.13,26.63,0.58,51.47,healthy,normal
2025-01-01T00:31:30+00:00,co-6,core_switch,474.5,94.08,16.65,19.33,56.32,28.68,57.39,36.12,2.43,offline,link_failure
2025-01-01T00:31:35+00:00,se-8,server,105.31,6.34,93.88,707.68,18.87,77.71,67.8,4.4,95.99,warning,traffic_spike
2025-01-01T00:31:40+00:00,co-3,core_switch,351.33,97.83,5.42,3.63,87.68,6.07,10.27,83.56,4.96,warning,device_failure
2025-01-01T00:31:45+00:00,da-4,database,20.26,0.1,63.46,290.19,1.79,45.75,57.69,0.14,29.72,healthy,normal
2025-01-01T00:31:50+00:00,ac-2,access_switch,13.08,0.99,20.06,316.32,1.73,16.41,28.71,0.17,16.65,healthy,normal
2025-01-01T00:31:55+00:00,se-8,server,120.47,5.91,55.24,104.46,16.7,86.99,98.88,2.46,66.13,warning,device_overload
2025-01-01T00:32:00+00:00,ro-8,router,127.09,2.49,94.7,889.74,16.32,79.07,76.92,4.21,92.66,warning,traffic_spike
2025-01-01T00:32:05+00:00,ro-5,router,12.49,0.32,42.42,132.27,2.0,32.34,32.5,0.59,44.64,healthy,normal
2025-01-01T00:32:10+00:00,da-7,database,122.15,8.13,94.92,760.5,22.05,80.81,53.96,4.07,95.5,warning,traffic_spike
2025-01-01T00:32:15+00:00,cl-3,client,162.42,11.2,98.87,157.32,26.3,81.88,72.41,3.47,94.87,warning,congestion
2025-01-01T00:32:20+00:00,ac-4,access_switch,331.27,94.6,7.45,2.88,69.88,11.52,0.0,36.91,2.28,offline,device_failure
2025-01-01T00:32:25+00:00,co-5,core_switch,10.21,1.48,28.1,179.28,4.81,57.45,60.18,0.83,41.59,healthy,normal
2025-01-01T00:32:30+00:00,da-3,database,98.67,9.52,85.65,74.45,35.13,54.24,51.22,2.8,93.99,warning,congestion
2025-01-01T00:32:35+00:00,co-2,core_switch,189.92,13.51,85.94,147.34,29.93,66.32,74.68,4.57,90.21,warning,congestion
2025-01-01T00:32:40+00:00,da-1,database,456.56,81.36,19.36,10.42,85.81,25.42,61.21,53.65,15.29,offline,link_failure
2025-01-01T00:32:45+00:00,cl-7,client,59.87,6.2,91.83,706.81,14.54,88.93,55.82,3.53,99.97,warning,traffic_spike
2025-01-01T00:32:50+00:00,da-2,database,74.99,4.32,92.73,494.77,9.65,85.14,51.87,2.3,90.85,warning,traffic_spike
2025-01-01T00:32:55+00:00,cl-3,client,195.49,9.77,86.37,91.39,26.85,65.76,77.89,4.15,89.39,warning,congestion
2025-01-01T00:33:00+00:00,se-6,server,31.91,0.86,23.29,200.99,2.7,23.57,39.16,0.59,55.02,healthy,normal
2025-01-01T00:33:05+00:00,ac-8,access_switch,29.94,0.66,61.44,161.37,4.36,22.02,56.05,0.08,53.46,healthy,normal
2025-01-01T00:33:10+00:00,da-3,database,37.8,1.23,18.65,262.63,1.38,35.25,25.0,0.19,42.98,healthy,normal
2025-01-01T00:33:15+00:00,da-5,database,27.56,0.93,64.64,262.92,4.27,31.95,63.87,0.47,28.28,healthy,normal
2025-01-01T00:33:20+00:00,co-5,core_switch,11.7,0.98,18.39,195.5,2.21,53.34,53.04,0.78,15.99,healthy,normal
2025-01-01T00:33:25+00:00,cl-7,client,367.31,96.52,9.04,3.88,77.84,1.06,2.78,88.17,4.49,offline,device_failure
2025-01-01T00:33:30+00:00,ro-5,router,280.07,83.02,3.45,8.32,51.11,48.14,36.1,64.02,9.02,warning,link_failure
2025-01-01T00:33:35+00:00,cl-7,client,470.41,97.78,0.29,4.44,60.41,1.82,12.56,71.13,0.7,warning,device_failure
2025-01-01T00:33:40+00:00,cl-4,client,23.35,0.86,38.04,178.72,3.95,35.21,29.8,0.59,45.21,healthy,normal
2025-01-01T00:33:45+00:00,co-3,core_switch,95.53,5.94,65.95,73.26,22.93,99.66,86.32,7.53,84.44,warning,device_overload
2025-01-01T00:33:50+00:00,da-2,database,15.89,1.26,24.84,116.49,2.46,58.78,66.29,0.27,53.77,healthy,normal
2025-01-01T00:33:55+00:00,cl-5,client,271.03,90.26,1.32,0.21,99.23,7.4,8.48,68.68,4.77,offline,device_failure
2025-01-01T00:34:00+00:00,ro-6,router,12.54,1.17,24.3,296.15,3.24,44.23,32.09,0.35,39.64,healthy,normal
2025-01-01T00:34:05+00:00,co-1,core_switch,23.07,1.45,61.5,319.04,1.96,45.21,32.92,0.18,24.21,healthy,normal
2025-01-01T00:34:10+00:00,se-8,server,116.91,8.93,98.65,639.5,23.52,86.24,81.32,3.74,93.94,warning,traffic_spike
2025-01-01T00:34:15+00:00,da-1,database,101.86,5.61,97.92,450.78,27.92,83.56,65.03,3.81,95.58,warning,traffic_spike
2025-01-01T00:34:20+00:00,cl-1,client,112.53,9.27,98.03,140.58,19.43,51.16,52.6,6.51,95.66,warning,congestion
2025-01-01T00:34:25+00:00,se-8,server,63.14,6.01,90.16,716.87,25.89,84.39,64.94,1.96,90.25,warning,traffic_spike
2025-01-01T00:34:30+00:00,cl-4,client,38.24,0.14,33.23,252.69,4.5,22.38,56.26,0.08,51.72,healthy,normal
2025-01-01T00:34:35+00:00,ro-7,router,143.59,7.83,69.48,76.59,15.81,86.61,86.73,3.35,82.47,warning,device_overload
2025-01-01T00:34:40+00:00,co-3,core_switch,437.67,88.62,3.08,5.84,97.85,3.47,2.53,84.42,7.68,offline,device_failure
2025-01-01T00:34:45+00:00,ac-1,access_switch,24.68,1.28,43.54,111.27,5.39,25.7,49.91,0.43,36.33,healthy,normal
2025-01-01T00:34:50+00:00,da-1,database,17.83,0.82,47.13,232.66,5.09,17.2,30.52,0.59,16.91,healthy,normal
2025-01-01T00:34:55+00:00,cl-5,client,319.4,89.05,1.09,7.95,53.87,3.41,9.25,73.49,4.58,offline,device_failure
2025-01-01T00:35:00+00:00,se-6,server,220.06,5.12,88.09,87.91,21.85,47.5,57.38,4.3,90.1,warning,congestion
2025-01-01T00:35:05+00:00,cl-5,client,20.53,0.62,27.86,155.99,1.1,40.71,67.09,0.48,19.56,healthy,normal
2025-01-01T00:35:10+00:00,da-5,database,308.12,95.74,5.71,13.8,67.39,61.72,53.87,42.34,13.13,offline,link_failure
2025-01-01T00:35:15+00:00,co-4,core_switch,32.67,1.47,18.07,115.28,4.05,20.31,61.32,0.72,66.95,healthy,normal
2025-01-01T00:35:20+00:00,ac-6,access_switch,27.93,0.96,18.53,154.26,2.26,50.56,37.54,0.46,31.84,healthy,normal
2025-01-01T00:35:25+00:00,cl-6,client,20.92,1.09,46.95,116.41,1.71,29.87,38.87,0.61,62.64,healthy,normal
2025-01-01T00:35:30+00:00,cl-3,client,368.16,96.98,11.81,8.04,77.04,38.63,59.9,57.58,5.39,warning,link_failure
2025-01-01T00:35:35+00:00,ac-1,access_switch,242.48,91.19,17.59,21.31,51.22,63.63,38.18,21.4,17.71,offline,link_failure
2025-01-01T00:35:40+00:00,co-7,core_switch,81.55,1.82,76.29,96.62,20.73,95.94,88.34,1.61,82.71,warning,device_overload
2025-01-01T00:35:45+00:00,ac-4,access_switch,26.8,0.26,35.59,118.23,1.85,19.17,46.26,0.72,62.06,healthy,normal
2025-01-01T00:35:50+00:00,ac-8,access_switch,33.44,0.79,54.45,141.52,5.33,52.0,65.27,0.61,21.9,healthy,normal
2025-01-01T00:35:55+00:00,se-2,server,181.23,98.11,15.12,14.26,35.22,41.01,27.17,43.43,11.86,offline,link_failure
2025-01-01T00:36:00+00:00,da-5,database,30.44,0.31,27.43,173.04,3.57,49.78,53.53,0.25,23.19,healthy,normal
2025-01-01T00:36:05+00:00,da-2,database,16.61,0.53,32.97,141.14,4.46,27.75,34.77,0.06,46.89,healthy,normal
2025-01-01T00:36:10+00:00,se-1,server,14.16,0.71,49.75,133.3,1.08,34.19,31.88,0.54,45.82,healthy,normal
2025-01-01T00:36:15+00:00,cl-6,client,314.36,97.81,7.13,5.37,74.34,11.68,10.58,60.61,1.05,offline,device_failure
2025-01-01T00:36:20+00:00,cl-8,client,313.81,95.73,7.66,3.76,97.11,1.72,12.54,49.19,2.91,offline,device_failure
2025-01-01T00:36:25+00:00,cl-6,client,35.24,1.32,39.3,116.66,3.27,30.81,44.29,0.15,54.93,healthy,normal
2025-01-01T00:36:30+00:00,co-2,core_switch,143.82,12.57,84.82,112.3,13.84,56.18,58.6,4.54,89.34,warning,congestion
2025-01-01T00:36:35+00:00,co-8,core_switch,22.28,0.51,56.25,240.01,4.88,34.59,58.64,0.49,27.28,healthy,normal
2025-01-01T00:36:40+00:00,ro-8,router,73.15,5.17,58.02,68.18,14.12,90.31,90.49,5.19,74.48,warning,device_overload
2025-01-01T00:36:45+00:00,se-6,server,156.67,11.92,84.54,146.21,35.07,78.42,64.9,1.0,88.05,warning,congestion
2025-01-01T00:36:50+00:00,da-5,database,22.48,0.87,27.2,259.93,2.45,40.66,64.18,0.27,64.05,healthy,normal
2025-01-01T00:36:55+00:00,ac-2,access_switch,28.65,0.92,41.99,296.48,5.23,17.81,63.65,0.87,15.04,healthy,normal
2025-01-01T00:37:00+00:00,ac-2,access_switch,209.88,14.39,87.0,131.29,22.25,56.77,55.78,3.29,93.63,warning,congestion
2025-01-01T00:37:05+00:00,se-3,server,81.65,3.69,81.98,168.39,9.47,99.96,94.72,1.94,48.09,warning,device_overload
2025-01-01T00:37:10+00:00,cl-8,client,31.05,1.46,24.38,140.19,4.99,53.71,63.32,0.63,63.38,healthy,normal
2025-01-01T00:37:15+00:00,se-7,server,123.49,4.15,59.21,80.08,16.67,94.09,97.55,2.66,66.57,warning,device_overload
2025-01-01T00:37:20+00:00,da-6,database,11.07,0.06,40.71,191.09,3.82,58.28,27.52,0.66,42.37,healthy,normal
2025-01-01T00:37:25+00:00,ac-2,access_switch,371.31,95.32,2.45,5.05,81.51,8.02,9.58,64.66,4.64,offline,device_failure
2025-01-01T00:37:30+00:00,ac-1,access_switch,113.92,4.59,63.77,154.06,13.74,99.45,96.77,3.02,46.52,warning,device_overload
2025-01-01T00:37:35+00:00,cl-5,client,120.43,6.51,88.74,661.85,11.38,69.55,87.63,4.14,96.24,warning,traffic_spike
2025-01-01T00:37:40+00:00,ro-3,router,26.18,1.28,31.06,139.16,2.26,53.6,24.62,0.1,24.08,healthy,normal
2025-01-01T00:37:45+00:00,co-8,core_switch,138.62,6.1,96.3,70.71,16.7,64.51,43.19,6.9,99.54,warning,congestion
2025-01-01T00:37:50+00:00,co-8,core_switch,194.15,8.96,89.51,125.89,30.88,51.19,62.8,6.05,86.76,warning,congestion
2025-01-01T00:37:55+00:00,ro-1,router,15.36,0.6,32.16,274.15,4.71,38.96,40.71,0.64,39.68,healthy,normal
2025-01-01T00:38:00+00:00,se-1,server,19.24,1.2,35.95,179.45,3.56,58.01,28.28,0.48,33.4,healthy,normal
2025-01-01T00:38:05+00:00,da-5,database,320.44,91.21,0.98,5.23,66.51,9.28,10.49,75.39,4.71,offline,device_failure
2025-01-01T00:38:10+00:00,ac-3,access_switch,20.02,0.02,18.4,124.95,2.94,38.64,54.16,0.32,52.71,healthy,normal
2025-01-01T00:38:15+00:00,ro-1,router,29.82,0.09,45.92,306.67,1.93,41.97,29.36,0.86,19.49,healthy,normal
2025-01-01T00:38:20+00:00,se-3,server,214.92,12.35,87.31,100.7,36.34,68.63,75.22,2.66,91.98,warning,congestion
2025-01-01T00:38:25+00:00,ac-5,access_switch,69.58,2.59,97.33,617.57,14.65,69.8,86.31,1.69,94.41,warning,traffic_spike
2025-01-01T00:38:30+00:00,co-7,core_switch,15.71,0.74,24.76,279.12,1.94,43.95,64.15,0.64,20.37,healthy,normal
2025-01-01T00:38:35+00:00,da-5,database,34.87,0.03,41.39,253.63,0.8,16.7,41.18,0.14,32.15,healthy,normal
2025-01-01T00:38:40+00:00,ro-8,router,25.3,0.61,52.21,288.7,1.16,25.16,40.91,0.62,55.55,healthy,normal
2025-01-01T00:38:45+00:00,da-6,database,20.67,0.45,20.59,329.34,4.16,31.44,61.55,0.31,58.74,healthy,normal
2025-01-01T00:38:50+00:00,ac-3,access_switch,346.34,99.09,14.54,7.17,53.41,24.8,57.38,41.89,15.93,offline,link_failure
2025-01-01T00:38:55+00:00,co-3,core_switch,11.14,0.04,64.83,162.47,2.82,50.67,52.31,0.45,65.18,healthy,normal
2025-01-01T00:39:00+00:00,ro-1,router,321.18,96.65,4.06,1.69,80.96,6.28,13.16,82.86,4.29,warning,device_failure
2025-01-01T00:39:05+00:00,co-1,core_switch,400.64,85.69,0.42,21.77,67.1,30.92,55.49,20.65,11.39,offline,link_failure
2025-01-01T00:39:10+00:00,ro-8,router,110.01,8.68,88.77,830.56,10.28,85.85,73.39,0.78,92.03,warning,traffic_spike
2025-01-01T00:39:15+00:00,cl-7,client,20.38,1.46,45.07,140.21,5.15,50.69,57.63,0.53,32.45,healthy,normal
2025-01-01T00:39:20+00:00,co-7,core_switch,15.38,0.55,25.76,163.6,3.83,21.0,58.81,0.57,34.56,healthy,normal
2025-01-01T00:39:25+00:00,se-2,server,10.2,0.27,22.19,253.39,5.41,33.73,59.53,0.7,51.0,healthy,normal
2025-01-01T00:39:30+00:00,cl-5,client,26.74,0.62,62.09,244.32,1.0,23.1,46.0,0.86,47.61,healthy,normal
2025-01-01T00:39:35+00:00,ac-4,access_switch,237.57,99.62,21.49,14.85,81.76,64.41,48.85,40.89,11.28,offline,link_failure
2025-01-01T00:39:40+00:00,ro-4,router,13.61,0.22,57.66,310.53,3.39,22.19,64.6,0.05,33.94,healthy,normal
2025-01-01T00:39:45+00:00,ac-6,access_switch,29.74,1.34,39.3,132.97,1.07,39.18,30.95,0.03,41.77,healthy,normal
2025-01-01T00:39:50+00:00,co-8,core_switch,28.97,0.49,27.34,258.91,2.49,50.05,38.35,0.09,53.36,healthy,normal
2025-01-01T00:39:55+00:00,se-2,server,357.17,93.81,8.9,1.16,96.03,5.46,5.42,42.5,5.76,offline,device_failure
2025-01-01T00:40:00+00:00,ac-4,access_switch,98.63,1.22,67.75,92.88,8.78,92.52,90.69,6.32,54.45,warning,device_overload
2025-01-01T00:40:05+00:00,co-3,core_switch,28.5,0.83,28.8,200.57,3.51,53.8,33.52,0.43,39.06,healthy,normal
2025-01-01T00:40:10+00:00,se-4,server,17.93,0.65,28.45,314.05,5.72,56.12,63.52,0.38,17.3,healthy,normal
2025-01-01T00:40:15+00:00,cl-1,client,93.31,5.15,97.72,771.36,9.96,82.86,53.16,3.89,96.93,warning,traffic_spike
2025-01-01T00:40:20+00:00,co-3,core_switch,21.47,0.36,64.95,113.5,4.28,22.28,44.21,0.51,45.35,healthy,normal
2025-01-01T00:40:25+00:00,se-3,server,133.68,5.24,97.48,611.51,17.29,87.0,82.69,0.82,98.93,warning,traffic_spike
2025-01-01T00:40:30+00:00,ro-5,router,23.63,0.4,62.47,229.34,4.93,50.45,27.56,0.79,53.26,healthy,normal
2025-01-01T00:40:35+00:00,cl-6,client,38.42,0.17,35.18,246.21,2.7,22.89,48.59,0.06,51.89,healthy,normal
2025-01-01T00:40:40+00:00,ac-4,access_switch,27.27,0.97,52.66,275.5,5.33,46.63,57.14,0.68,31.66,healthy,normal
2025-01-01T00:40:45+00:00,da-7,database,79.94,2.51,92.14,668.25,18.53,71.68,76.97,3.55,95.33,warning,traffic_spike
2025-01-01T00:40:50+00:00,da-6,database,35.6,1.42,56.01,316.99,1.14,55.14,44.15,0.07,61.69,healthy,normal
2025-01-01T00:40:55+00:00,ro-2,router,15.27,0.17,24.95,143.11,1.86,57.84,25.0,0.37,50.48,healthy,normal
2025-01-01T00:41:00+00:00,se-6,server,92.81,7.9,88.26,522.64,8.44,92.06,81.73,2.84,93.36,warning,traffic_spike
2025-01-01T00:41:05+00:00,cl-6,client,155.49,11.99,92.01,111.3,23.91,65.99,74.34,2.84,97.05,warning,congestion
2025-01-01T00:41:10+00:00,ac-5,access_switch,34.63,0.07,34.6,210.3,1.67,56.59,55.32,0.26,65.61,healthy,normal
2025-01-01T00:41:15+00:00,cl-3,client,273.54,89.4,9.94,4.6,69.25,4.44,2.87,73.89,5.32,offline,device_failure
2025-01-01T00:41:20+00:00,co-6,core_switch,95.36,9.8,94.4,489.53,8.5,95.93,79.2,4.77,99.28,warning,traffic_spike
2025-01-01T00:41:25+00:00,cl-6,client,30.71,0.44,60.11,323.31,4.72,59.73,53.34,0.72,52.88,healthy,normal
2025-01-01T00:41:30+00:00,ac-2,access_switch,120.85,9.2,89.67,699.97,14.16,80.05,81.95,2.51,90.92,warning,traffic_spike
2025-01-01T00:41:35+00:00,cl-4,client,28.67,0.33,61.98,171.14,0.92,39.23,43.6,0.6,19.54,healthy,normal
2025-01-01T00:41:40+00:00,co-8,core_switch,131.07,11.26,99.04,158.1,21.39,50.47,72.74,3.22,91.22,warning,congestion
2025-01-01T00:41:45+00:00,ac-5,access_switch,41.28,1.31,22.12,270.13,3.11,59.67,59.36,0.26,56.89,healthy,normal
2025-01-01T00:41:50+00:00,se-7,server,67.56,6.7,89.03,531.81,17.49,94.03,87.49,0.8,99.6,warning,traffic_spike
2025-01-01T00:41:55+00:00,ro-5,router,304.35,87.56,15.63,18.13,38.22,28.37,42.94,44.92,0.76,warning,link_failure
2025-01-01T00:42:00+00:00,da-8,database,290.62,97.49,1.54,2.4,80.23,7.64,1.74,71.63,2.3,warning,device_failure
2025-01-01T00:42:05+00:00,cl-4,client,10.91,1.15,41.17,323.54,3.91,31.28,45.14,0.39,28.41,healthy,normal
2025-01-01T00:42:10+00:00,cl-2,client,102.92,6.13,45.7,90.04,16.31,88.05,91.38,5.85,60.37,warning,device_overload
2025-01-01T00:42:15+00:00,ac-7,access_switch,30.36,1.43,20.29,174.17,4.12,18.46,32.53,0.57,54.76,healthy,normal
2025-01-01T00:42:20+00:00,co-6,core_switch,211.5,13.92,94.64,79.14,29.82,70.47,45.45,4.48,97.53,warning,congestion
2025-01-01T00:42:25+00:00,da-5,database,21.94,0.73,33.99,310.37,1.33,21.95,33.73,0.17,61.65,healthy,normal
2025-01-01T00:42:30+00:00,da-2,database,107.99,7.41,49.66,72.72,7.28,90.87,95.06,1.97,64.0,warning,device_overload
2025-01-01T00:42:35+00:00,da-6,database,70.5,4.44,96.93,488.11,10.57,88.83,76.15,1.88,92.1,warning,traffic_spike
2025-01-01T00:42:40+00:00,se-2,server,62.0,8.2,97.09,450.83,10.16,91.79,69.51,0.77,91.19,warning,traffic_spike
2025-01-01T00:42:45+00:00,ro-5,router,31.36,1.13,54.77,312.42,1.87,55.55,32.13,0.32,19.72,healthy,normal
2025-01-01T00:42:50+00:00,ac-6,access_switch,325.09,98.26,7.81,4.9,72.77,0.82,11.47,76.98,4.23,offline,device_failure
2025-01-01T00:42:55+00:00,ac-1,access_switch,472.07,74.76,4.71,12.1,72.47,36.49,52.7,39.78,17.24,warning,link_failure
2025-01-01T00:43:00+00:00,ac-7,access_switch,23.57,0.77,37.16,277.51,2.43,35.97,46.87,0.45,33.79,healthy,normal
2025-01-01T00:43:05+00:00,cl-1,client,12.63,0.74,36.08,210.53,4.63,45.92,61.01,0.2,36.18,healthy,normal
2025-01-01T00:43:10+00:00,se-4,server,132.11,9.16,97.63,890.15,15.35,68.38,75.62,3.52,93.96,warning,traffic_spike
2025-01-01T00:43:15+00:00,cl-2,client,102.29,8.74,94.82,167.08,31.28,78.02,48.07,3.18,88.79,warning,congestion
2025-01-01T00:43:20+00:00,se-2,server,17.45,0.64,41.46,278.26,4.78,41.71,57.28,0.72,64.05,healthy,normal
2025-01-01T00:43:25+00:00,cl-7,client,41.6,0.77,24.93,210.02,1.44,37.02,34.16,0.85,16.55,healthy,normal
2025-01-01T00:43:30+00:00,ro-1,router,471.62,82.71,14.94,3.67,67.32,24.34,28.6,53.82,13.82,offline,link_failure
2025-01-01T00:43:35+00:00,co-8,core_switch,327.08,79.33,7.56,20.63,62.8,62.87,26.49,39.37,16.47,warning,link_failure
2025-01-01T00:43:40+00:00,ac-7,access_switch,24.16,0.05,26.31,255.07,4.85,54.81,31.22,0.39,31.25,healthy,normal
2025-01-01T00:43:45+00:00,ro-8,router,31.12,1.03,44.89,214.7,5.24,37.8,41.22,0.45,65.49,healthy,normal
2025-01-01T00:43:50+00:00,ac-5,access_switch,96.86,1.2,46.8,167.99,12.58,96.39,84.43,7.24,59.67,warning,device_overload
2025-01-01T00:43:55+00:00,ac-6,access_switch,23.18,0.08,29.48,161.62,2.42,18.82,54.27,0.78,20.95,healthy,normal
2025-01-01T00:44:00+00:00,da-6,database,11.2,0.99,37.86,223.25,2.99,15.92,44.67,0.02,31.46,healthy,normal
2025-01-01T00:44:05+00:00,ac-2,access_switch,202.21,5.2,94.48,83.68,25.07,73.3,54.22,4.69,91.09,warning,congestion
2025-01-01T00:44:10+00:00,se-2,server,36.89,0.8,31.51,120.46,5.98,33.09,33.94,0.67,19.78,healthy,normal
2025-01-01T00:44:15+00:00,ro-5,router,248.16,97.61,4.75,1.68,88.76,7.82,4.23,79.23,3.46,offline,device_failure
2025-01-01T00:44:20+00:00,co-7,core_switch,143.33,11.5,90.7,139.25,16.7,45.69,67.32,6.18,94.08,warning,congestion
2025-01-01T00:44:25+00:00,cl-8,client,18.57,0.96,56.02,297.61,5.52,57.06,55.97,0.05,25.43,healthy,normal
2025-01-01T00:44:30+00:00,co-3,core_switch,33.89,1.15,57.67,200.26,5.27,56.0,51.89,0.76,28.88,healthy,normal
2025-01-01T00:44:35+00:00,co-5,core_switch,31.98,0.35,29.21,142.99,0.94,50.87,37.66,0.44,66.55,healthy,normal
2025-01-01T00:44:40+00:00,ro-4,router,15.1,0.2,30.14,286.78,4.23,22.92,61.51,0.87,40.26,healthy,normal
2025-01-01T00:44:45+00:00,ro-6,router,29.25,1.3,60.33,199.54,2.69,44.58,27.97,0.85,52.66,healthy,normal
2025-01-01T00:44:50+00:00,ro-2,router,26.7,1.24,62.63,314.94,2.11,54.81,34.48,0.11,56.95,healthy,normal
2025-01-01T00:44:55+00:00,da-7,database,35.79,1.12,61.97,157.96,1.36,24.63,36.08,0.37,59.87,healthy,normal
2025-01-01T00:45:00+00:00,da-6,database,32.39,0.17,43.65,214.47,2.08,27.5,58.51,0.13,39.71,healthy,normal
2025-01-01T00:45:05+00:00,ac-1,access_switch,30.65,1.36,19.64,272.68,4.95,17.46,64.37,0.6,28.16,healthy,normal
2025-01-01T00:45:10+00:00,cl-6,client,38.9,1.03,43.14,162.0,3.1,15.35,66.27,0.83,62.73,healthy,normal
2025-01-01T00:45:15+00:00,co-5,core_switch,16.73,1.34,61.05,248.9,5.37,49.5,41.88,0.03,60.06,healthy,normal
2025-01-01T00:45:20+00:00,se-7,server,480.15,91.99,4.22,7.35,50.52,1.92,3.65,38.65,3.37,offline,device_failure
2025-01-01T00:45:25+00:00,da-8,database,388.56,93.34,14.11,4.41,56.6,48.85,25.14,29.0,5.5,offline,link_failure
2025-01-01T00:45:30+00:00,ro-3,router,121.19,12.56,96.05,124.39,15.38,66.98,56.77,6.64,92.32,warning,congestion
2025-01-01T00:45:35+00:00,co-6,core_switch,445.87,90.38,4.14,1.46,93.2,11.34,12.38,47.35,7.58,warning,device_failure
2025-01-01T00:45:40+00:00,cl-4,client,136.62,9.79,90.38,773.62,11.38,80.03,66.3,1.67,90.89,warning,traffic_spike
2025-01-01T00:45:45+00:00,da-2,database,10.45,0.79,54.35,314.22,5.1,37.24,33.88,0.18,64.19,healthy,normal
2025-01-01T00:45:50+00:00,ac-8,access_switch,333.16,93.18,2.07,1.72,90.32,8.72,2.65,44.92,6.34,warning,device_failure
2025-01-01T00:45:55+00:00,ac-4,access_switch,29.77,1.36,35.37,260.54,3.18,15.46,29.86,0.29,51.04,healthy,normal
2025-01-01T00:46:00+00:00,cl-7,client,141.47,6.15,55.25,67.86,7.94,90.66,87.76,7.36,87.86,warning,device_overload
2025-01-01T00:46:05+00:00,da-1,database,55.48,6.04,92.57,908.99,21.43,71.97,83.9,0.69,91.79,warning,traffic_spike
2025-01-01T00:46:10+00:00,se-6,server,38.09,0.2,32.91,226.69,1.54,20.26,25.94,0.12,60.33,healthy,normal
2025-01-01T00:46:15+00:00,cl-7,client,306.39,98.52,6.13,6.09,59.51,3.76,12.5,52.35,7.96,offline,device_failure
2025-01-01T00:46:20+00:00,co-8,core_switch,195.97,76.16,5.06,0.86,45.61,51.77,45.51,64.78,16.69,offline,link_failure
2025-01-01T00:46:25+00:00,ac-8,access_switch,24.65,0.17,51.83,142.57,2.62,24.17,36.5,0.75,54.0,healthy,normal
2025-01-01T00:46:30+00:00,da-4,database,387.56,99.66,5.26,4.57,67.9,0.92,10.76,72.23,7.1,offline,device_failure
2025-01-01T00:46:35+00:00,cl-2,client,22.61,0.89,62.71,294.13,1.6,18.65,60.55,0.59,38.61,healthy,normal
2025-01-01T00:46:40+00:00,da-1,database,84.65,2.35,95.47,652.02,26.95,97.99,84.46,4.09,91.29,warning,traffic_spike
2025-01-01T00:46:45+00:00,cl-1,client,430.83,94.57,6.02,0.74,59.03,2.88,10.79,56.94,0.16,warning,device_failure
2025-01-01T00:46:50+00:00,se-7,server,19.12,1.13,48.74,136.53,3.35,34.46,59.48,0.28,50.62,healthy,normal
2025-01-01T00:46:55+00:00,cl-2,client,36.63,0.77,41.01,304.79,3.28,40.34,42.62,0.68,57.17,healthy,normal
2025-01-01T00:47:00+00:00,se-7,server,70.69,4.59,83.93,146.32,17.36,95.99,98.89,4.69,72.83,warning,device_overload
2025-01-01T00:47:05+00:00,se-7,server,12.53,1.2,32.12,326.52,4.36,28.52,34.94,0.38,44.56,healthy,normal
2025-01-01T00:47:10+00:00,ro-2,router,159.04,8.96,90.9,133.64,33.13,58.15,63.08,5.61,86.23,warning,congestion
2025-01-01T00:47:15+00:00,se-3,server,432.87,73.27,9.16,16.91,48.84,52.58,60.6,40.25,14.54,warning,link_failure
2025-01-01T00:47:20+00:00,co-4,core_switch,15.92,1.12,46.39,301.76,1.35,39.05,24.26,0.11,23.93,healthy,normal
2025-01-01T00:47:25+00:00,cl-7,client,37.8,1.45,46.29,217.08,4.02,58.83,39.87,0.61,50.9,healthy,normal
2025-01-01T00:47:30+00:00,ac-2,access_switch,14.0,0.02,23.26,113.49,5.85,53.66,33.21,0.58,48.79,healthy,normal
2025-01-01T00:47:35+00:00,cl-4,client,12.75,1.15,24.96,202.81,1.41,55.61,56.51,0.4,40.22,healthy,normal
2025-01-01T00:47:40+00:00,se-4,server,16.44,0.85,57.19,121.2,0.84,43.37,55.38,0.88,59.13,healthy,normal
2025-01-01T00:47:45+00:00,da-5,database,191.11,83.19,11.29,17.39,86.12,60.73,65.78,30.44,1.09,offline,link_failure
2025-01-01T00:47:50+00:00,da-6,database,27.7,0.4,48.47,305.61,1.41,43.02,52.43,0.4,37.68,healthy,normal
2025-01-01T00:47:55+00:00,cl-4,client,25.02,0.66,41.86,239.28,4.36,56.48,61.55,0.64,39.36,healthy,normal
2025-01-01T00:48:00+00:00,cl-7,client,141.38,8.66,96.08,789.95,23.92,91.99,82.09,3.3,92.82,warning,traffic_spike
2025-01-01T00:48:05+00:00,cl-3,client,239.85,88.96,2.22,9.98,89.63,33.66,34.84,22.12,0.33,offline,link_failure
2025-01-01T00:48:10+00:00,ac-3,access_switch,70.72,8.88,94.04,825.34,14.75,71.42,58.61,3.03,94.86,warning,traffic_spike
2025-01-01T00:48:15+00:00,ac-1,access_switch,124.31,6.46,98.76,848.17,25.47,86.13,53.96,0.73,99.46,warning,traffic_spike
2025-01-01T00:48:20+00:00,ro-2,router,427.08,73.18,2.32,15.12,82.25,60.99,32.38,33.15,7.95,offline,link_failure
2025-01-01T00:48:25+00:00,cl-2,client,107.37,8.36,96.93,55.99,17.25,80.88,69.69,1.04,97.69,warning,congestion
2025-01-01T00:48:30+00:00,ac-3,access_switch,12.73,0.56,53.48,189.34,4.26,21.82,57.15,0.38,26.87,healthy,normal
2025-01-01T00:48:35+00:00,se-8,server,487.0,94.19,6.82,7.55,69.34,9.24,10.05,63.45,0.56,offline,device_failure
2025-01-01T00:48:40+00:00,se-3,server,23.89,0.59,19.74,312.95,1.58,40.86,67.02,0.88,56.55,healthy,normal
2025-01-01T00:48:45+00:00,ac-5,access_switch,424.82,91.76,3.44,6.62,94.51,7.32,2.06,57.22,5.15,offline,device_failure
2025-01-01T00:48:50+00:00,da-8,database,117.77,9.1,97.38,628.21,11.95,77.05,51.4,2.01,97.25,warning,traffic_spike
2025-01-01T00:48:55+00:00,co-5,core_switch,244.12,86.33,6.87,8.18,68.14,21.05,66.85,44.3,4.66,offline,link_failure
2025-01-01T00:49:00+00:00,ac-2,access_switch,427.64,98.1,2.6,4.06,51.81,9.08,13.18,59.68,4.58,offline,device_failure
2025-01-01T00:49:05+00:00,ac-4,access_switch,35.77,1.48,44.58,306.75,4.06,39.0,50.2,0.32,29.8,healthy,normal
2025-01-01T00:49:10+00:00,cl-3,client,394.31,86.55,5.45,7.87,64.94,57.03,41.98,24.41,12.81,offline,link_failure
2025-01-01T00:49:15+00:00,ro-7,router,469.9,93.72,4.46,2.95,73.94,7.06,7.27,56.71,2.11,warning,device_failure
2025-01-01T00:49:20+00:00,se-8,server,32.05,1.42,52.39,201.72,1.65,37.76,45.33,0.41,65.34,healthy,normal
2025-01-01T00:49:25+00:00,da-2,database,185.7,9.47,83.55,60.39,26.53,79.1,46.28,6.11,87.54,warning,congestion
2025-01-01T00:49:30+00:00,ac-1,access_switch,26.73,0.18,32.33,192.38,2.33,16.26,30.29,0.71,36.93,healthy,normal
2025-01-01T00:49:35+00:00,ac-5,access_switch,74.4,8.55,93.87,489.94,14.97,94.11,65.87,3.08,95.66,warning,traffic_spike
2025-01-01T00:49:40+00:00,se-8,server,130.1,8.67,89.59,497.88,20.73,90.85,75.35,1.17,97.28,warning,traffic_spike
2025-01-01T00:49:45+00:00,da-7,database,22.39,1.35,33.93,120.08,4.29,34.94,36.2,0.08,23.61,healthy,normal
2025-01-01T00:49:50+00:00,cl-5,client,27.95,0.19,44.29,152.33,4.02,40.96,26.33,0.51,24.85,healthy,normal
2025-01-01T00:49:55+00:00,ro-2,router,31.06,0.8,63.23,170.49,1.87,52.34,60.91,0.52,19.4,healthy,normal
2025-01-01T00:50:00+00:00,ac-7,access_switch,170.39,9.9,98.88,84.19,16.69,45.89,61.0,3.29,87.27,warning,congestion
2025-01-01T00:50:05+00:00,da-3,database,80.68,3.46,97.22,505.57,27.04,88.36,52.24,4.83,91.81,warning,traffic_spike
2025-01-01T00:50:10+00:00,ac-6,access_switch,222.74,97.0,5.67,22.6,83.97,22.33,36.26,46.87,4.26,offline,link_failure
2025-01-01T00:50:15+00:00,da-7,database,222.66,7.23,88.41,111.91,13.7,46.07,64.81,6.48,86.26,warning,congestion
2025-01-01T00:50:20+00:00,da-2,database,120.72,10.66,96.35,79.6,22.58,48.1,64.89,2.22,99.55,warning,congestion
2025-01-01T00:50:25+00:00,co-4,core_switch,27.2,0.64,60.84,209.38,0.81,35.91,60.49,0.26,65.55,healthy,normal
2025-01-01T00:50:30+00:00,se-5,server,29.13,1.26,35.87,187.31,4.09,41.33,46.45,0.04,53.44,healthy,normal
2025-01-01T00:50:35+00:00,ac-2,access_switch,142.32,5.48,85.37,112.34,19.27,60.98,63.98,6.74,90.46,warning,congestion
2025-01-01T00:50:40+00:00,ac-5,access_switch,172.66,5.95,55.92,144.41,12.15,88.95,99.34,3.3,84.3,warning,device_overload
2025-01-01T00:50:45+00:00,ro-8,router,10.14,0.01,26.16,232.27,4.42,37.0,41.28,0.07,60.59,healthy,normal
2025-01-01T00:50:50+00:00,da-1,database,162.65,6.71,62.81,71.66,22.55,91.27,93.62,3.71,81.08,warning,device_overload
2025-01-01T00:50:55+00:00,ro-6,router,482.79,93.33,2.22,0.16,60.46,11.06,5.01,39.95,4.91,warning,device_failure
2025-01-01T00:51:00+00:00,cl-4,client,17.5,0.74,35.06,171.77,5.5,46.81,33.2,0.18,57.7,healthy,normal
2025-01-01T00:51:05+00:00,ac-8,access_switch,15.46,0.29,52.72,257.88,3.94,22.9,49.88,0.67,21.63,healthy,normal
2025-01-01T00:51:10+00:00,co-5,core_switch,72.27,7.42,99.9,769.56,18.66,75.59,71.28,2.54,99.38,warning,traffic_spike
2025-01-01T00:51:15+00:00,cl-1,client,158.19,3.26,78.77,109.93,8.95,93.26,91.93,4.62,46.87,warning,device_overload
2025-01-01T00:51:20+00:00,ro-7,router,339.72,80.85,8.62,8.03,82.81,56.35,71.54,30.15,12.41,warning,link_failure
2025-01-01T00:51:25+00:00,co-4,core_switch,69.8,4.49,95.51,477.4,17.6,92.24,72.52,3.32,93.34,warning,traffic_spike
2025-01-01T00:51:30+00:00,ro-8,router,17.63,0.51,20.56,183.39,4.93,57.46,58.13,0.56,54.73,healthy,normal
2025-01-01T00:51:35+00:00,da-2,database,69.84,1.42,46.33,97.29,20.56,86.91,86.04,7.43,64.0,warning,device_overload
2025-01-01T00:51:40+00:00,cl-7,client,12.11,1.02,44.29,174.88,2.78,19.31,57.09,0.21,46.18,healthy,normal
2025-01-01T00:51:45+00:00,ro-8,router,104.15,6.57,80.2,138.6,12.43,99.13,96.53,4.18,59.11,warning,device_overload
2025-01-01T00:51:50+00:00,ro-1,router,29.05,0.1,55.1,152.6,3.78,43.68,35.28,0.38,52.68,healthy,normal
2025-01-01T00:51:55+00:00,co-3,core_switch,35.5,0.09,32.65,205.89,5.79,48.95,37.69,0.8,55.33,healthy,normal
2025-01-01T00:52:00+00:00,ac-6,access_switch,19.31,1.46,42.33,254.69,1.55,25.68,60.04,0.5,17.84,healthy,normal
2025-01-01T00:52:05+00:00,co-4,core_switch,35.13,0.51,49.39,262.85,5.91,41.99,38.57,0.52,65.08,healthy,normal
2025-01-01T00:52:10+00:00,se-6,server,78.66,4.18,76.57,60.7,10.51,86.05,87.57,2.61,71.83,warning,device_overload
2025-01-01T00:52:15+00:00,cl-6,client,35.83,0.56,36.81,291.74,0.83,15.45,39.75,0.5,22.4,healthy,normal
2025-01-01T00:52:20+00:00,cl-6,client,11.4,0.04,27.3,148.31,5.4,47.35,38.95,0.5,24.28,healthy,normal
2025-01-01T00:52:25+00:00,ac-2,access_switch,10.67,1.02,35.81,283.23,1.38,57.13,37.42,0.22,57.09,healthy,normal
2025-01-01T00:52:30+00:00,da-7,database,161.01,1.46,50.78,179.76,19.72,88.68,90.05,3.62,70.78,warning,device_overload
2025-01-01T00:52:35+00:00,co-1,core_switch,123.68,6.7,98.25,574.15,10.97,75.42,73.92,1.76,91.26,warning,traffic_spike
2025-01-01T00:52:40+00:00,da-8,database,115.34,4.98,91.0,126.26,13.69,63.82,69.05,4.87,93.13,warning,congestion
2025-01-01T00:52:45+00:00,se-3,server,20.3,0.56,50.64,267.44,3.37,27.08,41.64,0.83,45.37,healthy,normal
2025-01-01T00:52:50+00:00,co-4,core_switch,24.47,0.35,28.27,203.51,2.76,22.07,61.07,0.23,19.41,healthy,normal
2025-01-01T00:52:55+00:00,ac-6,access_switch,249.05,73.15,11.27,8.07,57.07,39.46,42.27,42.39,4.91,offline,link_failure
2025-01-01T00:53:00+00:00,se-4,server,18.5,0.11,60.37,174.79,3.41,39.6,27.44,0.25,26.84,healthy,normal
2025-01-01T00:53:05+00:00,ac-1,access_switch,27.47,0.5,49.73,165.01,4.68,49.58,61.2,0.17,46.41,healthy,normal
2025-01-01T00:53:10+00:00,cl-5,client,10.27,0.45,56.65,282.29,2.9,33.26,49.52,0.59,39.54,healthy,normal
2025-01-01T00:53:15+00:00,co-7,core_switch,118.0,12.68,86.57,70.38,27.26,65.45,58.87,5.89,90.77,warning,congestion
2025-01-01T00:53:20+00:00,co-7,core_switch,34.64,1.05,27.85,208.99,3.7,31.86,49.41,0.12,64.05,healthy,normal
2025-01-01T00:53:25+00:00,cl-6,client,20.87,0.63,50.23,198.74,4.85,39.19,38.35,0.02,55.84,healthy,normal
2025-01-01T00:53:30+00:00,co-6,core_switch,106.14,8.39,98.97,711.2,15.82,79.44,86.05,0.79,93.86,warning,traffic_spike
2025-01-01T00:53:35+00:00,ac-8,access_switch,30.45,0.46,26.06,258.47,1.72,52.19,50.55,0.02,25.35,healthy,normal
2025-01-01T00:53:40+00:00,se-5,server,73.53,4.33,94.29,652.79,15.37,68.33,62.42,4.59,93.91,warning,traffic_spike
2025-01-01T00:53:45+00:00,co-7,core_switch,98.04,2.55,99.46,854.19,10.6,74.17,66.42,3.69,94.75,warning,traffic_spike
2025-01-01T00:53:50+00:00,ac-4,access_switch,157.86,12.22,87.68,40.97,15.71,47.37,56.37,5.85,93.36,warning,congestion
2025-01-01T00:53:55+00:00,se-8,server,96.64,2.31,89.09,746.69,26.38,78.4,82.02,4.07,93.91,warning,traffic_spike
2025-01-01T00:54:00+00:00,co-3,core_switch,472.99,96.8,4.58,7.29,55.09,6.82,5.51,87.01,1.92,offline,device_failure
2025-01-01T00:54:05+00:00,ac-5,access_switch,410.0,88.8,7.27,7.22,94.98,4.94,10.67,41.67,2.95,offline,device_failure
2025-01-01T00:54:10+00:00,da-6,database,303.03,76.62,4.56,1.07,31.6,48.75,56.75,40.79,6.19,offline,link_failure
2025-01-01T00:54:15+00:00,co-7,core_switch,11.21,0.38,51.33,140.03,4.29,35.89,44.3,0.07,49.17,healthy,normal
2025-01-01T00:54:20+00:00,se-5,server,432.47,76.78,0.4,2.41,47.65,44.06,43.37,23.49,13.74,warning,link_failure
2025-01-01T00:54:25+00:00,co-8,core_switch,101.18,2.52,46.38,146.13,10.46,95.75,97.38,6.68,72.56,warning,device_overload
2025-01-01T00:54:30+00:00,ro-5,router,313.2,88.75,1.07,9.06,42.1,31.24,67.71,29.0,0.29,offline,link_failure
2025-01-01T00:54:35+00:00,ro-6,router,36.26,1.02,20.97,320.92,1.3,52.59,53.22,0.65,17.29,healthy,normal
2025-01-01T00:54:40+00:00,ac-6,access_switch,166.5,6.27,86.52,110.42,36.41,49.47,49.7,3.14,88.43,warning,congestion
2025-01-01T00:54:45+00:00,ac-1,access_switch,22.45,0.69,21.1,289.32,4.18,31.6,26.96,0.2,30.68,healthy,normal
2025-01-01T00:54:50+00:00,ro-3,router,121.53,5.14,88.51,122.01,22.1,79.21,69.77,1.8,88.45,warning,congestion
2025-01-01T00:54:55+00:00,cl-8,client,200.25,72.49,20.07,10.77,60.66,53.38,48.66,51.71,0.24,warning,link_failure
2025-01-01T00:55:00+00:00,ro-5,router,17.56,0.64,29.45,127.47,1.52,37.44,32.89,0.34,48.39,healthy,normal
2025-01-01T00:55:05+00:00,cl-8,client,33.66,0.49,31.07,251.59,4.75,38.44,67.01,0.58,30.0,healthy,normal
2025-01-01T00:55:10+00:00,cl-6,client,20.97,0.31,20.54,311.89,5.94,51.07,54.64,0.2,60.38,healthy,normal
2025-01-01T00:55:15+00:00,co-8,core_switch,176.32,4.78,91.36,163.98,13.35,81.7,75.78,1.75,88.43,warning,congestion
2025-01-01T00:55:20+00:00,co-4,core_switch,158.58,9.11,90.94,61.34,17.14,60.69,63.81,2.82,94.07,warning,congestion
2025-01-01T00:55:25+00:00,co-5,core_switch,132.62,5.85,99.41,606.2,15.55,82.12,66.06,3.24,94.33,warning,traffic_spike
2025-01-01T00:55:30+00:00,se-1,server,34.38,0.64,21.91,309.42,2.36,39.17,48.33,0.16,34.78,healthy,normal
2025-01-01T00:55:35+00:00,ac-7,access_switch,27.99,0.72,33.66,267.27,1.82,56.23,24.18,0.78,52.98,healthy,normal
2025-01-01T00:55:40+00:00,se-7,server,40.09,1.46,35.54,217.7,4.13,41.47,41.99,0.03,62.92,healthy,normal
2025-01-01T00:55:45+00:00,da-3,database,16.22,0.65,30.0,310.88,4.56,37.93,45.5,0.62,51.22,healthy,normal
2025-01-01T00:55:50+00:00,se-4,server,87.87,1.24,77.53,140.18,17.82,95.76,94.33,2.83,64.59,warning,device_overload
2025-01-01T00:55:55+00:00,ac-4,access_switch,129.25,7.66,78.66,56.67,19.34,95.02,98.67,3.78,70.2,warning,device_overload
2025-01-01T00:56:00+00:00,da-4,database,133.84,3.33,93.12,769.0,18.01,84.0,83.69,3.14,97.34,warning,traffic_spike
2025-01-01T00:56:05+00:00,cl-2,client,370.85,93.75,7.58,3.43,74.92,61.85,43.7,33.86,17.77,offline,link_failure
2025-01-01T00:56:10+00:00,ro-7,router,371.74,95.85,7.33,1.37,65.61,8.45,2.77,45.01,7.59,warning,device_failure
2025-01-01T00:56:15+00:00,co-3,core_switch,16.43,1.12,56.03,152.21,5.91,54.22,43.39,0.82,20.68,healthy,normal
2025-01-01T00:56:20+00:00,ro-5,router,69.86,1.87,47.57,59.0,10.76,92.79,96.17,1.07,56.44,warning,device_overload
2025-01-01T00:56:25+00:00,cl-1,client,63.72,6.18,88.09,725.46,27.74,90.84,85.42,2.63,93.37,warning,traffic_spike
2025-01-01T00:56:30+00:00,ac-6,access_switch,41.98,1.23,62.23,256.32,2.77,17.58,39.67,0.3,20.21,healthy,normal
2025-01-01T00:56:35+00:00,cl-7,client,33.21,1.33,24.53,242.42,5.32,27.58,54.77,0.73,34.16,healthy,normal
2025-01-01T00:56:40+00:00,cl-8,client,119.22,5.62,45.13,141.14,22.07,90.51,94.14,7.11,86.69,warning,device_overload
2025-01-01T00:56:45+00:00,cl-8,client,300.05,89.15,1.79,10.27,85.89,61.89,71.38,58.57,16.29,offline,link_failure
2025-01-01T00:56:50+00:00,ac-3,access_switch,440.96,96.53,17.27,17.2,31.9,42.41,29.09,57.46,17.93,offline,link_failure
2025-01-01T00:56:55+00:00,se-3,server,135.68,9.64,93.79,694.93,12.87,73.11,85.88,3.65,91.05,warning,traffic_spike
2025-01-01T00:57:00+00:00,ro-3,router,138.61,4.61,92.6,567.38,22.38,87.98,86.16,3.52,96.65,warning,traffic_spike
2025-01-01T00:57:05+00:00,cl-8,client,63.14,7.53,98.46,886.57,23.33,86.02,74.47,2.2,97.17,warning,traffic_spike
2025-01-01T00:57:10+00:00,se-7,server,422.53,78.26,2.55,2.1,35.35,53.33,69.05,53.51,2.09,offline,link_failure
2025-01-01T00:57:15+00:00,ac-7,access_switch,28.46,0.0,20.91,227.83,5.21,59.09,38.06,0.33,50.32,healthy,normal
2025-01-01T00:57:20+00:00,da-4,database,211.98,72.26,18.75,7.58,78.97,33.36,35.29,50.6,2.65,offline,link_failure
2025-01-01T00:57:25+00:00,cl-1,client,29.16,0.46,64.55,137.16,5.98,46.79,45.04,0.75,40.74,healthy,normal
2025-01-01T00:57:30+00:00,se-1,server,172.83,3.33,78.12,83.43,18.72,97.35,95.21,1.37,82.21,warning,device_overload
2025-01-01T00:57:35+00:00,se-7,server,19.57,1.22,60.88,145.02,0.91,32.65,42.59,0.43,33.11,healthy,normal
2025-01-01T00:57:40+00:00,ro-5,router,19.04,1.38,50.95,230.56,1.31,29.55,58.82,0.78,17.81,healthy,normal
2025-01-01T00:57:45+00:00,ac-8,access_switch,113.92,6.62,93.3,666.4,25.94,74.29,80.57,1.38,96.51,warning,traffic_spike
2025-01-01T00:57:50+00:00,da-2,database,31.71,1.48,24.94,319.09,3.02,52.87,64.74,0.09,65.66,healthy,normal
2025-01-01T00:57:55+00:00,ro-2,router,41.37,0.98,45.89,323.34,4.06,33.18,25.5,0.22,40.41,healthy,normal
2025-01-01T00:58:00+00:00,co-7,core_switch,149.22,7.94,71.83,67.1,14.42,97.45,90.11,5.43,64.14,warning,device_overload
2025-01-01T00:58:05+00:00,ro-2,router,13.91,0.96,60.7,159.49,3.85,59.43,45.1,0.62,19.92,healthy,normal
2025-01-01T00:58:10+00:00,se-8,server,229.99,12.43,88.07,56.28,20.46,71.41,73.04,4.23,91.67,warning,congestion
2025-01-01T00:58:15+00:00,se-8,server,67.35,6.86,66.56,165.54,17.43,96.55,87.32,5.61,50.05,warning,device_overload
2025-01-01T00:58:20+00:00,cl-8,client,446.14,89.48,1.29,1.65,53.87,6.75,11.92,36.93,7.84,warning,device_failure
2025-01-01T00:58:25+00:00,ac-3,access_switch,146.34,15.34,83.0,79.08,36.6,64.22,70.18,4.95,92.23,warning,congestion
2025-01-01T00:58:30+00:00,cl-6,client,160.79,15.83,88.99,109.97,17.46,48.66,71.51,2.42,88.63,warning,congestion
2025-01-01T00:58:35+00:00,co-3,core_switch,29.27,0.32,34.88,138.27,4.04,18.35,35.22,0.34,61.99,healthy,normal
2025-01-01T00:58:40+00:00,ro-5,router,31.65,1.41,24.73,154.83,4.07,27.12,51.86,0.58,52.15,healthy,normal
2025-01-01T00:58:45+00:00,cl-3,client,145.85,5.84,99.87,96.37,12.67,67.33,44.79,1.75,87.54,warning,congestion
2025-01-01T00:58:50+00:00,ro-6,router,177.83,8.35,88.67,75.52,34.59,53.35,42.36,3.26,99.56,warning,congestion
2025-01-01T00:58:55+00:00,ro-2,router,15.62,1.09,32.41,290.7,3.35,38.8,54.82,0.78,43.68,healthy,normal
2025-01-01T00:59:00+00:00,ro-3,router,131.11,13.02,86.07,144.79,29.62,74.18,61.86,6.29,91.64,warning,congestion
2025-01-01T00:59:05+00:00,ac-1,access_switch,184.57,12.56,94.18,58.55,26.76,54.89,75.06,4.84,91.18,warning,congestion
2025-01-01T00:59:10+00:00,cl-8,client,234.93,99.61,17.57,12.05,46.55,39.25,69.26,59.66,14.65,offline,link_failure
2025-01-01T00:59:15+00:00,ro-5,router,23.01,0.47,22.24,127.48,4.6,57.52,31.26,0.05,53.66,healthy,normal
2025-01-01T00:59:20+00:00,se-1,server,224.51,9.09,91.65,135.0,24.47,64.06,77.93,6.33,95.77,warning,congestion
2025-01-01T00:59:25+00:00,da-4,database,39.15,1.12,51.57,264.57,4.7,25.99,56.52,0.86,57.81,healthy,normal
2025-01-01T00:59:30+00:00,da-1,database,109.66,9.72,96.09,862.15,18.47,74.75,52.85,4.28,95.14,warning,traffic_spike
2025-01-01T00:59:35+00:00,se-8,server,89.12,4.99,89.36,877.88,13.0,84.17,79.12,1.03,92.99,warning,traffic_spike
2025-01-01T00:59:40+00:00,co-1,core_switch,33.62,0.85,28.22,177.06,5.65,43.93,60.33,0.03,39.08,healthy,normal
2025-01-01T00:59:45+00:00,se-1,server,100.91,5.31,58.14,102.78,7.08,98.46,86.98,3.48,49.36,warning,device_overload
2025-01-01T00:59:50+00:00,ro-3,router,23.14,1.37,18.32,279.28,2.1,36.18,40.47,0.33,61.39,healthy,normal
2025-01-01T00:59:55+00:00,ac-2,access_switch,228.46,11.88,90.47,58.18,31.42,45.21,73.81,5.26,87.55,warning,congestion
2025-01-01T01:00:00+00:00,co-7,core_switch,23.47,0.5,19.49,256.57,5.73,58.19,67.25,0.11,40.43,healthy,normal
2025-01-01T01:00:05+00:00,cl-3,client,20.4,1.15,59.44,220.41,5.6,52.94,41.11,0.1,20.61,healthy,normal
2025-01-01T01:00:10+00:00,co-6,core_switch,26.0,1.15,29.12,259.23,2.58,58.94,56.45,0.39,30.05,healthy,normal
2025-01-01T01:00:15+00:00,se-4,server,29.76,1.09,26.78,171.85,1.4,26.86,54.84,0.6,37.32,healthy,normal
2025-01-01T01:00:20+00:00,ro-3,router,16.04,1.28,47.56,142.72,1.43,33.06,36.05,0.17,22.6,healthy,normal
2025-01-01T01:00:25+00:00,co-2,core_switch,37.66,0.57,42.67,264.03,5.9,24.98,42.75,0.06,37.21,healthy,normal
2025-01-01T01:00:30+00:00,ro-5,router,21.63,1.41,51.44,164.33,5.45,23.18,24.02,0.59,31.73,healthy,normal
2025-01-01T01:00:35+00:00,ac-2,access_switch,23.79,0.38,41.09,183.54,1.38,45.1,54.05,0.69,21.78,healthy,normal
2025-01-01T01:00:40+00:00,ac-6,access_switch,17.62,0.41,45.46,129.19,1.35,43.33,50.48,0.04,65.35,healthy,normal
2025-01-01T01:00:45+00:00,co-4,core_switch,118.42,9.4,88.9,697.82,14.86,89.76,87.61,1.41,97.21,warning,traffic_spike
2025-01-01T01:00:50+00:00,co-7,core_switch,27.62,0.38,59.22,297.76,5.52,58.88,63.38,0.4,52.3,healthy,normal
2025-01-01T01:00:55+00:00,ro-8,router,92.71,9.45,94.05,440.72,19.98,88.9,54.9,0.7,95.66,warning,traffic_spike
2025-01-01T01:01:00+00:00,cl-7,client,328.51,86.91,11.3,1.8,56.26,42.92,51.44,37.56,10.93,warning,link_failure
2025-01-01T01:01:05+00:00,ro-3,router,28.3,0.89,18.42,314.3,3.47,37.67,55.71,0.23,59.33,healthy,normal
2025-01-01T01:01:10+00:00,ac-2,access_switch,15.48,0.07,29.2,118.6,1.57,54.76,64.8,0.24,56.11,healthy,normal
2025-01-01T01:01:15+00:00,co-4,core_switch,121.48,1.01,58.9,136.7,12.91,87.17,95.29,4.84,76.05,warning,device_overload
2025-01-01T01:01:20+00:00,da-5,database,20.39,0.09,56.35,291.26,1.94,58.44,31.78,0.87,42.94,healthy,normal
2025-01-01T01:01:25+00:00,da-2,database,120.03,7.5,99.35,556.1,20.52,86.13,57.83,2.49,93.24,warning,traffic_spike
2025-01-01T01:01:30+00:00,cl-7,client,14.98,0.35,52.14,191.1,5.49,19.22,31.99,0.17,59.84,healthy,normal
2025-01-01T01:01:35+00:00,se-3,server,30.72,0.03,25.66,149.1,2.85,42.35,27.06,0.06,27.75,healthy,normal
2025-01-01T01:01:40+00:00,se-2,server,120.19,3.1,97.01,435.78,9.99,79.52,54.18,0.56,98.31,warning,traffic_spike
2025-01-01T01:01:45+00:00,co-4,core_switch,124.31,4.14,99.26,723.82,23.85,68.28,80.08,2.94,98.18,warning,traffic_spike
2025-01-01T01:01:50+00:00,ro-8,router,435.11,98.71,8.15,2.46,71.34,2.93,7.61,49.71,4.35,warning,device_failure
2025-01-01T01:01:55+00:00,ro-2,router,27.43,0.15,59.66,201.36,0.81,25.09,33.97,0.35,33.37,healthy,normal
2025-01-01T01:02:00+00:00,cl-7,client,31.98,1.07,60.38,218.2,5.95,25.1,66.08,0.25,18.97,healthy,normal
2025-01-01T01:02:05+00:00,ac-2,access_switch,38.66,0.91,26.37,226.71,3.92,45.57,30.61,0.6,30.68,healthy,normal
2025-01-01T01:02:10+00:00,ac-5,access_switch,477.38,95.94,9.33,6.49,84.12,0.92,0.03,86.32,1.19,offline,device_failure
2025-01-01T01:02:15+00:00,ac-3,access_switch,104.92,6.05,76.42,119.59,8.08,94.09,99.35,2.95,48.89,warning,device_overload
2025-01-01T01:02:20+00:00,co-7,core_switch,86.73,5.95,93.78,906.7,20.03,87.1,55.25,4.75,99.22,warning,traffic_spike
2025-01-01T01:02:25+00:00,da-8,database,27.24,0.74,43.2,160.63,1.23,47.17,47.19,0.7,57.19,healthy,normal
2025-01-01T01:02:30+00:00,ro-4,router,21.57,0.3,57.98,189.73,3.26,21.01,28.85,0.82,33.76,healthy,normal
2025-01-01T01:02:35+00:00,co-3,core_switch,455.52,94.62,9.31,3.37,56.59,2.7,10.46,41.45,5.57,warning,device_failure
2025-01-01T01:02:40+00:00,cl-1,client,32.28,0.64,20.54,133.32,3.82,36.46,50.13,0.14,22.64,healthy,normal
2025-01-01T01:02:45+00:00,co-2,core_switch,10.4,1.25,37.58,278.39,3.24,21.31,47.21,0.85,39.45,healthy,normal
2025-01-01T01:02:50+00:00,se-1,server,266.03,76.36,19.39,0.77,75.07,42.65,25.51,57.47,12.24,offline,link_failure
2025-01-01T01:02:55+00:00,da-5,database,478.17,94.02,7.09,3.39,53.62,11.68,7.3,88.79,1.0,offline,device_failure
2025-01-01T01:03:00+00:00,da-1,database,17.01,0.28,53.06,233.04,5.18,51.75,44.61,0.28,48.38,healthy,normal
2025-01-01T01:03:05+00:00,co-6,core_switch,404.59,90.34,1.08,0.62,78.18,10.16,0.39,50.52,4.33,warning,device_failure
2025-01-01T01:03:10+00:00,da-1,database,34.21,0.46,43.93,250.45,0.97,27.11,66.97,0.51,44.31,healthy,normal
2025-01-01T01:03:15+00:00,ro-2,router,463.05,72.24,7.85,6.78,53.89,28.77,60.34,52.66,17.53,warning,link_failure
2025-01-01T01:03:20+00:00,ro-6,router,106.84,6.19,49.04,164.01,9.4,94.22,90.11,5.1,81.64,warning,device_overload
2025-01-01T01:03:25+00:00,co-8,core_switch,12.52,0.94,62.78,160.95,1.92,45.67,30.2,0.65,66.66,healthy,normal
2025-01-01T01:03:30+00:00,cl-6,client,149.88,5.57,87.94,121.05,36.44,46.48,67.66,5.1,89.35,warning,congestion
2025-01-01T01:03:35+00:00,da-2,database,141.22,6.54,99.93,477.73,8.3,90.99,61.76,4.4,97.97,warning,traffic_spike
2025-01-01T01:03:40+00:00,se-2,server,95.93,3.36,91.55,463.4,19.53,78.6,52.7,3.7,94.61,warning,traffic_spike
2025-01-01T01:03:45+00:00,ac-8,access_switch,113.53,3.12,89.49,708.68,8.79,93.77,65.24,4.36,99.17,warning,traffic_spike
2025-01-01T01:03:50+00:00,ac-6,access_switch,21.96,1.02,41.78,167.82,5.35,45.72,51.31,0.58,53.53,healthy,normal
2025-01-01T01:03:55+00:00,da-1,database,14.95,0.16,35.66,235.43,5.24,25.04,62.46,0.6,33.14,healthy,normal
2025-01-01T01:04:00+00:00,da-8,database,13.49,0.27,23.09,321.1,2.86,34.49,41.67,0.06,32.81,healthy,normal
2025-01-01T01:04:05+00:00,co-8,core_switch,101.58,9.45,92.27,163.31,15.78,52.9,62.46,6.93,96.84,warning,congestion
2025-01-01T01:04:10+00:00,ac-7,access_switch,41.31,0.32,27.94,115.05,4.74,34.03,35.09,0.16,22.37,healthy,normal
2025-01-01T01:04:15+00:00,ro-5,router,37.96,0.68,37.73,157.1,5.44,23.28,26.36,0.81,37.28,healthy,normal
2025-01-01T01:04:20+00:00,ac-3,access_switch,72.87,9.54,93.78,692.4,23.68,96.97,66.6,4.61,95.7,warning,traffic_spike
2025-01-01T01:04:25+00:00,da-4,database,251.01,96.02,6.17,2.59,99.25,11.27,10.4,75.52,2.53,offline,device_failure
2025-01-01T01:04:30+00:00,se-3,server,25.98,0.47,55.22,258.27,2.17,47.5,67.48,0.85,59.58,healthy,normal
2025-01-01T01:04:35+00:00,cl-2,client,64.2,6.22,52.51,149.02,19.39,94.41,87.46,2.47,53.22,warning,device_overload
2025-01-01T01:04:40+00:00,ro-6,router,153.58,1.11,80.87,122.78,20.88,95.79,94.38,4.19,62.65,warning,device_overload
2025-01-01T01:04:45+00:00,da-7,database,26.74,1.15,23.33,148.68,3.03,22.96,50.18,0.49,34.84,healthy,normal
2025-01-01T01:04:50+00:00,cl-5,client,419.57,99.25,9.06,0.79,49.82,10.05,1.25,35.9,7.46,offline,device_failure
2025-01-01T01:04:55+00:00,cl-2,client,30.27,0.76,55.88,256.9,5.23,24.53,58.18,0.5,20.95,healthy,normal
2025-01-01T01:05:00+00:00,ro-8,router,341.49,97.85,7.04,5.93,45.42,4.5,3.14,50.6,7.04,offline,device_failure
2025-01-01T01:05:05+00:00,se-4,server,10.13,1.36,19.54,115.77,4.91,52.83,46.83,0.67,31.51,healthy,normal
2025-01-01T01:05:10+00:00,da-7,database,17.74,1.46,27.06,251.78,5.11,51.06,49.43,0.12,48.09,healthy,normal
2025-01-01T01:05:15+00:00,co-7,core_switch,136.38,6.14,93.25,478.79,24.02,83.13,73.99,4.03,98.43,warning,traffic_spike
2025-01-01T01:05:20+00:00,ac-3,access_switch,169.1,2.43,48.73,114.05,17.06,94.31,84.45,5.95,84.59,warning,device_overload
2025-01-01T01:05:25+00:00,se-1,server,33.75,0.2,39.32,248.93,2.66,25.79,63.51,0.27,42.84,healthy,normal
2025-01-01T01:05:30+00:00,se-5,server,31.1,0.41,61.94,248.04,4.12,41.07,28.55,0.41,45.99,healthy,normal
2025-01-01T01:05:35+00:00,ac-5,access_switch,38.63,0.14,41.23,189.51,5.16,32.59,45.61,0.02,18.83,healthy,normal
2025-01-01T01:05:40+00:00,ro-4,router,116.86,5.0,91.76,875.07,24.17,73.39,50.39,1.3,95.67,warning,traffic_spike
2025-01-01T01:05:45+00:00,ro-2,router,226.51,15.92,91.23,119.82,26.21,50.86,68.7,6.56,88.7,warning,congestion
2025-01-01T01:05:50+00:00,ro-3,router,16.92,0.55,60.23,116.49,1.52,18.75,54.43,0.11,29.23,healthy,normal
2025-01-01T01:05:55+00:00,ro-6,router,32.66,0.98,39.95,287.98,3.07,57.59,64.58,0.23,25.29,healthy,normal
2025-01-01T01:06:00+00:00,cl-7,client,257.78,97.52,5.88,1.33,56.32,8.66,6.07,59.54,4.77,warning,device_failure
2025-01-01T01:06:05+00:00,ac-2,access_switch,29.43,0.64,44.66,192.27,4.09,17.89,31.36,0.03,41.59,healthy,normal
2025-01-01T01:06:10+00:00,ac-6,access_switch,142.75,5.38,96.75,95.82,16.83,54.08,49.75,3.23,88.03,warning,congestion
2025-01-01T01:06:15+00:00,ro-6,router,32.03,1.08,28.05,234.84,2.47,25.47,26.91,0.26,26.03,healthy,normal
2025-01-01T01:06:20+00:00,da-5,database,32.92,1.42,55.95,257.7,3.78,44.08,54.01,0.39,57.3,healthy,normal
2025-01-01T01:06:25+00:00,ro-8,router,25.96,1.49,37.8,137.3,1.69,29.71,40.85,0.52,29.82,healthy,normal
2025-01-01T01:06:30+00:00,da-1,database,164.84,2.99,78.67,109.38,21.33,98.85,84.63,5.51,47.99,warning,device_overload
2025-01-01T01:06:35+00:00,se-5,server,18.79,1.13,36.82,232.42,2.43,42.55,41.31,0.63,38.64,healthy,normal
2025-01-01T01:06:40+00:00,ro-2,router,237.91,88.57,0.1,0.84,62.76,8.25,6.1,44.36,1.53,offline,device_failure
2025-01-01T01:06:45+00:00,ac-1,access_switch,139.07,8.94,91.12,814.62,10.22,96.41,52.85,1.98,96.13,warning,traffic_spike
2025-01-01T01:06:50+00:00,ac-3,access_switch,387.53,89.44,3.19,1.18,77.13,10.2,12.54,70.03,5.35,offline,device_failure
2025-01-01T01:06:55+00:00,co-8,core_switch,180.88,15.72,88.47,135.01,17.87,54.76,52.66,1.5,93.82,warning,congestion
2025-01-01T01:07:00+00:00,cl-4,client,417.64,88.9,4.95,1.7,81.88,5.62,5.39,61.82,2.72,offline,device_failure
2025-01-01T01:07:05+00:00,da-6,database,435.33,91.74,4.54,1.23,72.75,10.97,3.06,55.0,7.8,offline,device_failure
2025-01-01T01:07:10+00:00,da-7,database,280.75,91.33,1.64,2.46,92.84,7.78,2.06,83.19,5.96,warning,device_failure
2025-01-01T01:07:15+00:00,se-3,server,18.54,0.71,42.95,187.43,1.42,39.76,39.59,0.19,35.64,healthy,normal
2025-01-01T01:07:20+00:00,ac-1,access_switch,24.12,0.55,20.31,194.15,5.63,23.73,32.34,0.16,29.35,healthy,normal
2025-01-01T01:07:25+00:00,da-7,database,100.83,4.6,87.23,54.44,14.99,78.12,62.71,2.43,93.45,warning,congestion
2025-01-01T01:07:30+00:00,da-7,database,22.54,0.15,52.49,303.5,2.19,24.26,58.57,0.31,29.98,healthy,normal
2025-01-01T01:07:35+00:00,cl-1,client,98.67,10.04,94.91,101.98,19.94,78.55,50.59,2.89,86.97,warning,congestion
2025-01-01T01:07:40+00:00,se-3,server,40.79,1.0,38.11,114.58,5.87,54.66,31.51,0.68,15.51,healthy,normal
2025-01-01T01:07:45+00:00,se-1,server,25.63,0.37,23.14,290.16,3.75,59.57,60.76,0.47,23.7,healthy,normal
2025-01-01T01:07:50+00:00,ro-2,router,19.75,1.1,39.27,271.66,5.95,26.58,45.41,0.33,15.71,healthy,normal
2025-01-01T01:07:55+00:00,cl-6,client,38.52,1.16,58.28,308.48,3.9,20.07,54.17,0.66,16.08,healthy,normal
2025-01-01T01:08:00+00:00,co-3,core_switch,87.15,2.25,94.93,770.94,16.61,74.19,53.39,4.64,93.78,warning,traffic_spike
2025-01-01T01:08:05+00:00,ac-8,access_switch,41.59,1.31,26.22,310.27,2.61,29.9,49.92,0.85,29.36,healthy,normal
2025-01-01T01:08:10+00:00,da-6,database,36.69,0.18,55.38,234.67,4.92,30.61,28.85,0.01,63.22,healthy,normal
2025-01-01T01:08:15+00:00,cl-3,client,26.74,0.43,44.23,145.77,3.33,17.91,36.97,0.41,26.3,healthy,normal
2025-01-01T01:08:20+00:00,ro-5,router,231.37,92.23,8.34,0.4,52.57,10.54,10.99,62.61,7.67,warning,device_failure
2025-01-01T01:08:25+00:00,ro-5,router,105.68,12.8,90.34,159.37,19.56,46.19,75.59,2.49,95.5,warning,congestion
2025-01-01T01:08:30+00:00,se-2,server,38.58,1.38,46.06,148.13,3.07,54.42,59.39,0.13,54.92,healthy,normal
2025-01-01T01:08:35+00:00,se-4,server,19.63,0.13,44.63,248.23,3.64,31.92,62.54,0.39,22.21,healthy,normal
2025-01-01T01:08:40+00:00,ac-6,access_switch,24.99,0.64,37.76,200.26,0.94,40.15,66.13,0.38,54.3,healthy,normal
2025-01-01T01:08:45+00:00,ac-4,access_switch,126.74,3.61,69.84,176.49,21.04,86.75,97.52,1.88,73.81,warning,device_overload
2025-01-01T01:08:50+00:00,da-8,database,36.85,0.13,30.7,326.96,1.36,41.75,60.17,0.51,50.91,healthy,normal
2025-01-01T01:08:55+00:00,ro-1,router,419.42,94.2,5.62,7.74,52.5,10.74,8.96,43.51,5.03,offline,device_failure
2025-01-01T01:09:00+00:00,ro-4,router,214.41,72.0,13.28,2.9,35.81,29.19,47.27,57.47,7.99,offline,link_failure
2025-01-01T01:09:05+00:00,ro-5,router,22.95,1.47,56.55,295.18,3.64,51.98,53.98,0.77,47.09,healthy,normal
2025-01-01T01:09:10+00:00,cl-1,client,15.91,1.23,48.9,147.57,4.66,39.6,44.95,0.26,49.71,healthy,normal
2025-01-01T01:09:15+00:00,se-6,server,115.09,5.13,96.37,482.59,16.34,80.74,51.06,2.56,95.64,warning,traffic_spike
2025-01-01T01:09:20+00:00,ac-1,access_switch,30.64,1.34,47.13,119.38,5.52,58.33,44.59,0.65,29.4,healthy,normal
2025-01-01T01:09:25+00:00,ac-4,access_switch,86.4,7.65,92.69,460.76,21.12,78.56,77.33,2.03,97.15,warning,traffic_spike
2025-01-01T01:09:30+00:00,ac-5,access_switch,457.04,73.91,18.47,11.61,87.75,47.26,33.48,51.88,9.13,offline,link_failure
2025-01-01T01:09:35+00:00,ac-3,access_switch,140.24,5.12,68.23,133.91,20.28,86.95,84.47,6.13,54.96,warning,device_overload
2025-01-01T01:09:40+00:00,se-8,server,97.22,2.62,75.87,178.83,19.73,87.48,98.09,6.1,61.52,warning,device_overload
2025-01-01T01:09:45+00:00,ro-1,router,110.07,2.92,98.16,465.71,23.27,86.2,81.95,4.66,93.21,warning,traffic_spike
2025-01-01T01:09:50+00:00,se-3,server,173.72,5.02,52.99,89.09,14.0,90.01,87.22,2.13,80.0,warning,device_overload
2025-01-01T01:09:55+00:00,co-1,core_switch,399.86,96.02,2.04,6.48,94.13,4.31,5.71,65.06,0.58,warning,device_failure
2025-01-01T01:10:00+00:00,cl-8,client,16.08,0.31,56.9,220.19,2.65,55.49,61.55,0.72,37.82,healthy,normal
2025-01-01T01:10:05+00:00,ro-2,router,74.63,4.62,49.04,122.33,7.82,93.57,84.36,6.75,57.47,warning,device_overload
2025-01-01T01:10:10+00:00,se-2,server,465.56,89.89,2.88,4.28,58.28,6.21,8.56,52.17,4.95,offline,device_failure
2025-01-01T01:10:15+00:00,ro-8,router,220.85,15.82,94.1,44.2,22.96,52.42,73.97,1.36,88.86,warning,congestion
2025-01-01T01:10:20+00:00,ac-1,access_switch,293.62,88.87,9.48,7.23,83.67,9.19,0.5,88.96,7.6,offline,device_failure
2025-01-01T01:10:25+00:00,da-2,database,213.69,9.75,85.2,134.03,14.71,63.37,50.11,3.1,92.69,warning,congestion
2025-01-01T01:10:30+00:00,co-1,core_switch,187.91,93.89,4.32,14.6,52.76,50.76,25.85,41.7,6.97,warning,link_failure
2025-01-01T01:10:35+00:00,co-7,core_switch,32.44,0.82,23.43,135.96,4.0,55.66,39.48,0.31,62.74,healthy,normal
2025-01-01T01:10:40+00:00,ro-1,router,17.27,1.12,59.75,284.5,3.75,59.59,24.66,0.65,57.26,healthy,normal
2025-01-01T01:10:45+00:00,co-8,core_switch,15.78,0.07,34.43,254.15,2.07,28.16,50.67,0.43,21.36,healthy,normal
2025-01-01T01:10:50+00:00,ac-4,access_switch,25.84,1.1,34.78,311.32,1.95,47.09,65.42,0.7,30.22,healthy,normal
2025-01-01T01:10:55+00:00,da-5,database,96.67,4.79,49.18,101.8,13.57,99.31,91.78,1.55,84.22,warning,device_overload
2025-01-01T01:11:00+00:00,da-4,database,263.14,96.7,7.88,0.29,57.93,5.28,10.7,87.42,0.17,warning,device_failure
2025-01-01T01:11:05+00:00,ac-7,access_switch,311.11,99.58,0.6,6.84,66.12,0.23,5.36,59.42,1.8,warning,device_failure
2025-01-01T01:11:10+00:00,cl-7,client,27.04,0.99,19.47,277.86,5.67,55.95,57.2,0.3,58.06,healthy,normal
2025-01-01T01:11:15+00:00,da-4,database,34.23,0.51,56.97,205.5,3.02,47.82,56.36,0.05,20.68,healthy,normal
2025-01-01T01:11:20+00:00,cl-5,client,37.47,1.41,39.78,235.97,3.76,38.35,31.15,0.34,53.77,healthy,normal
2025-01-01T01:11:25+00:00,co-1,core_switch,80.26,7.46,91.29,919.41,23.43,76.87,71.7,0.67,92.74,warning,traffic_spike
2025-01-01T01:11:30+00:00,ac-1,access_switch,13.98,0.85,33.09,168.19,1.73,35.82,43.36,0.42,65.23,healthy,normal
2025-01-01T01:11:35+00:00,da-4,database,23.08,0.87,21.74,307.35,3.67,57.9,43.38,0.23,55.91,healthy,normal
2025-01-01T01:11:40+00:00,se-3,server,17.28,0.26,58.95,254.32,2.01,44.46,32.11,0.46,37.9,healthy,normal
2025-01-01T01:11:45+00:00,da-4,database,11.95,1.07,30.18,166.64,4.33,53.59,39.55,0.65,46.23,healthy,normal
2025-01-01T01:11:50+00:00,ro-8,router,13.62,0.12,27.59,235.48,5.11,45.65,27.14,0.38,29.72,healthy,normal
2025-01-01T01:11:55+00:00,da-6,database,20.72,0.61,48.64,213.55,5.86,42.99,31.05,0.04,63.38,healthy,normal
2025-01-01T01:12:00+00:00,ro-2,router,109.81,8.46,94.13,812.63,18.16,85.44,63.07,1.47,98.31,warning,traffic_spike
2025-01-01T01:12:05+00:00,cl-3,client,22.19,1.5,21.69,127.01,5.66,25.11,46.15,0.52,43.51,healthy,normal
2025-01-01T01:12:10+00:00,cl-2,client,37.12,0.79,20.42,213.91,3.53,34.85,35.84,0.75,30.24,healthy,normal
2025-01-01T01:12:15+00:00,co-6,core_switch,17.39,0.47,63.7,262.48,3.11,58.09,42.04,0.07,44.14,healthy,normal
2025-01-01T01:12:20+00:00,ac-8,access_switch,29.37,0.67,37.69,235.26,5.1,20.64,47.66,0.7,36.2,healthy,normal
2025-01-01T01:12:25+00:00,co-5,core_switch,200.4,8.1,85.01,93.11,25.13,50.49,59.79,6.29,88.77,warning,congestion
2025-01-01T01:12:30+00:00,se-1,server,15.34,0.63,53.98,266.5,3.24,19.54,62.26,0.75,16.24,healthy,normal
2025-01-01T01:12:35+00:00,ro-3,router,26.48,0.79,36.24,202.92,1.46,46.36,34.62,0.26,32.51,healthy,normal
2025-01-01T01:12:40+00:00,ac-2,access_switch,498.42,88.54,7.39,2.84,69.69,4.91,6.3,80.91,2.31,offline,device_failure
2025-01-01T01:12:45+00:00,co-3,core_switch,33.16,0.88,56.54,222.06,1.59,15.35,50.09,0.61,38.58,healthy,normal
2025-01-01T01:12:50+00:00,co-5,core_switch,40.23,0.15,31.98,185.05,3.73,55.38,49.51,0.76,37.19,healthy,normal
2025-01-01T01:12:55+00:00,ac-3,access_switch,40.51,0.06,62.42,304.12,4.6,34.37,36.24,0.79,31.35,healthy,normal
2025-01-01T01:13:00+00:00,co-2,core_switch,19.21,0.73,28.51,147.25,5.68,26.67,50.67,0.1,27.05,healthy,normal
2025-01-01T01:13:05+00:00,ro-4,router,27.67,0.76,25.94,241.65,1.01,55.08,47.67,0.18,40.4,healthy,normal
2025-01-01T01:13:10+00:00,ac-7,access_switch,427.66,94.25,8.31,2.36,51.03,8.48,11.83,59.44,3.46,warning,device_failure
2025-01-01T01:13:15+00:00,co-5,core_switch,33.41,0.17,34.62,127.39,4.93,47.73,38.39,0.46,29.36,healthy,normal
2025-01-01T01:13:20+00:00,da-2,database,141.28,3.2,81.99,113.51,21.92,97.12,89.08,6.89,73.43,warning,device_overload
2025-01-01T01:13:25+00:00,ro-1,router,296.4,95.04,8.72,1.76,55.76,5.64,6.78,45.29,3.97,offline,device_failure
2025-01-01T01:13:30+00:00,cl-2,client,40.43,1.29,53.22,110.7,1.15,40.1,33.18,0.16,36.74,healthy,normal
2025-01-01T01:13:35+00:00,se-4,server,30.41,0.73,48.88,149.61,2.36,25.44,36.85,0.44,56.43,healthy,normal
2025-01-01T01:13:40+00:00,ac-8,access_switch,19.45,0.33,63.26,307.3,4.77,33.88,43.68,0.22,37.09,healthy,normal
2025-01-01T01:13:45+00:00,ac-2,access_switch,21.12,0.6,24.02,304.08,5.17,53.88,50.45,0.62,16.51,healthy,normal
2025-01-01T01:13:50+00:00,co-7,core_switch,11.95,1.16,30.3,179.88,2.84,34.89,41.54,0.82,28.95,healthy,normal
2025-01-01T01:13:55+00:00,ac-1,access_switch,272.55,83.47,12.6,4.0,42.37,48.14,69.55,47.6,5.93,offline,link_failure
2025-01-01T01:14:00+00:00,ro-1,router,201.35,5.08,94.98,158.59,31.94,65.46,65.58,4.11,91.07,warning,congestion
2025-01-01T01:14:05+00:00,co-7,core_switch,37.51,0.34,55.66,310.34,2.52,24.7,56.27,0.85,16.88,healthy,normal
2025-01-01T01:14:10+00:00,da-2,database,26.05,1.19,19.99,172.28,0.93,43.42,54.28,0.03,54.0,healthy,normal
2025-01-01T01:14:15+00:00,se-3,server,450.94,98.52,8.62,0.61,72.75,8.44,10.26,36.11,5.94,offline,device_failure
2025-01-01T01:14:20+00:00,co-2,core_switch,191.7,13.51,86.3,118.74,20.12,56.98,60.44,1.14,89.84,warning,congestion
2025-01-01T01:14:25+00:00,ac-8,access_switch,22.05,0.64,28.45,199.39,2.25,27.8,54.93,0.46,34.89,healthy,normal
2025-01-01T01:14:30+00:00,cl-7,client,140.63,8.1,96.57,651.61,19.56,68.75,79.31,2.51,94.77,warning,traffic_spike
2025-01-01T01:14:35+00:00,ac-6,access_switch,14.6,0.94,21.93,233.39,1.88,57.39,50.11,0.08,35.97,healthy,normal
2025-01-01T01:14:40+00:00,da-4,database,245.91,93.92,4.12,5.92,90.89,0.44,9.65,67.93,6.97,offline,device_failure
2025-01-01T01:14:45+00:00,co-8,core_switch,27.46,0.47,48.64,180.8,4.49,38.15,61.78,0.89,19.23,healthy,normal
2025-01-01T01:14:50+00:00,cl-2,client,22.02,1.14,25.62,274.59,1.66,34.69,66.76,0.04,37.06,healthy,normal
2025-01-01T01:14:55+00:00,da-8,database,14.48,1.31,37.65,112.04,1.41,59.81,55.68,0.79,29.1,healthy,normal
2025-01-01T01:15:00+00:00,ac-3,access_switch,14.53,0.78,27.61,245.08,4.52,38.37,35.05,0.42,63.68,healthy,normal
2025-01-01T01:15:05+00:00,cl-3,client,69.78,7.72,93.69,585.67,11.58,82.11,87.75,0.53,97.01,warning,traffic_spike
2025-01-01T01:15:10+00:00,ro-8,router,20.59,0.09,40.03,144.42,2.62,40.16,33.95,0.57,63.25,healthy,normal
2025-01-01T01:15:15+00:00,se-5,server,21.75,1.15,61.91,233.44,4.14,24.12,50.08,0.09,26.25,healthy,normal
2025-01-01T01:15:20+00:00,da-2,database,14.05,0.78,48.31,194.25,3.79,53.4,50.61,0.87,53.34,healthy,normal
2025-01-01T01:15:25+00:00,se-4,server,79.33,6.48,84.56,67.33,19.85,88.05,86.64,7.12,58.9,warning,device_overload
2025-01-01T01:15:30+00:00,ro-3,router,101.05,5.52,95.98,590.27,18.01,71.52,71.29,2.2,93.86,warning,traffic_spike
2025-01-01T01:15:35+00:00,ac-6,access_switch,26.98,1.32,57.58,320.18,5.72,52.51,55.3,0.76,44.15,healthy,normal
2025-01-01T01:15:40+00:00,ac-2,access_switch,27.85,0.65,34.36,115.57,2.7,35.97,53.48,0.66,26.12,healthy,normal
2025-01-01T01:15:45+00:00,co-7,core_switch,139.26,15.2,99.92,65.46,21.39,52.21,63.1,2.97,98.75,warning,congestion
2025-01-01T01:15:50+00:00,da-1,database,109.61,2.27,91.3,664.58,8.88,88.86,59.62,3.31,99.71,warning,traffic_spike
2025-01-01T01:15:55+00:00,cl-8,client,362.38,93.68,8.75,6.0,89.41,0.46,0.4,84.18,1.23,offline,device_failure
2025-01-01T01:16:00+00:00,co-2,core_switch,196.81,89.85,1.37,2.34,62.65,64.25,34.13,47.63,0.3,warning,link_failure
2025-01-01T01:16:05+00:00,ac-3,access_switch,474.55,95.04,9.44,4.13,96.73,4.84,11.73,71.83,0.52,offline,device_failure
2025-01-01T01:16:10+00:00,da-5,database,252.67,93.32,2.76,1.59,72.8,2.08,10.46,81.08,0.03,warning,device_failure
2025-01-01T01:16:15+00:00,ac-2,access_switch,20.93,0.85,50.73,234.56,3.21,20.23,27.98,0.66,24.65,healthy,normal
2025-01-01T01:16:20+00:00,ro-3,router,199.37,6.61,89.37,50.57,30.83,54.13,72.14,4.85,98.62,warning,congestion
2025-01-01T01:16:25+00:00,cl-3,client,19.94,0.57,31.49,171.37,3.74,33.63,60.75,0.25,25.36,healthy,normal
2025-01-01T01:16:30+00:00,ac-8,access_switch,78.81,5.92,94.94,600.94,20.84,81.49,73.98,4.24,90.37,warning,traffic_spike
2025-01-01T01:16:35+00:00,se-4,server,498.31,93.21,6.46,5.46,60.88,4.11,13.56,65.34,5.95,warning,device_failure
2025-01-01T01:16:40+00:00,da-4,database,18.26,0.7,19.48,135.37,4.22,23.39,30.15,0.53,34.36,healthy,normal
2025-01-01T01:16:45+00:00,da-1,database,20.32,0.16,34.87,308.23,1.63,36.4,38.81,0.81,24.73,healthy,normal
2025-01-01T01:16:50+00:00,co-8,core_switch,27.5,1.13,38.63,245.65,3.89,46.25,56.16,0.43,27.67,healthy,normal
2025-01-01T01:16:55+00:00,da-7,database,270.05,99.18,19.3,18.32,84.05,42.81,44.79,54.83,17.17,warning,link_failure
2025-01-01T01:17:00+00:00,ro-3,router,26.39,1.38,59.67,322.35,5.7,23.93,66.79,0.68,21.75,healthy,normal
2025-01-01T01:17:05+00:00,ro-2,router,19.9,1.15,55.67,210.92,1.66,15.04,30.49,0.79,30.67,healthy,normal
2025-01-01T01:17:10+00:00,co-4,core_switch,23.97,1.09,25.24,232.18,4.83,15.22,31.01,0.09,43.59,healthy,normal
2025-01-01T01:17:15+00:00,co-8,core_switch,31.39,1.25,51.19,277.87,1.3,20.78,57.57,0.12,55.21,healthy,normal
2025-01-01T01:17:20+00:00,cl-7,client,108.72,6.27,92.16,758.24,27.4,68.81,83.65,1.3,92.35,warning,traffic_spike
2025-01-01T01:17:25+00:00,da-1,database,29.54,1.13,60.99,252.03,1.52,23.46,33.29,0.39,32.66,healthy,normal
2025-01-01T01:17:30+00:00,se-3,server,92.77,3.71,77.85,59.7,22.34,91.9,86.62,5.78,80.87,warning,device_overload
2025-01-01T01:17:35+00:00,ro-6,router,31.95,0.15,58.54,286.78,0.86,29.36,49.29,0.35,38.64,healthy,normal
2025-01-01T01:17:40+00:00,cl-7,client,23.52,0.08,37.97,273.25,1.4,51.32,63.96,0.45,55.61,healthy,normal
2025-01-01T01:17:45+00:00,da-2,database,415.65,99.46,11.7,9.2,70.48,26.77,40.84,62.04,10.62,offline,link_failure
2025-01-01T01:17:50+00:00,da-8,database,23.92,0.7,19.87,300.94,3.19,17.25,50.37,0.33,37.14,healthy,normal
2025-01-01T01:17:55+00:00,ro-5,router,80.55,3.5,45.7,98.83,17.18,94.34,89.72,1.26,76.76,warning,device_overload
2025-01-01T01:18:00+00:00,ro-2,router,14.03,0.22,41.19,306.4,2.6,35.61,51.16,0.83,61.99,healthy,normal
2025-01-01T01:18:05+00:00,da-8,database,58.66,4.61,88.46,728.58,22.48,92.37,53.84,2.81,97.25,warning,traffic_spike
2025-01-01T01:18:10+00:00,cl-5,client,23.52,0.03,62.67,166.51,4.2,54.73,60.82,0.39,21.05,healthy,normal
2025-01-01T01:18:15+00:00,ac-5,access_switch,29.7,0.81,55.31,262.74,1.05,40.8,33.47,0.84,29.29,healthy,normal
2025-01-01T01:18:20+00:00,co-5,core_switch,117.68,1.32,60.95,79.47,11.56,86.07,87.31,6.47,73.26,warning,device_overload
2025-01-01T01:18:25+00:00,se-6,server,13.11,0.34,51.32,158.63,3.98,47.77,50.81,0.41,36.88,healthy,normal
2025-01-01T01:18:30+00:00,da-7,database,153.96,10.69,88.83,81.55,33.39,50.62,72.76,3.99,93.45,warning,congestion
2025-01-01T01:18:35+00:00,se-5,server,22.89,0.99,44.85,127.29,3.33,59.32,27.66,0.67,42.54,healthy,normal
2025-01-01T01:18:40+00:00,ac-8,access_switch,31.58,0.04,47.37,146.68,2.63,34.42,67.82,0.02,65.61,healthy,normal
2025-01-01T01:18:45+00:00,se-4,server,139.42,10.45,89.43,163.35,15.21,59.64,49.61,1.66,90.05,warning,congestion
2025-01-01T01:18:50+00:00,cl-7,client,325.05,90.61,9.0,2.23,87.38,7.56,9.3,72.78,5.06,offline,device_failure
2025-01-01T01:18:55+00:00,da-7,database,85.89,3.83,75.27,93.65,21.79,88.2,97.97,3.8,45.14,warning,device_overload
2025-01-01T01:19:00+00:00,se-2,server,333.51,95.84,9.74,3.28,80.0,7.43,1.94,69.1,7.99,offline,device_failure
2025-01-01T01:19:05+00:00,cl-7,client,222.1,7.9,87.25,114.01,24.27,48.37,55.33,5.46,98.37,warning,congestion
2025-01-01T01:19:10+00:00,da-4,database,157.79,2.13,59.76,173.08,9.8,99.12,98.74,3.26,57.6,warning,device_overload
2025-01-01T01:19:15+00:00,co-8,core_switch,96.33,7.47,93.32,548.52,11.54,81.84,74.37,4.12,98.38,warning,traffic_spike
2025-01-01T01:19:20+00:00,co-2,core_switch,231.86,88.39,6.77,6.94,99.75,10.35,0.99,57.94,2.08,warning,device_failure
2025-01-01T01:19:25+00:00,ro-1,router,311.56,95.18,1.32,19.48,79.7,52.63,26.88,37.97,16.69,offline,link_failure
2025-01-01T01:19:30+00:00,se-7,server,150.55,1.73,78.88,157.32,16.28,97.08,95.55,3.57,73.23,warning,device_overload
2025-01-01T01:19:35+00:00,co-8,core_switch,16.72,0.15,48.18,126.3,5.48,37.12,34.77,0.23,30.36,healthy,normal
2025-01-01T01:19:40+00:00,se-5,server,28.18,0.89,53.78,142.57,2.3,24.95,40.32,0.33,30.14,healthy,normal
2025-01-01T01:19:45+00:00,co-5,core_switch,97.78,5.52,91.54,794.43,21.9,72.4,61.11,2.23,96.37,warning,traffic_spike
2025-01-01T01:19:50+00:00,co-5,core_switch,14.75,0.02,35.12,221.89,5.33,38.26,44.99,0.81,65.56,healthy,normal
2025-01-01T01:19:55+00:00,da-6,database,120.18,3.65,82.04,142.53,20.93,92.75,91.74,3.66,73.76,warning,device_overload
2025-01-01T01:20:00+00:00,co-5,core_switch,16.61,0.23,46.61,270.33,1.42,23.86,45.95,0.51,48.21,healthy,normal
2025-01-01T01:20:05+00:00,cl-4,client,33.72,0.55,19.54,247.81,5.75,37.83,35.94,0.87,59.02,healthy,normal
2025-01-01T01:20:10+00:00,ro-1,router,149.76,10.28,87.16,143.65,16.75,79.64,72.87,2.37,96.04,warning,congestion
2025-01-01T01:20:15+00:00,da-5,database,27.66,0.14,26.93,292.75,1.13,55.64,46.99,0.05,26.83,healthy,normal
2025-01-01T01:20:20+00:00,da-8,database,152.32,10.44,96.28,81.45,28.48,52.27,46.19,1.5,88.76,warning,congestion
2025-01-01T01:20:25+00:00,co-8,core_switch,128.49,4.12,90.31,157.65,30.72,61.38,65.13,4.53,94.89,warning,congestion
2025-01-01T01:20:30+00:00,ro-7,router,360.41,85.79,3.88,12.18,60.85,62.81,39.08,59.03,4.48,warning,link_failure
2025-01-01T01:20:35+00:00,da-5,database,30.03,0.17,53.56,150.08,0.83,55.2,46.42,0.45,24.3,healthy,normal
2025-01-01T01:20:40+00:00,cl-8,client,282.73,91.23,18.1,4.65,36.52,30.43,39.44,33.74,13.8,warning,link_failure
2025-01-01T01:20:45+00:00,cl-5,client,39.68,0.32,49.58,181.23,1.8,32.83,31.56,0.14,49.45,healthy,normal
2025-01-01T01:20:50+00:00,da-8,database,30.91,1.18,54.65,169.26,5.65,36.24,61.67,0.27,22.54,healthy,normal
2025-01-01T01:20:55+00:00,ac-6,access_switch,24.39,0.64,36.5,201.77,4.76,33.18,66.62,0.32,56.88,healthy,normal
2025-01-01T01:21:00+00:00,ac-1,access_switch,128.67,3.62,95.94,555.41,24.65,68.71,66.24,2.22,95.58,warning,traffic_spike
2025-01-01T01:21:05+00:00,co-8,core_switch,436.92,74.99,5.35,7.81,58.78,52.46,47.08,63.7,0.83,offline,link_failure
2025-01-01T01:21:10+00:00,cl-8,client,88.73,7.91,68.44,63.01,7.9,90.8,92.61,4.07,57.22,warning,device_overload
2025-01-01T01:21:15+00:00,cl-2,client,20.39,1.16,37.45,143.39,1.58,28.45,32.8,0.08,27.75,healthy,normal
2025-01-01T01:21:20+00:00,cl-5,client,165.72,13.81,94.72,58.26,32.02,77.22,67.17,5.43,99.4,warning,congestion
2025-01-01T01:21:25+00:00,se-4,server,15.89,0.7,39.66,183.26,4.32,46.68,35.24,0.67,16.2,healthy,normal
2025-01-01T01:21:30+00:00,se-7,server,22.68,0.73,20.26,226.25,5.55,38.05,24.71,0.39,16.67,healthy,normal
2025-01-01T01:21:35+00:00,ac-8,access_switch,125.98,8.01,84.14,49.82,14.4,65.66,46.04,1.95,93.19,warning,congestion
2025-01-01T01:21:40+00:00,da-4,database,433.01,97.21,4.31,2.21,69.82,10.57,10.35,70.77,0.58,offline,device_failure
2025-01-01T01:21:45+00:00,ac-8,access_switch,120.69,5.85,77.81,113.37,7.34,94.05,84.1,6.8,45.81,warning,device_overload
2025-01-01T01:21:50+00:00,se-3,server,18.28,0.33,49.7,181.86,3.18,44.94,57.88,0.52,33.44,healthy,normal
2025-01-01T01:21:55+00:00,da-3,database,72.0,3.19,91.7,479.44,18.67,96.33,51.5,1.07,93.49,warning,traffic_spike
2025-01-01T01:22:00+00:00,ac-4,access_switch,31.06,0.3,25.67,328.02,2.01,56.39,57.98,0.02,60.64,healthy,normal
2025-01-01T01:22:05+00:00,ro-7,router,57.29,8.94,98.25,532.21,8.98,81.16,57.55,3.97,95.9,warning,traffic_spike
2025-01-01T01:22:10+00:00,co-2,core_switch,15.21,0.31,62.21,272.94,2.66,59.79,42.27,0.19,19.72,healthy,normal
2025-01-01T01:22:15+00:00,se-5,server,158.77,15.34,83.27,89.4,22.92,80.58,45.6,3.16,90.34,warning,congestion
2025-01-01T01:22:20+00:00,cl-5,client,17.34,1.05,48.57,288.24,5.35,15.71,66.43,0.66,61.66,healthy,normal
2025-01-01T01:22:25+00:00,co-3,core_switch,28.07,0.19,25.32,262.92,4.76,17.75,59.3,0.78,49.37,healthy,normal
2025-01-01T01:22:30+00:00,se-3,server,23.42,0.26,42.37,143.3,5.01,45.09,40.06,0.83,55.9,healthy,normal
2025-01-01T01:22:35+00:00,co-5,core_switch,22.92,0.56,57.55,246.82,0.95,16.16,25.25,0.42,53.22,healthy,normal
2025-01-01T01:22:40+00:00,se-1,server,27.26,1.14,51.96,147.34,1.32,30.69,33.8,0.38,18.45,healthy,normal
2025-01-01T01:22:45+00:00,se-7,server,132.05,6.29,89.61,725.6,20.74,77.34,67.84,4.56,91.28,warning,traffic_spike
2025-01-01T01:22:50+00:00,ac-2,access_switch,114.95,6.24,79.08,81.5,10.51,87.82,99.08,2.58,48.53,warning,device_overload
2025-01-01T01:22:55+00:00,se-5,server,38.38,0.16,28.63,150.62,4.23,29.79,66.85,0.6,42.04,healthy,normal
2025-01-01T01:23:00+00:00,ac-3,access_switch,132.55,8.5,85.47,135.73,34.12,72.67,70.79,4.79,97.12,warning,congestion
2025-01-01T01:23:05+00:00,ro-3,router,112.12,8.68,90.85,624.41,8.23,82.42,82.59,1.34,98.7,warning,traffic_spike
2025-01-01T01:23:10+00:00,se-8,server,144.34,5.63,91.15,645.53,22.9,87.66,69.55,2.02,99.97,warning,traffic_spike
2025-01-01T01:23:15+00:00,ac-8,access_switch,34.7,0.68,22.54,298.37,4.77,26.83,58.41,0.38,16.32,healthy,normal
2025-01-01T01:23:20+00:00,ro-4,router,226.39,13.96,85.04,132.65,15.28,57.86,58.29,4.32,99.15,warning,congestion
2025-01-01T01:23:25+00:00,da-3,database,90.78,9.53,99.98,525.49,24.8,74.66,50.64,3.8,93.54,warning,traffic_spike
2025-01-01T01:23:30+00:00,co-1,core_switch,201.04,8.35,86.92,163.13,25.8,58.86,45.6,1.99,94.88,warning,congestion
2025-01-01T01:23:35+00:00,cl-3,client,122.19,7.69,61.96,82.3,7.78,99.57,90.41,3.73,67.44,warning,device_overload
2025-01-01T01:23:40+00:00,se-8,server,20.3,1.08,32.1,126.47,4.48,45.07,33.19,0.66,45.89,healthy,normal
2025-01-01T01:23:45+00:00,se-3,server,14.6,1.23,53.94,287.54,5.74,25.91,58.6,0.58,35.33,healthy,normal
2025-01-01T01:23:50+00:00,ac-2,access_switch,17.24,1.42,24.6,198.32,4.58,41.37,53.58,0.19,22.41,healthy,normal
2025-01-01T01:23:55+00:00,ac-1,access_switch,30.38,0.78,42.64,279.76,3.91,25.45,43.28,0.74,43.15,healthy,normal
2025-01-01T01:24:00+00:00,co-2,core_switch,161.23,6.28,73.8,173.16,22.19,86.57,97.41,2.79,71.96,warning,device_overload
2025-01-01T01:24:05+00:00,co-8,core_switch,34.27,0.34,22.84,329.47,3.94,41.96,39.95,0.78,49.58,healthy,normal
2025-01-01T01:24:10+00:00,se-2,server,463.6,91.36,7.24,2.21,58.84,6.09,5.88,81.0,7.86,offline,device_failure
2025-01-01T01:24:15+00:00,ro-8,router,17.77,0.74,45.78,256.44,1.34,50.14,55.18,0.5,58.55,healthy,normal
2025-01-01T01:24:20+00:00,da-7,database,11.35,0.16,57.4,251.39,1.31,19.27,66.54,0.21,45.17,healthy,normal
2025-01-01T01:24:25+00:00,da-7,database,153.76,6.03,46.59,142.36,14.04,92.45,97.81,1.26,62.14,warning,device_overload
2025-01-01T01:24:30+00:00,cl-1,client,288.33,90.17,6.31,2.63,61.08,4.95,0.4,60.11,7.13,offline,device_failure
2025-01-01T01:24:35+00:00,cl-6,client,21.28,1.45,31.0,282.42,2.49,46.46,51.93,0.69,23.35,healthy,normal
2025-01-01T01:24:40+00:00,da-6,database,192.4,13.04,96.28,62.37,25.0,48.29,54.66,4.23,97.27,warning,congestion
2025-01-01T01:24:45+00:00,ac-5,access_switch,64.12,7.78,95.67,583.33,17.94,73.59,64.54,1.69,97.07,warning,traffic_spike
2025-01-01T01:24:50+00:00,se-6,server,34.15,1.44,33.17,134.53,3.83,55.9,54.81,0.5,54.35,healthy,normal
2025-01-01T01:24:55+00:00,se-2,server,113.8,5.09,93.17,154.0,22.52,54.74,67.77,4.2,91.55,warning,congestion
2025-01-01T01:25:00+00:00,ro-5,router,110.21,9.77,91.89,540.16,24.52,75.38,55.89,4.97,90.26,warning,traffic_spike
2025-01-01T01:25:05+00:00,cl-4,client,17.85,0.34,48.45,157.51,0.86,25.97,24.91,0.55,58.57,healthy,normal
2025-01-01T01:25:10+00:00,da-4,database,23.19,1.27,45.3,248.0,5.42,59.06,56.86,0.64,66.06,healthy,normal
2025-01-01T01:25:15+00:00,ac-6,access_switch,473.01,99.24,3.2,2.86,97.7,1.61,12.04,89.24,1.98,offline,device_failure
2025-01-01T01:25:20+00:00,co-2,core_switch,227.25,13.41,91.63,101.85,20.15,74.87,63.75,5.32,96.05,warning,congestion
2025-01-01T01:25:25+00:00,da-4,database,113.51,5.02,47.13,138.54,14.95,92.11,99.25,2.2,69.08,warning,device_overload
2025-01-01T01:25:30+00:00,ro-6,router,154.11,12.48,84.08,86.07,36.82,55.22,51.07,6.38,86.39,warning,congestion
2025-01-01T01:25:35+00:00,se-3,server,228.0,6.58,90.69,109.99,29.54,57.23,62.51,6.26,99.25,warning,congestion
2025-01-01T01:25:40+00:00,da-6,database,37.61,1.46,20.49,275.98,3.85,49.86,27.12,0.06,36.51,healthy,normal
2025-01-01T01:25:45+00:00,co-4,core_switch,41.35,1.16,64.51,293.86,0.95,56.8,56.06,0.3,19.9,healthy,normal
2025-01-01T01:25:50+00:00,cl-7,client,35.76,0.57,40.3,296.4,1.75,29.0,31.81,0.39,28.1,healthy,normal
2025-01-01T01:25:55+00:00,ac-7,access_switch,16.42,0.53,48.42,127.95,3.15,19.23,35.34,0.79,18.17,healthy,normal
2025-01-01T01:26:00+00:00,cl-6,client,98.85,4.02,99.75,41.64,20.5,56.33,70.8,4.41,91.25,warning,congestion
2025-01-01T01:26:05+00:00,co-4,core_switch,30.37,0.75,43.16,324.67,1.3,45.74,30.81,0.34,24.2,healthy,normal
2025-01-01T01:26:10+00:00,co-3,core_switch,36.06,0.67,47.24,315.76,5.42,50.71,29.29,0.84,63.62,healthy,normal
2025-01-01T01:26:15+00:00,cl-3,client,28.88,0.25,22.69,152.5,1.61,42.59,38.85,0.41,49.24,healthy,normal
2025-01-01T01:26:20+00:00,se-2,server,321.35,92.39,2.39,6.54,55.36,4.85,5.02,85.41,7.37,offline,device_failure
2025-01-01T01:26:25+00:00,cl-2,client,458.9,89.09,6.55,7.29,75.96,8.43,7.3,76.63,5.15,offline,device_failure
2025-01-01T01:26:30+00:00,co-8,core_switch,34.43,0.44,47.44,198.93,2.76,37.07,45.61,0.29,40.17,healthy,normal
2025-01-01T01:26:35+00:00,se-5,server,34.67,1.05,42.79,119.16,5.72,28.82,49.85,0.81,43.22,healthy,normal
2025-01-01T01:26:40+00:00,cl-1,client,121.44,1.33,57.12,80.41,22.43,86.73,97.21,7.12,76.76,warning,device_overload
2025-01-01T01:26:45+00:00,co-6,core_switch,183.76,4.54,86.65,99.44,16.83,53.2,53.53,5.28,92.93,warning,congestion
2025-01-01T01:26:50+00:00,da-1,database,91.56,8.58,98.31,55.12,19.55,78.46,65.75,6.49,90.63,warning,congestion
2025-01-01T01:26:55+00:00,se-4,server,21.9,1.26,20.1,141.17,2.08,45.08,62.81,0.38,44.67,healthy,normal
2025-01-01T01:27:00+00:00,cl-5,client,340.48,88.12,8.24,3.02,91.34,2.27,10.91,48.94,0.08,warning,device_failure
2025-01-01T01:27:05+00:00,ro-8,router,74.82,5.83,47.82,70.44,9.54,97.08,85.06,4.76,52.2,warning,device_overload
2025-01-01T01:27:10+00:00,cl-7,client,265.44,80.02,18.82,6.28,75.66,37.77,66.62,29.1,1.56,offline,link_failure
2025-01-01T01:27:15+00:00,co-1,core_switch,356.62,89.31,2.29,6.66,55.15,9.15,11.29,48.3,4.92,warning,device_failure
2025-01-01T01:27:20+00:00,co-8,core_switch,29.1,0.06,61.88,278.69,1.78,24.47,37.99,0.51,64.33,healthy,normal
2025-01-01T01:27:25+00:00,ac-3,access_switch,21.2,0.3,48.27,196.09,1.6,28.13,26.8,0.17,25.11,healthy,normal
2025-01-01T01:27:30+00:00,se-1,server,160.2,1.49,54.83,126.36,15.91,88.01,99.43,1.4,74.44,warning,device_overload
2025-01-01T01:27:35+00:00,da-1,database,29.79,0.25,61.84,191.48,1.55,19.67,34.28,0.34,44.26,healthy,normal
2025-01-01T01:27:40+00:00,da-4,database,435.79,88.42,5.46,0.16,90.32,5.72,8.0,56.23,5.48,warning,device_failure
2025-01-01T01:27:45+00:00,cl-4,client,31.85,0.92,34.22,327.36,3.17,56.37,30.74,0.48,33.73,healthy,normal
2025-01-01T01:27:50+00:00,cl-3,client,40.82,0.58,30.09,145.27,4.65,34.43,37.19,0.04,36.34,healthy,normal
2025-01-01T01:27:55+00:00,co-3,core_switch,456.84,92.24,9.42,3.37,67.97,8.8,6.21,56.36,2.91,offline,device_failure
2025-01-01T01:28:00+00:00,se-3,server,33.15,0.31,28.2,152.01,1.81,54.31,53.01,0.56,61.82,healthy,normal
2025-01-01T01:28:05+00:00,se-6,server,178.38,6.56,85.4,54.12,28.96,56.11,71.98,5.65,94.73,warning,congestion
2025-01-01T01:28:10+00:00,co-6,core_switch,27.65,0.24,36.06,223.85,1.74,34.93,54.53,0.35,49.68,healthy,normal
2025-01-01T01:28:15+00:00,cl-3,client,30.52,0.86,55.64,143.15,2.45,26.06,56.49,0.69,40.31,healthy,normal
2025-01-01T01:28:20+00:00,da-1,database,137.76,6.51,48.43,56.17,20.8,86.74,97.64,3.19,83.78,warning,device_overload
2025-01-01T01:28:25+00:00,co-4,core_switch,19.84,0.1,47.29,179.41,5.5,35.1,38.9,0.16,30.77,healthy,normal
2025-01-01T01:28:30+00:00,co-3,core_switch,274.08,89.42,9.1,3.28,75.89,7.54,9.8,50.47,6.78,offline,device_failure
2025-01-01T01:28:35+00:00,ro-3,router,39.09,0.15,19.85,303.65,3.26,36.46,57.75,0.53,66.36,healthy,normal
2025-01-01T01:28:40+00:00,se-3,server,24.31,0.03,41.11,257.79,2.59,30.29,27.74,0.33,24.22,healthy,normal
2025-01-01T01:28:45+00:00,cl-7,client,165.43,1.78,82.4,184.66,10.15,94.88,88.68,6.55,78.82,warning,device_overload
2025-01-01T01:28:50+00:00,se-1,server,29.9,0.89,64.61,190.35,2.11,38.1,67.21,0.81,16.22,healthy,normal
2025-01-01T01:28:55+00:00,co-1,core_switch,30.78,1.05,30.37,329.15,2.56,27.28,67.78,0.59,49.29,healthy,normal
2025-01-01T01:29:00+00:00,ro-3,router,37.91,1.39,18.5,236.2,2.37,23.98,44.69,0.35,51.15,healthy,normal
2025-01-01T01:29:05+00:00,se-6,server,21.74,0.77,64.7,203.39,4.48,20.96,39.23,0.24,25.03,healthy,normal
2025-01-01T01:29:10+00:00,ro-8,router,39.4,0.13,49.31,180.1,3.45,20.11,59.67,0.73,20.57,healthy,normal
2025-01-01T01:29:15+00:00,ac-2,access_switch,14.93,1.2,54.61,300.01,0.85,15.61,59.51,0.78,47.11,healthy,normal
2025-01-01T01:29:20+00:00,cl-8,client,30.19,0.5,49.25,244.76,1.09,21.24,64.39,0.83,24.65,healthy,normal
2025-01-01T01:29:25+00:00,ro-4,router,243.07,92.08,8.51,15.01,41.56,56.79,58.29,42.29,12.71,warning,link_failure
2025-01-01T01:29:30+00:00,cl-1,client,24.16,0.76,21.74,324.32,2.17,54.52,49.32,0.17,21.45,healthy,normal
2025-01-01T01:29:35+00:00,co-6,core_switch,406.89,78.38,8.68,20.06,47.8,38.55,55.11,29.82,4.52,warning,link_failure
2025-01-01T01:29:40+00:00,co-1,core_switch,30.95,1.45,29.83,275.95,1.14,17.83,39.15,0.66,47.23,healthy,normal
2025-01-01T01:29:45+00:00,ro-8,router,233.24,96.93,0.88,4.71,95.4,4.34,9.54,72.3,0.53,offline,device_failure
2025-01-01T01:29:50+00:00,ac-8,access_switch,21.46,1.22,35.41,176.05,3.34,39.57,56.78,0.21,23.87,healthy,normal
2025-01-01T01:29:55+00:00,se-8,server,161.2,3.27,76.85,182.6,13.45,98.16,91.43,2.07,76.73,warning,device_overload
2025-01-01T01:30:00+00:00,ro-3,router,35.22,0.57,58.9,142.86,2.7,34.55,59.97,0.81,22.85,healthy,normal
2025-01-01T01:30:05+00:00,co-2,core_switch,56.48,5.78,91.25,526.9,17.95,72.75,81.53,4.34,92.78,warning,traffic_spike
2025-01-01T01:30:10+00:00,da-8,database,23.85,1.42,25.51,323.2,1.11,58.26,26.94,0.29,39.79,healthy,normal
2025-01-01T01:30:15+00:00,co-8,core_switch,35.72,0.62,18.61,177.76,1.62,43.37,54.1,0.39,21.34,healthy,normal
2025-01-01T01:30:20+00:00,ac-6,access_switch,33.19,1.21,58.61,191.3,5.85,17.84,43.67,0.38,25.89,healthy,normal
2025-01-01T01:30:25+00:00,co-6,core_switch,30.28,1.35,40.38,171.72,2.57,50.72,54.73,0.81,65.2,healthy,normal
2025-01-01T01:30:30+00:00,da-4,database,392.43,89.06,17.89,5.98,63.8,60.08,39.73,59.63,6.91,offline,link_failure
2025-01-01T01:30:35+00:00,ac-2,access_switch,26.94,0.69,60.32,318.37,4.58,18.01,41.14,0.17,55.04,healthy,normal
2025-01-01T01:30:40+00:00,ac-1,access_switch,322.12,78.25,0.07,8.55,67.24,45.28,61.83,63.05,8.72,offline,link_failure
2025-01-01T01:30:45+00:00,da-4,database,36.37,0.97,63.01,241.47,1.43,48.0,56.36,0.18,56.54,healthy,normal
2025-01-01T01:30:50+00:00,se-7,server,32.42,1.28,32.01,154.93,2.34,16.3,52.34,0.38,34.17,healthy,normal
2025-01-01T01:30:55+00:00,co-7,core_switch,346.58,88.63,16.69,2.59,46.41,32.42,58.2,40.4,2.93,offline,link_failure
2025-01-01T01:31:00+00:00,ro-2,router,11.68,0.49,40.42,141.19,5.13,31.88,25.12,0.39,31.84,healthy,normal
2025-01-01T01:31:05+00:00,da-1,database,30.6,0.49,53.56,118.66,3.46,47.52,55.4,0.45,63.2,healthy,normal
2025-01-01T01:31:10+00:00,ro-3,router,40.08,0.35,53.47,323.91,2.56,33.57,57.04,0.44,43.35,healthy,normal
2025-01-01T01:31:15+00:00,cl-7,client,185.72,10.58,84.52,66.94,16.14,73.22,73.27,2.36,86.79,warning,congestion
2025-01-01T01:31:20+00:00,ro-1,router,133.93,5.88,64.15,60.69,19.14,99.3,99.27,1.96,58.74,warning,device_overload
2025-01-01T01:31:25+00:00,cl-7,client,10.62,1.15,41.13,257.32,4.43,39.75,25.77,0.53,25.86,healthy,normal
2025-01-01T01:31:30+00:00,ro-6,router,186.76,10.98,89.26,156.82,16.27,52.87,61.3,6.49,96.42,warning,congestion
2025-01-01T01:31:35+00:00,da-6,database,26.35,0.24,27.47,243.68,2.54,29.72,35.46,0.11,29.84,healthy,normal
2025-01-01T01:31:40+00:00,da-7,database,16.55,0.17,36.21,133.48,5.65,24.25,57.43,0.66,30.53,healthy,normal
2025-01-01T01:31:45+00:00,co-5,core_switch,101.51,1.38,70.04,131.52,21.15,89.53,92.18,3.17,54.31,warning,device_overload
2025-01-01T01:31:50+00:00,ac-4,access_switch,25.99,1.08,51.84,210.73,2.83,48.92,64.52,0.43,46.03,healthy,normal
2025-01-01T01:31:55+00:00,cl-4,client,203.3,75.0,0.01,0.75,33.0,20.5,37.89,20.0,8.01,offline,link_failure
2025-01-01T01:32:00+00:00,co-6,core_switch,244.59,77.34,9.31,21.03,34.57,38.79,26.05,54.67,16.17,warning,link_failure
2025-01-01T01:32:05+00:00,ac-8,access_switch,39.76,1.33,55.63,155.03,5.58,48.49,54.0,0.03,63.41,healthy,normal
2025-01-01T01:32:10+00:00,ro-2,router,12.76,0.35,58.88,237.55,3.7,27.15,54.93,0.43,53.03,healthy,normal
2025-01-01T01:32:15+00:00,ro-7,router,31.7,0.04,41.38,292.7,2.94,58.78,49.38,0.04,18.28,healthy,normal
2025-01-01T01:32:20+00:00,ac-8,access_switch,240.81,79.48,14.77,23.12,41.28,51.04,63.09,64.81,0.79,offline,link_failure
2025-01-01T01:32:25+00:00,se-8,server,199.83,12.59,95.62,77.25,14.3,58.59,71.55,4.27,91.23,warning,congestion
2025-01-01T01:32:30+00:00,cl-3,client,83.86,7.11,92.88,714.3,15.44,97.51,79.16,1.16,96.73,warning,traffic_spike
2025-01-01T01:32:35+00:00,cl-7,client,87.43,5.45,95.23,863.54,14.66,78.76,67.73,3.89,98.62,warning,traffic_spike
2025-01-01T01:32:40+00:00,ro-6,router,26.2,1.29,47.38,241.73,3.61,52.44,31.01,0.72,22.26,healthy,normal
2025-01-01T01:32:45+00:00,co-7,core_switch,252.07,93.03,1.12,4.01,47.31,1.25,0.06,86.4,5.32,offline,device_failure
2025-01-01T01:32:50+00:00,co-6,core_switch,25.65,0.49,57.31,192.13,5.67,38.54,60.05,0.2,33.26,healthy,normal
2025-01-01T01:32:55+00:00,ro-4,router,30.5,0.68,57.21,306.95,1.78,15.03,58.92,0.45,20.61,healthy,normal
2025-01-01T01:33:00+00:00,ro-5,router,17.74,0.61,56.79,229.23,1.3,51.65,25.03,0.03,21.3,healthy,normal
2025-01-01T01:33:05+00:00,cl-2,client,12.14,0.68,23.59,317.87,4.24,15.48,50.29,0.31,34.5,healthy,normal
2025-01-01T01:33:10+00:00,da-8,database,30.33,0.89,49.92,324.94,3.4,30.82,35.25,0.43,56.49,healthy,normal
2025-01-01T01:33:15+00:00,ro-6,router,464.74,91.18,21.88,9.12,87.77,54.16,29.08,31.35,1.66,offline,link_failure
2025-01-01T01:33:20+00:00,cl-2,client,24.55,1.12,29.34,326.48,0.98,28.94,58.2,0.77,26.26,healthy,normal
2025-01-01T01:33:25+00:00,ro-3,router,28.99,1.01,19.33,221.38,1.16,23.16,36.09,0.51,56.67,healthy,normal
2025-01-01T01:33:30+00:00,cl-1,client,121.71,5.41,91.78,62.61,23.74,76.58,43.43,4.61,91.97,warning,congestion
2025-01-01T01:33:35+00:00,ro-4,router,115.45,2.74,60.49,155.51,17.46,88.47,90.03,3.12,54.61,warning,device_overload
2025-01-01T01:33:40+00:00,da-4,database,422.73,97.7,9.48,0.93,54.04,1.58,13.7,68.29,0.19,offline,device_failure
2025-01-01T01:33:45+00:00,cl-7,client,10.66,0.79,50.61,249.66,1.35,36.31,36.27,0.5,36.96,healthy,normal
2025-01-01T01:33:50+00:00,ac-6,access_switch,25.19,0.76,29.43,314.13,1.52,16.08,27.8,0.17,25.22,healthy,normal
2025-01-01T01:33:55+00:00,da-6,database,124.1,4.35,83.83,143.6,16.31,87.62,84.64,2.42,57.91,warning,device_overload
2025-01-01T01:34:00+00:00,se-1,server,333.06,72.34,11.54,6.38,61.83,33.65,63.14,34.38,4.39,warning,link_failure
2025-01-01T01:34:05+00:00,co-4,core_switch,31.25,0.72,28.06,147.93,3.68,43.22,61.78,0.06,49.69,healthy,normal
2025-01-01T01:34:10+00:00,co-2,core_switch,358.98,99.88,0.73,1.32,79.48,4.96,8.76,86.57,6.62,offline,device_failure
2025-01-01T01:34:15+00:00,se-1,server,37.86,1.17,19.3,257.76,5.64,32.58,50.68,0.78,53.93,healthy,normal
2025-01-01T01:34:20+00:00,da-7,database,30.67,1.13,25.39,241.78,2.3,49.79,43.04,0.03,18.45,healthy,normal
2025-01-01T01:34:25+00:00,co-1,core_switch,21.82,0.59,39.83,287.5,5.57,28.66,47.55,0.29,31.02,healthy,normal
2025-01-01T01:34:30+00:00,da-8,database,89.75,8.97,96.26,770.67,26.47,86.16,75.12,3.08,94.69,warning,traffic_spike
2025-01-01T01:34:35+00:00,se-6,server,27.05,0.92,20.96,248.41,5.66,54.36,50.16,0.21,63.19,healthy,normal
2025-01-01T01:34:40+00:00,co-4,core_switch,21.15,0.46,56.81,223.89,2.94,26.88,42.65,0.59,54.95,healthy,normal
2025-01-01T01:34:45+00:00,co-5,core_switch,72.1,7.49,96.55,700.92,12.09,81.88,69.76,1.03,97.23,warning,traffic_spike
2025-01-01T01:34:50+00:00,co-4,core_switch,29.14,0.95,33.86,305.2,5.01,31.87,41.23,0.65,63.49,healthy,normal
2025-01-01T01:34:55+00:00,ac-3,access_switch,18.15,0.11,23.85,192.84,3.66,32.69,26.93,0.73,28.25,healthy,normal
2025-01-01T01:35:00+00:00,da-5,database,26.36,0.63,30.49,325.95,4.07,37.03,28.76,0.39,31.28,healthy,normal
2025-01-01T01:35:05+00:00,ro-6,router,34.32,1.49,19.93,125.46,1.36,39.09,29.61,0.09,53.64,healthy,normal
2025-01-01T01:35:10+00:00,ro-1,router,10.32,0.51,47.34,170.98,3.03,25.37,51.21,0.51,28.87,healthy,normal
2025-01-01T01:35:15+00:00,co-3,core_switch,88.33,11.01,95.96,62.34,37.13,59.18,61.5,1.1,88.25,warning,congestion
2025-01-01T01:35:20+00:00,da-5,database,202.38,5.49,87.19,92.83,18.29,67.56,74.11,6.51,89.91,warning,congestion
2025-01-01T01:35:25+00:00,cl-5,client,23.93,1.29,57.93,208.16,2.01,53.13,41.98,0.4,22.82,healthy,normal
2025-01-01T01:35:30+00:00,da-7,database,57.07,8.12,90.46,759.92,16.73,94.25,63.01,0.59,95.08,warning,traffic_spike
2025-01-01T01:35:35+00:00,se-4,server,21.93,1.06,46.24,263.76,2.76,50.46,33.11,0.28,36.07,healthy,normal
2025-01-01T01:35:40+00:00,ac-4,access_switch,22.14,1.32,63.15,261.03,3.73,44.05,26.85,0.64,16.14,healthy,normal
2025-01-01T01:35:45+00:00,ac-7,access_switch,87.97,9.24,90.57,95.14,23.37,57.88,51.69,6.47,89.64,warning,congestion
2025-01-01T01:35:50+00:00,co-4,core_switch,37.07,1.47,35.13,277.36,1.27,56.21,28.06,0.63,17.6,healthy,normal
2025-01-01T01:35:55+00:00,ac-8,access_switch,14.77,0.21,38.49,301.62,1.77,33.43,31.33,0.06,60.33,healthy,normal
2025-01-01T01:36:00+00:00,da-3,database,93.15,4.29,61.93,77.67,7.27,99.46,93.64,1.54,78.23,warning,device_overload
2025-01-01T01:36:05+00:00,co-2,core_switch,34.93,0.83,35.34,149.36,3.58,23.41,58.62,0.29,23.93,healthy,normal
2025-01-01T01:36:10+00:00,ro-1,router,22.6,0.25,40.05,296.24,2.06,42.4,40.16,0.7,39.05,healthy,normal
2025-01-01T01:36:15+00:00,cl-2,client,32.83,0.24,46.48,119.3,5.91,21.12,36.64,0.48,40.48,healthy,normal
2025-01-01T01:36:20+00:00,da-7,database,446.64,85.07,14.24,12.47,77.18,45.99,64.37,38.23,4.53,offline,link_failure
2025-01-01T01:36:25+00:00,co-8,core_switch,66.36,2.29,88.88,917.41,24.84,71.47,84.36,2.22,93.0,warning,traffic_spike
2025-01-01T01:36:30+00:00,se-4,server,34.01,0.32,54.43,275.08,3.14,41.57,57.39,0.13,56.28,healthy,normal
2025-01-01T01:36:35+00:00,co-1,core_switch,38.82,1.36,29.89,197.83,4.51,31.72,33.01,0.12,64.9,healthy,normal
2025-01-01T01:36:40+00:00,co-2,core_switch,19.45,0.08,39.86,195.04,4.2,34.5,50.32,0.32,41.65,healthy,normal
2025-01-01T01:36:45+00:00,se-2,server,21.28,0.29,61.33,146.51,5.96,21.57,55.29,0.24,16.28,healthy,normal
2025-01-01T01:36:50+00:00,da-6,database,10.77,0.61,55.53,211.26,4.03,27.82,26.24,0.47,21.41,healthy,normal
2025-01-01T01:36:55+00:00,se-7,server,34.44,0.05,54.63,270.31,3.75,18.03,66.6,0.84,34.65,healthy,normal
2025-01-01T01:37:00+00:00,se-5,server,76.55,6.33,52.85,138.28,11.41,89.08,84.7,1.08,50.72,warning,device_overload
2025-01-01T01:37:05+00:00,co-7,core_switch,35.58,1.32,38.06,235.0,5.95,24.48,67.61,0.15,16.95,healthy,normal
2025-01-01T01:37:10+00:00,ro-3,router,457.45,85.82,1.76,11.03,83.96,47.76,71.03,58.28,17.2,warning,link_failure
2025-01-01T01:37:15+00:00,da-6,database,30.21,0.49,25.31,260.03,4.53,38.4,36.27,0.53,61.62,healthy,normal
2025-01-01T01:37:20+00:00,ro-7,router,25.47,0.49,41.92,219.75,4.57,33.21,65.89,0.27,59.88,healthy,normal
2025-01-01T01:37:25+00:00,co-4,core_switch,37.02,0.33,62.94,212.16,1.6,19.44,47.86,0.33,53.61,healthy,normal
2025-01-01T01:37:30+00:00,ac-5,access_switch,12.6,0.24,40.62,314.25,1.14,29.13,63.13,0.39,57.38,healthy,normal
2025-01-01T01:37:35+00:00,se-1,server,20.68,0.56,32.48,217.03,5.99,56.75,41.44,0.19,37.37,healthy,normal
2025-01-01T01:37:40+00:00,co-3,core_switch,20.76,0.9,45.89,297.7,1.32,18.7,56.45,0.14,37.28,healthy,normal
2025-01-01T01:37:45+00:00,cl-3,client,144.27,2.02,90.13,495.41,27.67,79.0,76.06,4.22,93.57,warning,traffic_spike
2025-01-01T01:37:50+00:00,ro-3,router,214.47,7.96,83.66,115.77,37.69,67.73,71.57,2.15,88.38,warning,congestion
2025-01-01T01:37:55+00:00,se-2,server,18.55,0.44,57.33,125.77,3.99,21.24,44.34,0.77,23.18,healthy,normal
2025-01-01T01:38:00+00:00,da-4,database,386.71,72.9,18.75,15.96,71.69,56.46,41.86,42.9,5.29,warning,link_failure
2025-01-01T01:38:05+00:00,se-7,server,152.8,2.65,84.38,96.76,12.23,89.37,86.38,2.09,48.42,warning,device_overload
2025-01-01T01:38:10+00:00,ro-3,router,100.61,9.39,85.54,49.55,32.03,70.45,62.85,5.31,92.09,warning,congestion
2025-01-01T01:38:15+00:00,cl-5,client,40.0,0.31,40.24,117.44,1.61,23.62,26.91,0.03,59.36,healthy,normal
2025-01-01T01:38:20+00:00,co-8,core_switch,24.83,1.45,54.84,299.77,3.14,51.71,56.79,0.64,49.24,healthy,normal
2025-01-01T01:38:25+00:00,da-3,database,55.67,8.27,99.45,633.74,17.74,97.65,55.63,4.48,92.4,warning,traffic_spike
2025-01-01T01:38:30+00:00,ac-4,access_switch,189.51,9.01,96.1,122.1,30.5,74.61,55.43,1.02,92.76,warning,congestion
2025-01-01T01:38:35+00:00,da-3,database,319.78,95.9,7.37,4.04,74.2,10.68,13.91,68.69,4.9,warning,device_failure
2025-01-01T01:38:40+00:00,cl-1,client,24.56,1.08,43.71,228.53,4.73,17.0,38.63,0.37,47.61,healthy,normal
2025-01-01T01:38:45+00:00,se-7,server,458.71,97.59,13.39,5.54,48.91,46.59,46.12,33.51,11.74,offline,link_failure
2025-01-01T01:38:50+00:00,co-5,core_switch,22.63,0.01,28.77,158.8,5.07,25.75,24.1,0.04,18.96,healthy,normal
2025-01-01T01:38:55+00:00,da-7,database,234.41,98.42,7.33,6.13,88.34,9.23,9.29,62.31,4.64,offline,device_failure
2025-01-01T01:39:00+00:00,da-5,database,198.05,14.26,98.74,90.57,30.87,51.56,65.62,1.09,92.01,warning,congestion
2025-01-01T01:39:05+00:00,co-8,core_switch,10.66,0.19,53.22,166.8,4.22,45.23,42.29,0.82,25.61,healthy,normal
2025-01-01T01:39:10+00:00,ro-5,router,19.9,0.81,43.79,125.09,5.91,54.29,61.53,0.0,27.46,healthy,normal
2025-01-01T01:39:15+00:00,ac-2,access_switch,409.47,81.45,11.01,20.04,62.08,42.99,47.62,47.65,14.14,offline,link_failure
2025-01-01T01:39:20+00:00,ro-6,router,15.64,1.21,43.63,165.06,0.89,56.12,59.39,0.71,19.49,healthy,normal
2025-01-01T01:39:25+00:00,co-6,core_switch,15.13,1.22,43.14,215.31,5.61,43.42,25.31,0.77,56.22,healthy,normal
2025-01-01T01:39:30+00:00,da-7,database,16.8,0.29,47.96,280.16,4.69,18.01,67.69,0.2,49.17,healthy,normal
2025-01-01T01:39:35+00:00,se-8,server,89.85,7.14,90.39,450.56,17.06,68.11,63.51,4.94,99.34,warning,traffic_spike
2025-01-01T01:39:40+00:00,se-1,server,171.5,7.03,48.41,168.81,16.51,93.86,85.86,1.95,66.26,warning,device_overload
2025-01-01T01:39:45+00:00,cl-6,client,65.78,8.49,97.43,742.66,12.92,84.11,66.17,0.68,91.07,warning,traffic_spike
2025-01-01T01:39:50+00:00,cl-3,client,117.63,8.53,99.99,567.53,24.99,97.44,87.05,2.14,94.98,warning,traffic_spike
2025-01-01T01:39:55+00:00,se-5,server,278.33,91.93,19.13,22.35,66.17,58.32,42.04,24.28,4.76,warning,link_failure
2025-01-01T01:40:00+00:00,ro-3,router,28.45,0.87,21.71,120.8,2.42,49.23,57.21,0.82,19.14,healthy,normal
2025-01-01T01:40:05+00:00,da-5,database,451.9,90.42,2.21,9.69,85.85,34.04,66.26,24.18,6.0,offline,link_failure
2025-01-01T01:40:10+00:00,co-1,core_switch,212.05,85.36,10.32,8.67,62.52,31.89,52.77,45.25,14.29,warning,link_failure
2025-01-01T01:40:15+00:00,co-3,core_switch,30.75,0.85,58.73,248.78,0.89,24.83,55.16,0.15,64.78,healthy,normal
2025-01-01T01:40:20+00:00,da-7,database,231.43,94.28,2.73,6.36,87.69,2.25,7.67,38.27,1.69,warning,device_failure
2025-01-01T01:40:25+00:00,co-5,core_switch,99.59,3.83,68.63,177.95,11.6,89.49,97.7,1.87,63.07,warning,device_overload
2025-01-01T01:40:30+00:00,se-1,server,172.45,3.84,52.65,89.15,9.05,88.58,94.25,1.84,73.85,warning,device_overload
2025-01-01T01:40:35+00:00,ro-4,router,41.94,1.12,52.37,260.49,1.49,24.82,66.21,0.52,48.9,healthy,normal
2025-01-01T01:40:40+00:00,cl-2,client,282.41,84.52,3.23,15.55,37.39,36.59,70.93,37.04,9.34,warning,link_failure
2025-01-01T01:40:45+00:00,cl-4,client,37.45,0.22,36.29,151.36,4.26,57.6,34.68,0.44,29.24,healthy,normal
2025-01-01T01:40:50+00:00,ro-7,router,24.83,0.09,59.78,123.11,3.19,28.01,42.19,0.79,22.32,healthy,normal
2025-01-01T01:40:55+00:00,se-1,server,25.14,1.14,21.07,209.97,2.38,25.09,32.84,0.78,58.65,healthy,normal
2025-01-01T01:41:00+00:00,ac-3,access_switch,98.23,5.51,89.6,812.69,20.9,79.54,87.49,2.98,96.42,warning,traffic_spike
2025-01-01T01:41:05+00:00,ac-6,access_switch,26.7,1.03,30.78,254.82,4.96,48.59,24.89,0.51,61.01,healthy,normal
2025-01-01T01:41:10+00:00,ac-5,access_switch,35.91,1.14,49.42,232.31,3.99,50.95,47.32,0.16,40.85,healthy,normal
2025-01-01T01:41:15+00:00,co-1,core_switch,132.47,12.28,92.42,113.83,12.04,52.16,45.9,2.84,96.7,warning,congestion
2025-01-01T01:41:20+00:00,ac-4,access_switch,30.12,1.0,63.15,234.35,2.66,32.1,51.48,0.8,31.89,healthy,normal
2025-01-01T01:41:25+00:00,ac-4,access_switch,373.77,93.92,4.31,4.5,82.94,1.24,12.54,47.72,6.93,offline,device_failure
2025-01-01T01:41:30+00:00,se-2,server,13.28,1.48,43.78,268.05,1.95,24.65,40.32,0.03,15.61,healthy,normal
2025-01-01T01:41:35+00:00,ro-5,router,178.24,14.68,98.18,52.15,36.01,67.64,45.37,2.5,94.38,warning,congestion
2025-01-01T01:41:40+00:00,co-5,core_switch,342.32,90.4,15.31,0.15,80.52,56.77,35.17,38.53,5.95,warning,link_failure
2025-01-01T01:41:45+00:00,da-4,database,39.59,0.42,38.07,186.77,2.66,35.36,54.62,0.02,20.07,healthy,normal
2025-01-01T01:41:50+00:00,ro-5,router,82.14,6.76,54.37,61.1,9.87,97.58,87.16,3.06,47.63,warning,device_overload
2025-01-01T01:41:55+00:00,da-3,database,11.01,1.09,52.03,190.66,4.73,49.25,60.73,0.39,50.77,healthy,normal
2025-01-01T01:42:00+00:00,co-1,core_switch,276.27,88.42,1.75,6.74,68.12,1.02,2.21,39.03,3.32,offline,device_failure
2025-01-01T01:42:05+00:00,cl-3,client,18.52,0.78,44.08,258.97,5.74,56.94,63.55,0.83,66.19,healthy,normal
2025-01-01T01:42:10+00:00,co-4,core_switch,140.83,5.4,95.33,819.41,13.58,75.81,58.14,3.8,97.72,warning,traffic_spike
2025-01-01T01:42:15+00:00,se-5,server,22.02,0.8,61.58,302.44,1.4,46.25,63.64,0.21,51.41,healthy,normal
2025-01-01T01:42:20+00:00,ro-8,router,90.51,7.2,96.55,830.19,9.06,73.39,83.28,4.1,92.4,warning,traffic_spike
2025-01-01T01:42:25+00:00,da-2,database,17.73,0.83,33.94,228.26,2.15,29.94,29.99,0.16,37.24,healthy,normal
2025-01-01T01:42:30+00:00,co-4,core_switch,418.67,89.07,1.48,3.54,68.22,7.61,1.12,76.81,3.69,warning,device_failure
2025-01-01T01:42:35+00:00,ac-1,access_switch,63.81,1.08,46.09,144.76,7.39,97.33,84.49,3.26,77.58,warning,device_overload
2025-01-01T01:42:40+00:00,da-4,database,359.81,97.66,4.39,7.15,80.62,0.69,8.83,88.28,0.21,warning,device_failure
2025-01-01T01:42:45+00:00,ac-6,access_switch,22.13,0.17,60.97,252.03,4.71,26.74,27.74,0.73,46.22,healthy,normal
2025-01-01T01:42:50+00:00,se-5,server,156.22,14.92,84.3,62.84,31.84,63.55,70.38,2.88,92.56,warning,congestion
2025-01-01T01:42:55+00:00,se-1,server,91.4,4.59,94.25,155.15,21.83,68.56,45.19,5.34,89.85,warning,congestion
2025-01-01T01:43:00+00:00,se-2,server,17.55,0.22,30.66,160.13,2.47,44.76,40.11,0.74,55.83,healthy,normal
2025-01-01T01:43:05+00:00,ro-1,router,30.0,0.08,27.77,200.24,5.25,40.12,51.2,0.71,15.88,healthy,normal
2025-01-01T01:43:10+00:00,cl-3,client,74.46,1.42,77.08,180.3,20.84,89.54,92.46,7.23,84.36,warning,device_overload
2025-01-01T01:43:15+00:00,ac-5,access_switch,468.65,90.03,12.04,11.37,82.83,31.21,34.11,52.32,3.38,offline,link_failure
2025-01-01T01:43:20+00:00,se-5,server,87.86,5.71,50.66,109.01,17.85,96.16,92.35,5.52,73.68,warning,device_overload
2025-01-01T01:43:25+00:00,ac-3,access_switch,10.66,1.32,53.55,138.71,4.56,53.03,42.96,0.09,64.96,healthy,normal
2025-01-01T01:43:30+00:00,se-1,server,36.31,0.44,64.16,195.77,2.64,48.76,57.34,0.78,17.2,healthy,normal
2025-01-01T01:43:35+00:00,co-6,core_switch,20.88,1.02,31.81,321.03,5.54,16.05,27.72,0.34,36.38,healthy,normal
2025-01-01T01:43:40+00:00,ac-1,access_switch,34.71,1.1,35.31,232.34,3.41,23.03,67.22,0.3,65.57,healthy,normal
2025-01-01T01:43:45+00:00,cl-1,client,31.56,0.51,31.62,250.6,5.96,28.11,33.0,0.19,65.43,healthy,normal
2025-01-01T01:43:50+00:00,co-5,core_switch,388.52,98.6,1.22,5.83,89.37,9.67,1.26,74.12,3.64,offline,device_failure
2025-01-01T01:43:55+00:00,ro-1,router,29.41,0.3,45.89,248.79,1.83,24.76,41.82,0.29,26.74,healthy,normal
2025-01-01T01:44:00+00:00,ro-2,router,141.06,9.35,95.34,677.39,23.17,77.82,64.79,2.58,95.01,warning,traffic_spike
2025-01-01T01:44:05+00:00,da-1,database,10.34,0.28,56.56,329.4,0.95,19.8,58.26,0.1,21.65,healthy,normal
2025-01-01T01:44:10+00:00,ro-4,router,184.82,8.01,93.83,104.66,30.96,75.45,63.46,6.76,98.71,warning,congestion
2025-01-01T01:44:15+00:00,da-4,database,90.26,6.88,92.15,864.08,9.53,86.11,80.72,4.42,96.39,warning,traffic_spike
2025-01-01T01:44:20+00:00,ro-5,router,117.75,8.76,91.11,148.95,27.25,72.99,56.66,2.02,96.12,warning,congestion
2025-01-01T01:44:25+00:00,da-3,database,61.62,5.61,92.02,634.95,9.84,96.01,76.43,4.36,92.94,warning,traffic_spike
2025-01-01T01:44:30+00:00,se-1,server,205.29,11.57,96.23,83.87,24.8,59.63,57.67,5.74,86.65,warning,congestion
2025-01-01T01:44:35+00:00,ro-3,router,109.05,6.93,82.55,182.42,21.0,86.78,98.16,3.53,62.11,warning,device_overload
2025-01-01T01:44:40+00:00,ro-7,router,107.33,9.47,88.45,136.87,14.6,51.49,49.87,6.38,90.98,warning,congestion
2025-01-01T01:44:45+00:00,da-7,database,384.45,93.82,8.47,3.4,75.88,10.83,8.7,89.12,6.65,offline,device_failure
2025-01-01T01:44:50+00:00,ro-2,router,17.75,1.34,18.23,226.12,3.13,23.73,37.13,0.43,49.69,healthy,normal
2025-01-01T01:44:55+00:00,da-3,database,144.08,6.54,93.97,119.89,15.23,48.79,55.34,5.15,86.25,warning,congestion
2025-01-01T01:45:00+00:00,da-2,database,446.89,91.43,1.82,0.13,99.74,11.9,8.16,44.11,6.05,offline,device_failure
2025-01-01T01:45:05+00:00,da-7,database,148.16,5.01,60.03,160.37,11.74,93.74,93.67,5.2,76.38,warning,device_overload
2025-01-01T01:45:10+00:00,se-2,server,162.25,3.07,66.41,104.43,13.15,99.33,87.97,3.31,49.43,warning,device_overload
2025-01-01T01:45:15+00:00,da-5,database,28.22,1.19,58.27,319.72,5.43,19.88,60.92,0.73,26.6,healthy,normal
2025-01-01T01:45:20+00:00,se-1,server,302.35,91.59,21.78,11.35,53.88,25.3,60.9,63.76,0.55,offline,link_failure
2025-01-01T01:45:25+00:00,cl-4,client,19.9,1.41,52.05,224.4,1.95,45.16,50.51,0.33,27.69,healthy,normal
2025-01-01T01:45:30+00:00,co-1,core_switch,130.24,9.85,97.94,869.65,27.2,94.62,54.48,1.14,96.95,warning,traffic_spike
2025-01-01T01:45:35+00:00,ac-1,access_switch,123.16,6.94,50.89,134.72,12.74,95.47,90.95,2.86,78.69,warning,device_overload
2025-01-01T01:45:40+00:00,se-6,server,23.02,0.11,56.97,113.29,3.31,34.17,53.57,0.62,22.58,healthy,normal
2025-01-01T01:45:45+00:00,da-6,database,28.29,1.47,53.27,165.42,1.8,27.02,47.82,0.22,56.41,healthy,normal
2025-01-01T01:45:50+00:00,da-5,database,30.03,0.06,19.38,321.03,3.29,25.07,24.29,0.77,37.58,healthy,normal
2025-01-01T01:45:55+00:00,se-2,server,41.95,0.18,64.04,195.18,1.85,18.65,32.51,0.55,57.83,healthy,normal
2025-01-01T01:46:00+00:00,ro-2,router,331.3,88.67,6.48,0.64,79.64,0.88,10.33,37.99,3.26,warning,device_failure
2025-01-01T01:46:05+00:00,cl-4,client,37.9,1.42,48.18,247.94,1.06,31.58,52.05,0.24,61.58,healthy,normal
2025-01-01T01:46:10+00:00,da-5,database,22.5,0.09,62.32,304.8,4.58,49.33,42.11,0.12,22.13,healthy,normal
2025-01-01T01:46:15+00:00,ro-8,router,33.2,1.24,61.37,313.08,5.91,40.44,65.03,0.06,55.44,healthy,normal
2025-01-01T01:46:20+00:00,da-5,database,12.15,0.29,27.53,161.06,5.67,57.94,37.82,0.64,23.9,healthy,normal
2025-01-01T01:46:25+00:00,se-2,server,24.95,1.39,39.82,155.08,5.98,55.84,53.83,0.07,23.5,healthy,normal
2025-01-01T01:46:30+00:00,co-7,core_switch,17.62,0.77,49.47,139.12,3.38,40.8,39.18,0.11,26.35,healthy,normal
2025-01-01T01:46:35+00:00,cl-5,client,19.83,0.89,52.12,147.11,3.81,17.15,62.02,0.26,17.24,healthy,normal
2025-01-01T01:46:40+00:00,se-1,server,293.86,90.46,2.5,0.81,70.87,1.3,1.98,60.48,6.33,warning,device_failure
2025-01-01T01:46:45+00:00,co-3,core_switch,68.65,6.84,70.56,173.55,21.31,94.25,97.24,1.72,53.32,warning,device_overload
2025-01-01T01:46:50+00:00,se-3,server,168.02,8.08,97.11,141.97,29.86,61.2,69.28,6.2,89.24,warning,congestion
2025-01-01T01:46:55+00:00,co-3,core_switch,376.75,99.95,4.08,2.71,76.48,5.4,10.34,62.11,5.62,offline,device_failure
2025-01-01T01:47:00+00:00,cl-7,client,143.4,15.13,85.02,102.18,13.59,76.85,59.87,6.4,93.26,warning,congestion
2025-01-01T01:47:05+00:00,ro-1,router,331.55,89.72,6.59,1.37,57.31,4.19,9.43,39.74,3.15,offline,device_failure
2025-01-01T01:47:10+00:00,ac-6,access_switch,375.55,93.37,1.05,2.12,76.32,8.79,7.32,77.35,1.39,warning,device_failure
2025-01-01T01:47:15+00:00,co-6,core_switch,106.11,9.75,97.06,897.9,19.15,84.03,75.91,1.56,96.23,warning,traffic_spike
2025-01-01T01:47:20+00:00,da-1,database,223.2,5.52,98.62,150.61,32.76,80.2,66.9,2.38,97.78,warning,congestion
2025-01-01T01:47:25+00:00,cl-5,client,26.24,0.44,24.11,304.15,2.56,48.09,46.54,0.57,48.66,healthy,normal
2025-01-01T01:47:30+00:00,se-8,server,40.8,1.13,19.68,254.06,1.28,56.56,34.35,0.49,38.27,healthy,normal
2025-01-01T01:47:35+00:00,da-3,database,10.84,0.92,30.92,281.65,5.81,17.86,51.62,0.88,40.73,healthy,normal
2025-01-01T01:47:40+00:00,se-3,server,209.27,10.9,90.42,104.64,33.98,75.97,46.66,4.1,88.75,warning,congestion
2025-01-01T01:47:45+00:00,ro-6,router,116.34,2.01,95.72,764.35,23.85,79.06,76.43,4.47,96.64,warning,traffic_spike
2025-01-01T01:47:50+00:00,se-6,server,415.12,94.83,0.31,1.0,60.38,6.5,10.9,53.84,3.0,offline,device_failure
2025-01-01T01:47:55+00:00,da-7,database,24.74,0.59,24.6,291.82,3.98,23.36,34.85,0.86,50.54,healthy,normal
2025-01-01T01:48:00+00:00,ac-4,access_switch,439.89,77.45,21.13,22.17,86.07,35.31,32.73,23.58,12.25,offline,link_failure
2025-01-01T01:48:05+00:00,da-6,database,33.12,1.4,26.36,317.91,2.82,58.59,31.56,0.85,26.53,healthy,normal
2025-01-01T01:48:10+00:00,ac-6,access_switch,71.76,7.02,82.58,69.34,18.37,91.17,84.41,5.52,67.31,warning,device_overload
2025-01-01T01:48:15+00:00,da-6,database,56.41,4.56,93.85,763.25,24.5,74.73,57.38,3.33,91.2,warning,traffic_spike
2025-01-01T01:48:20+00:00,da-2,database,166.53,1.79,64.25,120.37,7.75,93.3,95.27,5.07,56.57,warning,device_overload
2025-01-01T01:48:25+00:00,ac-4,access_switch,22.62,0.13,31.8,133.65,5.1,24.1,33.53,0.16,47.21,healthy,normal
2025-01-01T01:48:30+00:00,se-8,server,33.29,1.43,22.58,285.74,3.13,29.28,24.71,0.56,64.54,healthy,normal
2025-01-01T01:48:35+00:00,cl-2,client,19.07,1.15,22.1,280.79,1.72,32.23,47.29,0.9,51.2,healthy,normal
2025-01-01T01:48:40+00:00,da-1,database,172.74,14.02,95.88,40.87,21.39,53.7,60.51,4.35,96.74,warning,congestion
2025-01-01T01:48:45+00:00,co-6,core_switch,27.84,1.37,54.47,201.54,5.77,53.88,49.68,0.37,54.22,healthy,normal
2025-01-01T01:48:50+00:00,ac-5,access_switch,210.08,5.66,95.0,106.33,37.56,78.05,52.07,4.79,96.26,warning,congestion
2025-01-01T01:48:55+00:00,ac-6,access_switch,35.2,1.26,31.54,220.45,2.38,42.65,29.22,0.07,51.05,healthy,normal
2025-01-01T01:49:00+00:00,ro-3,router,138.93,2.05,88.47,506.41,14.14,87.17,72.28,4.45,90.73,warning,traffic_spike
2025-01-01T01:49:05+00:00,cl-2,client,35.58,1.3,21.25,111.23,2.57,16.52,32.98,0.57,43.89,healthy,normal
2025-01-01T01:49:10+00:00,ro-5,router,19.7,1.28,42.67,194.27,3.85,59.78,45.59,0.45,59.22,healthy,normal
2025-01-01T01:49:15+00:00,co-7,core_switch,95.41,7.1,93.29,895.23,20.86,72.49,50.24,2.15,95.15,warning,traffic_spike
2025-01-01T01:49:20+00:00,co-5,core_switch,242.75,98.84,11.57,19.33,40.37,44.45,63.37,53.17,3.43,offline,link_failure
2025-01-01T01:49:25+00:00,co-3,core_switch,38.12,0.97,47.46,247.29,1.11,48.22,62.96,0.47,36.6,healthy,normal
2025-01-01T01:49:30+00:00,co-8,core_switch,21.04,0.8,54.05,198.89,4.47,44.93,31.79,0.16,33.2,healthy,normal
2025-01-01T01:49:35+00:00,ac-6,access_switch,27.99,0.4,24.38,144.05,3.77,16.47,30.27,0.08,57.47,healthy,normal
2025-01-01T01:49:40+00:00,cl-4,client,426.98,92.71,5.49,1.45,69.17,1.45,6.56,38.48,5.5,offline,device_failure
2025-01-01T01:49:45+00:00,cl-4,client,39.63,0.98,63.43,320.47,5.62,29.66,31.59,0.52,44.48,healthy,normal
2025-01-01T01:49:50+00:00,cl-7,client,161.38,7.69,74.31,162.92,17.52,94.19,94.25,2.65,68.68,warning,device_overload
2025-01-01T01:49:55+00:00,co-6,core_switch,30.91,1.05,29.49,237.07,5.45,24.14,48.46,0.28,36.73,healthy,normal
2025-01-01T01:50:00+00:00,cl-8,client,33.59,1.32,28.29,287.81,2.31,57.39,49.13,0.23,28.2,healthy,normal
2025-01-01T01:50:05+00:00,se-2,server,278.72,93.36,8.25,6.88,69.13,2.24,2.44,38.84,0.44,offline,device_failure
2025-01-01T01:50:10+00:00,da-8,database,34.31,1.37,51.78,157.13,4.48,51.79,30.08,0.86,64.18,healthy,normal
2025-01-01T01:50:15+00:00,co-3,core_switch,89.07,12.1,99.53,57.51,21.47,71.98,68.14,1.33,88.64,warning,congestion
2025-01-01T01:50:20+00:00,ro-5,router,34.35,0.73,56.11,260.92,3.22,37.66,62.0,0.39,50.55,healthy,normal
2025-01-01T01:50:25+00:00,cl-6,client,136.75,3.5,54.47,127.22,21.79,97.18,98.76,6.53,79.99,warning,device_overload
2025-01-01T01:50:30+00:00,ro-5,router,41.3,0.35,36.23,128.04,3.78,50.74,38.11,0.41,33.04,healthy,normal
2025-01-01T01:50:35+00:00,co-2,core_switch,236.17,89.79,5.77,6.23,85.14,7.04,4.88,36.32,2.42,offline,device_failure
2025-01-01T01:50:40+00:00,cl-4,client,11.81,1.23,60.85,236.84,5.96,18.72,54.22,0.45,46.65,healthy,normal
2025-01-01T01:50:45+00:00,se-1,server,30.27,1.1,23.43,144.63,5.31,56.58,66.25,0.37,54.14,healthy,normal
2025-01-01T01:50:50+00:00,ro-2,router,13.71,0.57,22.91,310.92,1.02,42.79,25.4,0.12,32.83,healthy,normal
2025-01-01T01:50:55+00:00,da-4,database,239.39,89.44,16.05,0.89,64.31,39.42,40.85,44.13,11.89,offline,link_failure
2025-01-01T01:51:00+00:00,cl-5,client,34.85,0.16,53.92,172.05,1.32,27.8,58.75,0.61,47.52,healthy,normal
2025-01-01T01:51:05+00:00,ac-1,access_switch,28.45,0.49,24.33,241.19,2.75,15.77,60.22,0.17,59.04,healthy,normal
2025-01-01T01:51:10+00:00,ac-7,access_switch,130.57,2.53,96.91,751.03,24.11,74.44,75.34,3.18,91.28,warning,traffic_spike
2025-01-01T01:51:15+00:00,se-1,server,149.28,2.6,63.15,74.15,10.05,99.09,92.8,4.78,61.66,warning,device_overload
2025-01-01T01:51:20+00:00,co-1,core_switch,257.81,74.1,16.34,3.75,38.45,41.68,27.53,25.54,11.06,warning,link_failure
2025-01-01T01:51:25+00:00,da-8,database,18.89,0.25,47.11,207.49,4.55,18.84,42.75,0.53,36.44,healthy,normal
2025-01-01T01:51:30+00:00,ac-2,access_switch,20.96,0.39,58.61,292.11,4.36,43.89,33.76,0.64,29.84,healthy,normal
2025-01-01T01:51:35+00:00,ro-1,router,29.72,1.36,37.06,219.21,5.55,43.79,40.22,0.8,31.03,healthy,normal
2025-01-01T01:51:40+00:00,se-6,server,21.9,0.64,26.11,164.14,3.29,19.79,60.82,0.23,37.58,healthy,normal
2025-01-01T01:51:45+00:00,da-1,database,34.61,1.2,42.17,118.52,0.94,56.02,58.87,0.5,20.22,healthy,normal
2025-01-01T01:51:50+00:00,ro-8,router,15.18,0.77,43.59,223.71,5.02,45.16,43.7,0.13,16.59,healthy,normal
2025-01-01T01:51:55+00:00,ac-8,access_switch,205.33,86.23,8.99,2.44,33.23,52.07,40.61,63.59,14.63,offline,link_failure
2025-01-01T01:52:00+00:00,da-5,database,25.75,0.3,36.83,135.13,1.82,15.78,43.14,0.31,59.69,healthy,normal
2025-01-01T01:52:05+00:00,se-7,server,140.89,5.17,64.85,82.62,15.98,90.67,100.0,6.63,78.41,warning,device_overload
2025-01-01T01:52:10+00:00,co-8,core_switch,218.69,14.06,98.12,96.79,15.87,58.07,44.31,2.44,87.94,warning,congestion
2025-01-01T01:52:15+00:00,ro-5,router,338.81,93.11,3.11,2.64,77.41,9.06,11.13,37.78,4.71,warning,device_failure
2025-01-01T01:52:20+00:00,ro-5,router,64.3,6.24,55.51,86.85,19.29,93.73,97.13,4.94,75.1,warning,device_overload
2025-01-01T01:52:25+00:00,cl-5,client,126.03,3.21,71.71,150.54,12.07,88.41,88.09,5.26,46.63,warning,device_overload
2025-01-01T01:52:30+00:00,cl-8,client,219.74,8.74,93.3,168.66,28.61,68.98,49.15,4.54,95.59,warning,congestion
2025-01-01T01:52:35+00:00,se-5,server,257.55,98.9,9.55,1.19,71.67,11.43,6.79,66.41,1.99,offline,device_failure
2025-01-01T01:52:40+00:00,ac-4,access_switch,428.98,99.6,6.7,4.76,77.06,10.94,13.94,59.53,0.12,offline,device_failure
2025-01-01T01:52:45+00:00,ac-7,access_switch,434.44,98.76,3.07,5.14,33.06,40.73,67.49,57.99,1.9,warning,link_failure
2025-01-01T01:52:50+00:00,co-1,core_switch,30.19,0.99,30.2,296.92,5.49,39.56,66.82,0.08,34.21,healthy,normal
2025-01-01T01:52:55+00:00,da-8,database,163.6,7.28,48.34,115.0,7.36,97.71,92.06,5.11,57.46,warning,device_overload
2025-01-01T01:53:00+00:00,ro-2,router,171.61,7.5,80.77,96.06,9.21,96.61,91.22,7.16,60.31,warning,device_overload
2025-01-01T01:53:05+00:00,co-8,core_switch,226.02,8.49,98.85,110.08,13.6,45.95,61.44,3.51,90.48,warning,congestion
2025-01-01T01:53:10+00:00,co-4,core_switch,103.73,1.6,68.83,67.35,17.37,87.18,86.53,7.24,74.0,warning,device_overload
2025-01-01T01:53:15+00:00,co-7,core_switch,166.15,10.06,90.88,137.78,27.04,81.96,75.49,3.86,94.9,warning,congestion
2025-01-01T01:53:20+00:00,da-6,database,17.34,0.18,60.52,129.46,3.82,20.06,42.79,0.44,43.7,healthy,normal
2025-01-01T01:53:25+00:00,se-5,server,31.57,1.21,44.0,159.31,4.56,30.93,58.28,0.41,56.49,healthy,normal
2025-01-01T01:53:30+00:00,cl-3,client,309.07,88.54,6.05,3.37,80.18,10.02,5.27,65.07,5.76,offline,device_failure
2025-01-01T01:53:35+00:00,se-1,server,78.91,6.09,89.82,647.53,11.06,78.14,64.67,1.22,99.33,warning,traffic_spike
2025-01-01T01:53:40+00:00,co-7,core_switch,124.91,10.56,83.01,165.8,36.96,73.81,51.57,3.4,95.75,warning,congestion
2025-01-01T01:53:45+00:00,ro-7,router,14.4,0.39,40.54,327.93,4.72,35.03,49.33,0.38,47.41,healthy,normal
2025-01-01T01:53:50+00:00,ac-2,access_switch,16.86,1.24,45.57,276.47,4.57,31.1,57.24,0.54,57.37,healthy,normal
2025-01-01T01:53:55+00:00,co-7,core_switch,64.72,3.71,96.64,868.28,14.83,97.43,51.66,1.65,95.56,warning,traffic_spike
2025-01-01T01:54:00+00:00,ac-1,access_switch,39.12,0.54,62.94,275.1,3.38,26.8,51.12,0.39,48.81,healthy,normal
2025-01-01T01:54:05+00:00,cl-1,client,442.68,93.0,8.45,3.76,85.72,10.76,13.04,38.59,4.13,warning,device_failure
2025-01-01T01:54:10+00:00,da-1,database,122.87,7.69,74.18,171.95,14.39,93.72,85.55,1.56,56.65,warning,device_overload
2025-01-01T01:54:15+00:00,ro-4,router,206.76,11.47,98.62,121.46,36.63,65.2,64.19,4.23,97.27,warning,congestion
2025-01-01T01:54:20+00:00,da-7,database,32.29,0.82,32.65,221.48,3.75,45.99,62.14,0.29,45.59,healthy,normal
2025-01-01T01:54:25+00:00,cl-1,client,64.96,6.91,96.67,762.97,9.17,88.62,68.15,2.13,96.97,warning,traffic_spike
2025-01-01T01:54:30+00:00,cl-1,client,21.24,0.11,21.69,260.21,1.12,52.46,47.66,0.69,56.99,healthy,normal
2025-01-01T01:54:35+00:00,ac-4,access_switch,23.15,1.06,23.91,223.23,2.15,31.76,26.46,0.44,17.56,healthy,normal
2025-01-01T01:54:40+00:00,cl-5,client,202.01,7.58,99.51,72.53,13.22,79.06,77.95,5.09,89.84,warning,congestion
2025-01-01T01:54:45+00:00,da-7,database,93.82,5.28,91.92,643.54,11.24,92.61,85.39,1.92,98.65,warning,traffic_spike
2025-01-01T01:54:50+00:00,se-6,server,27.2,0.04,39.18,319.66,4.79,58.41,32.46,0.46,46.65,healthy,normal
2025-01-01T01:54:55+00:00,co-6,core_switch,18.26,0.61,35.92,138.78,4.09,49.67,38.81,0.26,20.64,healthy,normal
2025-01-01T01:55:00+00:00,da-6,database,86.32,1.38,72.79,146.16,9.56,88.61,86.8,3.06,86.42,warning,device_overload
2025-01-01T01:55:05+00:00,se-8,server,388.18,85.27,8.83,18.33,66.8,37.56,29.87,27.96,12.76,offline,link_failure
2025-01-01T01:55:10+00:00,ac-5,access_switch,27.07,0.78,36.25,123.19,4.75,59.07,24.66,0.43,41.85,healthy,normal
2025-01-01T01:55:15+00:00,cl-8,client,41.73,0.19,59.11,148.04,3.9,57.38,43.54,0.71,15.71,healthy,normal
2025-01-01T01:55:20+00:00,se-7,server,443.98,98.23,6.39,3.4,53.1,1.33,2.3,46.21,2.01,warning,device_failure
2025-01-01T01:55:25+00:00,se-7,server,283.72,88.48,8.49,18.06,32.89,44.93,70.76,48.6,6.63,warning,link_failure
2025-01-01T01:55:30+00:00,da-3,database,19.91,0.19,44.2,275.26,3.42,54.54,39.93,0.68,64.4,healthy,normal
2025-01-01T01:55:35+00:00,cl-7,client,18.14,0.98,31.4,212.79,4.65,54.14,61.2,0.07,22.28,healthy,normal
2025-01-01T01:55:40+00:00,cl-8,client,19.13,0.81,53.97,270.81,3.35,57.3,56.27,0.88,38.44,healthy,normal
2025-01-01T01:55:45+00:00,se-4,server,76.86,4.35,95.7,793.71,17.79,68.92,82.97,3.0,93.8,warning,traffic_spike
2025-01-01T01:55:50+00:00,ro-8,router,21.32,0.02,43.52,286.26,1.15,50.28,66.34,0.74,28.26,healthy,normal
2025-01-01T01:55:55+00:00,co-4,core_switch,277.5,87.27,18.25,6.4,83.63,34.9,35.79,33.75,0.64,warning,link_failure
2025-01-01T01:56:00+00:00,cl-2,client,101.32,7.72,92.76,662.34,13.73,95.15,82.02,2.05,91.72,warning,traffic_spike
2025-01-01T01:56:05+00:00,cl-6,client,18.37,0.64,56.82,156.26,3.58,31.27,26.9,0.54,26.31,healthy,normal
2025-01-01T01:56:10+00:00,da-2,database,61.79,5.8,75.23,163.06,17.71,89.37,93.53,2.03,64.63,warning,device_overload
2025-01-01T01:56:15+00:00,cl-5,client,211.75,12.82,96.67,113.83,23.07,66.69,60.52,1.93,98.41,warning,congestion
2025-01-01T01:56:20+00:00,ro-5,router,174.22,3.2,68.15,72.93,14.67,89.84,91.19,1.96,61.2,warning,device_overload
2025-01-01T01:56:25+00:00,ro-7,router,32.74,0.26,24.21,154.82,3.7,25.19,43.78,0.47,27.39,healthy,normal
2025-01-01T01:56:30+00:00,co-8,core_switch,189.03,97.76,3.46,21.16,42.61,27.76,65.75,61.59,12.81,offline,link_failure
2025-01-01T01:56:35+00:00,co-3,core_switch,106.13,4.54,84.99,64.06,16.57,45.08,44.27,4.13,92.46,warning,congestion
2025-01-01T01:56:40+00:00,ro-1,router,26.25,0.95,49.56,232.78,4.97,36.64,40.99,0.01,19.35,healthy,normal
2025-01-01T01:56:45+00:00,ac-7,access_switch,35.5,0.43,61.11,161.75,3.68,56.79,52.59,0.58,19.42,healthy,normal
2025-01-01T01:56:50+00:00,ro-8,router,125.07,13.4,96.03,111.54,15.59,56.65,56.71,6.89,90.43,warning,congestion
2025-01-01T01:56:55+00:00,ro-1,router,60.42,6.13,84.78,116.7,19.03,98.82,84.06,6.72,56.99,warning,device_overload
2025-01-01T01:57:00+00:00,cl-7,client,24.0,0.11,18.92,261.59,3.07,58.76,53.41,0.38,19.79,healthy,normal
2025-01-01T01:57:05+00:00,cl-7,client,39.32,0.45,22.07,129.87,5.17,59.69,33.89,0.25,57.0,healthy,normal
2025-01-01T01:57:10+00:00,ro-7,router,174.05,15.07,93.06,140.42,24.21,64.34,42.54,5.64,96.64,warning,congestion
2025-01-01T01:57:15+00:00,da-4,database,19.41,0.21,43.11,234.84,4.03,22.17,50.71,0.71,42.45,healthy,normal
2025-01-01T01:57:20+00:00,da-2,database,153.51,15.94,94.23,103.09,27.97,58.47,55.36,4.55,88.53,warning,congestion
2025-01-01T01:57:25+00:00,ro-8,router,38.7,0.04,45.95,137.83,5.7,20.97,62.77,0.69,33.64,healthy,normal
2025-01-01T01:57:30+00:00,cl-3,client,332.64,91.63,0.79,6.84,86.86,11.76,8.0,86.4,7.53,offline,device_failure
2025-01-01T01:57:35+00:00,ac-6,access_switch,471.45,75.3,10.71,6.98,35.41,53.66,47.95,37.33,3.33,warning,link_failure
2025-01-01T01:57:40+00:00,da-3,database,18.97,0.91,45.83,316.79,3.07,22.97,30.2,0.85,32.38,healthy,normal
2025-01-01T01:57:45+00:00,se-1,server,202.62,14.58,98.53,74.36,31.02,54.86,46.75,5.94,90.85,warning,congestion
2025-01-01T01:57:50+00:00,se-1,server,20.21,1.17,23.94,295.88,1.54,53.01,40.16,0.75,51.94,healthy,normal
2025-01-01T01:57:55+00:00,cl-1,client,12.03,0.6,61.49,307.66,2.93,57.78,44.21,0.19,22.07,healthy,normal
2025-01-01T01:58:00+00:00,se-3,server,478.28,95.33,8.87,7.08,60.4,0.7,6.8,70.86,7.3,offline,device_failure
2025-01-01T01:58:05+00:00,co-5,core_switch,188.98,6.88,85.32,94.56,22.13,79.56,75.27,5.77,91.22,warning,congestion
2025-01-01T01:58:10+00:00,ro-6,router,40.18,0.96,53.39,122.98,1.4,31.73,24.05,0.16,39.12,healthy,normal
2025-01-01T01:58:15+00:00,cl-3,client,345.4,96.97,0.44,2.9,97.09,10.35,6.17,80.14,1.09,warning,device_failure
2025-01-01T01:58:20+00:00,se-2,server,35.91,0.89,49.98,111.01,3.32,55.77,60.52,0.59,60.62,healthy,normal
2025-01-01T01:58:25+00:00,ac-6,access_switch,186.37,6.72,93.98,143.67,25.57,60.29,61.99,2.28,98.0,warning,congestion
2025-01-01T01:58:30+00:00,da-5,database,18.93,0.71,23.43,293.99,1.26,43.1,55.72,0.83,65.83,healthy,normal
2025-01-01T01:58:35+00:00,ac-2,access_switch,16.82,1.16,54.35,117.81,2.53,21.92,58.09,0.6,35.97,healthy,normal
2025-01-01T01:58:40+00:00,ro-8,router,162.63,2.49,80.27,161.74,12.76,89.58,96.22,6.77,59.51,warning,device_overload
2025-01-01T01:58:45+00:00,se-1,server,91.51,4.18,94.55,449.07,16.59,73.81,70.82,4.95,99.96,warning,traffic_spike
2025-01-01T01:58:50+00:00,da-4,database,104.24,9.74,91.82,541.65,26.42,91.93,73.96,4.32,94.06,warning,traffic_spike
2025-01-01T01:58:55+00:00,ro-6,router,20.69,0.67,38.88,170.87,1.06,31.2,51.27,0.32,33.94,healthy,normal
2025-01-01T01:59:00+00:00,co-3,core_switch,33.33,0.01,19.6,316.12,5.49,29.6,25.87,0.57,31.09,healthy,normal
2025-01-01T01:59:05+00:00,da-2,database,38.46,0.15,21.92,132.03,4.85,57.36,28.17,0.89,15.99,healthy,normal
2025-01-01T01:59:10+00:00,ac-8,access_switch,31.82,0.08,51.03,147.0,0.92,47.27,40.32,0.21,57.51,healthy,normal
2025-01-01T01:59:15+00:00,cl-2,client,116.43,9.99,98.72,756.76,11.64,95.03,79.83,4.55,93.57,warning,traffic_spike
2025-01-01T01:59:20+00:00,ro-3,router,132.39,8.08,96.4,454.88,14.39,78.12,82.79,4.69,99.07,warning,traffic_spike
2025-01-01T01:59:25+00:00,cl-5,client,24.08,1.34,33.97,206.37,1.03,52.56,28.4,0.4,24.95,healthy,normal
2025-01-01T01:59:30+00:00,da-1,database,39.78,1.06,45.72,190.55,0.95,25.38,57.04,0.06,15.51,healthy,normal
2025-01-01T01:59:35+00:00,cl-4,client,41.03,1.16,18.57,261.81,3.81,15.14,39.32,0.84,60.67,healthy,normal
2025-01-01T01:59:40+00:00,da-5,database,12.06,0.81,47.46,310.17,5.77,59.57,38.82,0.55,61.38,healthy,normal
2025-01-01T01:59:45+00:00,ac-6,access_switch,123.4,3.95,92.49,707.87,10.93,78.84,52.69,0.77,99.64,warning,traffic_spike
2025-01-01T01:59:50+00:00,da-1,database,178.4,8.77,90.28,158.82,33.43,47.18,61.68,5.3,92.69,warning,congestion
2025-01-01T01:59:55+00:00,cl-4,client,41.88,0.75,50.64,137.57,5.43,24.8,32.53,0.76,30.95,healthy,normal
2025-01-01T02:00:00+00:00,ac-4,access_switch,62.36,3.75,63.34,157.43,20.54,90.68,84.13,2.12,59.96,warning,device_overload
2025-01-01T02:00:05+00:00,se-4,server,41.53,0.47,24.11,196.06,2.29,35.67,35.21,0.52,47.64,healthy,normal
2025-01-01T02:00:10+00:00,da-3,database,85.17,2.55,58.24,67.86,7.24,97.02,93.14,5.5,83.37,warning,device_overload
2025-01-01T02:00:15+00:00,ro-1,router,402.05,99.51,5.56,3.31,58.93,0.17,12.41,41.42,3.07,offline,device_failure
2025-01-01T02:00:20+00:00,co-1,core_switch,19.01,1.02,63.01,313.18,3.17,48.94,67.82,0.5,66.07,healthy,normal
2025-01-01T02:00:25+00:00,da-3,database,12.81,0.89,45.9,203.17,1.67,17.09,65.94,0.22,49.89,healthy,normal
2025-01-01T02:00:30+00:00,ro-3,router,96.18,4.83,90.24,555.36,27.67,94.7,76.41,1.07,99.07,warning,traffic_spike
2025-01-01T02:00:35+00:00,ac-3,access_switch,17.22,1.13,18.29,151.59,4.44,22.57,52.47,0.55,49.33,healthy,normal
2025-01-01T02:00:40+00:00,da-2,database,26.71,1.36,51.97,261.01,3.74,34.52,58.0,0.45,25.99,healthy,normal
2025-01-01T02:00:45+00:00,da-2,database,33.37,1.32,44.74,212.03,5.86,22.54,54.39,0.34,41.87,healthy,normal
2025-01-01T02:00:50+00:00,ac-4,access_switch,115.06,6.36,72.97,170.84,8.07,99.71,93.74,2.08,84.07,warning,device_overload
2025-01-01T02:00:55+00:00,co-5,core_switch,20.61,1.32,58.71,254.62,5.98,21.21,55.78,0.43,15.06,healthy,normal
2025-01-01T02:01:00+00:00,co-5,core_switch,27.17,0.94,57.42,160.3,4.24,22.0,35.09,0.25,40.34,healthy,normal
2025-01-01T02:01:05+00:00,co-3,core_switch,39.59,1.29,53.15,124.53,5.86,58.05,49.4,0.64,51.46,healthy,normal
2025-01-01T02:01:10+00:00,cl-1,client,74.67,5.44,84.15,92.39,18.43,88.09,97.64,1.91,63.87,warning,device_overload
2025-01-01T02:01:15+00:00,co-2,core_switch,17.8,1.08,19.95,280.91,1.48,19.21,38.76,0.04,28.18,healthy,normal
2025-01-01T02:01:20+00:00,cl-1,client,21.02,1.19,28.85,292.2,3.18,31.01,63.74,0.09,42.94,healthy,normal
2025-01-01T02:01:25+00:00,ro-1,router,30.86,1.49,22.21,260.18,5.03,59.02,27.26,0.27,59.99,healthy,normal
2025-01-01T02:01:30+00:00,co-4,core_switch,13.82,1.18,30.39,295.27,4.66,51.95,26.94,0.35,23.43,healthy,normal
2025-01-01T02:01:35+00:00,co-2,core_switch,145.87,4.17,83.95,92.76,35.0,80.85,57.04,6.82,91.51,warning,congestion
2025-01-01T02:01:40+00:00,ro-7,router,76.05,5.15,89.84,709.46,24.08,78.86,52.3,3.12,97.79,warning,traffic_spike
2025-01-01T02:01:45+00:00,ac-8,access_switch,469.59,82.96,4.32,7.35,76.21,52.28,51.67,35.47,5.44,offline,link_failure
2025-01-01T02:01:50+00:00,co-8,core_switch,112.52,14.16,89.55,96.4,33.68,48.27,76.87,2.53,97.0,warning,congestion
2025-01-01T02:01:55+00:00,cl-6,client,168.2,4.88,57.82,145.92,8.62,93.21,92.21,7.2,46.69,warning,device_overload
2025-01-01T02:02:00+00:00,da-2,database,401.97,98.05,3.25,5.76,48.67,56.93,28.98,47.04,12.29,offline,link_failure
2025-01-01T02:02:05+00:00,co-6,core_switch,35.76,1.33,51.85,321.73,2.27,35.74,66.15,0.8,49.67,healthy,normal
2025-01-01T02:02:10+00:00,co-4,core_switch,17.86,1.42,62.62,117.64,4.39,18.49,55.08,0.33,49.76,healthy,normal
2025-01-01T02:02:15+00:00,ro-6,router,41.36,0.4,58.59,281.24,2.83,46.04,53.71,0.45,56.4,healthy,normal
2025-01-01T02:02:20+00:00,cl-5,client,33.1,1.41,61.06,183.81,1.84,58.52,43.21,0.51,66.54,healthy,normal
2025-01-01T02:02:25+00:00,se-7,server,40.79,0.1,27.81,171.68,1.21,30.45,40.28,0.48,62.23,healthy,normal
2025-01-01T02:02:30+00:00,da-5,database,158.67,13.78,86.15,91.88,15.71,74.1,55.36,3.29,90.23,warning,congestion
2025-01-01T02:02:35+00:00,ro-4,router,10.43,1.31,30.98,162.71,4.84,41.48,29.22,0.16,21.37,healthy,normal
2025-01-01T02:02:40+00:00,ro-5,router,405.68,95.0,2.48,7.18,96.75,9.8,4.21,52.42,2.47,offline,device_failure
2025-01-01T02:02:45+00:00,ro-7,router,246.0,93.57,4.97,23.07,70.84,20.81,50.11,50.88,2.2,offline,link_failure
2025-01-01T02:02:50+00:00,ac-3,access_switch,67.79,2.96,92.42,699.0,9.85,95.98,60.67,1.2,93.63,warning,traffic_spike
2025-01-01T02:02:55+00:00,ac-3,access_switch,93.97,9.25,97.57,557.28,24.88,87.51,75.79,0.72,94.97,warning,traffic_spike
2025-01-01T02:03:00+00:00,co-1,core_switch,139.52,3.88,58.66,155.17,9.36,98.67,91.4,1.92,63.49,warning,device_overload
2025-01-01T02:03:05+00:00,se-4,server,82.42,1.02,56.15,63.36,20.24,98.95,94.07,3.5,51.56,warning,device_overload
2025-01-01T02:03:10+00:00,da-2,database,10.79,1.4,33.3,224.21,5.92,16.64,64.51,0.44,50.49,healthy,normal
2025-01-01T02:03:15+00:00,ro-6,router,318.93,95.71,4.29,10.21,66.25,30.2,51.96,55.63,13.85,warning,link_failure
2025-01-01T02:03:20+00:00,se-2,server,25.82,0.25,19.65,136.76,2.77,30.56,55.2,0.47,35.32,healthy,normal
2025-01-01T02:03:25+00:00,ro-3,router,106.81,7.05,93.82,550.6,10.56,79.21,73.38,4.22,98.6,warning,traffic_spike
2025-01-01T02:03:30+00:00,co-3,core_switch,79.43,5.48,75.83,114.76,18.19,88.66,92.36,5.26,45.06,warning,device_overload
2025-01-01T02:03:35+00:00,se-4,server,35.02,0.34,28.65,203.9,3.44,58.74,44.66,0.08,17.55,healthy,normal
2025-01-01T02:03:40+00:00,ro-3,router,90.02,5.98,99.52,804.6,24.14,92.89,57.6,0.67,90.14,warning,traffic_spike
2025-01-01T02:03:45+00:00,se-2,server,21.34,1.27,56.71,231.8,5.44,40.12,48.65,0.87,51.72,healthy,normal
2025-01-01T02:03:50+00:00,se-7,server,138.07,8.1,94.41,556.55,16.05,74.01,66.82,1.68,91.45,warning,traffic_spike
2025-01-01T02:03:55+00:00,co-3,core_switch,67.75,3.29,96.54,438.27,10.12,86.22,59.64,1.19,95.6,warning,traffic_spike
2025-01-01T02:04:00+00:00,cl-3,client,142.5,5.66,72.41,171.13,9.86,99.42,90.48,3.64,80.31,warning,device_overload
2025-01-01T02:04:05+00:00,ac-4,access_switch,102.73,1.35,60.58,167.47,17.17,96.11,97.83,2.71,81.77,warning,device_overload
2025-01-01T02:04:10+00:00,ro-5,router,22.7,1.19,30.96,292.09,0.83,45.11,34.08,0.5,30.85,healthy,normal
2025-01-01T02:04:15+00:00,da-6,database,14.75,1.33,21.37,280.45,1.71,44.75,46.38,0.26,35.76,healthy,normal
2025-01-01T02:04:20+00:00,cl-8,client,180.24,8.63,88.34,75.99,24.38,58.38,51.05,1.44,88.44,warning,congestion
2025-01-01T02:04:25+00:00,ro-6,router,69.94,7.84,55.71,65.46,19.26,95.43,89.28,2.9,69.49,warning,device_overload
2025-01-01T02:04:30+00:00,da-7,database,128.13,2.48,57.84,128.86,12.72,88.59,91.63,1.0,50.89,warning,device_overload
2025-01-01T02:04:35+00:00,se-3,server,31.33,0.11,58.74,219.15,1.51,44.77,30.59,0.07,25.49,healthy,normal
2025-01-01T02:04:40+00:00,cl-7,client,38.99,0.93,39.75,234.64,3.16,16.64,66.02,0.43,18.86,healthy,normal
2025-01-01T02:04:45+00:00,se-4,server,12.56,0.9,54.21,139.01,4.19,45.37,25.25,0.86,51.16,healthy,normal
2025-01-01T02:04:50+00:00,da-8,database,113.39,5.36,90.85,742.33,12.16,86.93,71.72,4.62,96.93,warning,traffic_spike
2025-01-01T02:04:55+00:00,da-2,database,30.16,0.57,32.51,116.79,3.46,47.63,49.44,0.3,27.13,healthy,normal
2025-01-01T02:05:00+00:00,co-2,core_switch,28.75,0.53,19.11,186.8,5.0,27.25,36.44,0.58,56.58,healthy,normal
2025-01-01T02:05:05+00:00,ro-1,router,10.04,0.63,44.38,197.04,2.41,44.94,43.15,0.36,44.76,healthy,normal
2025-01-01T02:05:10+00:00,ac-2,access_switch,145.87,6.42,98.14,95.46,37.76,54.51,53.9,1.14,89.42,warning,congestion
2025-01-01T02:05:15+00:00,co-8,core_switch,16.37,0.88,36.15,169.93,3.02,23.39,44.43,0.07,60.9,healthy,normal
2025-01-01T02:05:20+00:00,ac-3,access_switch,167.55,8.56,88.46,46.44,21.65,62.24,42.29,3.21,87.54,warning,congestion
2025-01-01T02:05:25+00:00,se-7,server,182.79,9.12,86.99,50.19,20.16,55.73,60.88,6.1,97.77,warning,congestion
2025-01-01T02:05:30+00:00,da-5,database,304.18,84.17,6.57,7.93,45.7,60.55,68.4,53.54,5.53,offline,link_failure
2025-01-01T02:05:35+00:00,ro-5,router,29.58,0.59,61.62,239.6,4.72,25.91,55.05,0.77,29.34,healthy,normal
2025-01-01T02:05:40+00:00,co-5,core_switch,38.07,0.4,42.71,258.72,4.22,40.26,30.43,0.04,32.07,healthy,normal
2025-01-01T02:05:45+00:00,da-8,database,33.15,0.33,45.05,289.87,4.14,54.71,49.64,0.84,20.19,healthy,normal
2025-01-01T02:05:50+00:00,ro-8,router,14.13,1.04,23.41,215.32,1.03,29.71,63.57,0.47,25.02,healthy,normal
2025-01-01T02:05:55+00:00,se-6,server,98.72,6.6,50.28,160.0,7.6,86.14,88.83,4.97,81.48,warning,device_overload
2025-01-01T02:06:00+00:00,ro-3,router,33.15,0.34,20.57,116.02,5.47,54.36,28.69,0.7,25.61,healthy,normal
2025-01-01T02:06:05+00:00,ac-6,access_switch,372.77,95.14,1.9,4.66,79.54,10.07,13.49,65.55,3.44,offline,device_failure
2025-01-01T02:06:10+00:00,da-2,database,300.49,92.33,2.98,2.07,63.0,4.65,1.18,47.26,4.34,offline,device_failure
2025-01-01T02:06:15+00:00,co-5,core_switch,38.49,0.29,37.15,315.21,4.65,16.51,34.94,0.28,30.22,healthy,normal
2025-01-01T02:06:20+00:00,co-2,core_switch,10.6,0.35,39.19,237.48,3.42,46.19,59.24,0.36,57.72,healthy,normal
2025-01-01T02:06:25+00:00,ro-6,router,421.9,98.77,5.69,2.24,86.43,11.51,2.14,79.26,0.72,offline,device_failure
2025-01-01T02:06:30+00:00,se-8,server,162.27,1.45,55.54,189.13,11.83,97.78,84.94,2.6,79.14,warning,device_overload
2025-01-01T02:06:35+00:00,ro-5,router,343.97,92.06,4.48,2.69,92.97,11.07,2.23,46.06,4.16,warning,device_failure
2025-01-01T02:06:40+00:00,co-1,core_switch,14.36,0.2,36.86,328.13,1.92,54.5,34.11,0.2,28.19,healthy,normal
2025-01-01T02:06:45+00:00,ro-2,router,31.45,0.64,39.45,315.22,0.86,53.52,30.25,0.43,46.72,healthy,normal
2025-01-01T02:06:50+00:00,ac-1,access_switch,232.07,89.97,4.63,1.88,84.21,60.96,59.53,45.03,4.65,warning,link_failure
2025-01-01T02:06:55+00:00,co-1,core_switch,16.94,1.08,62.69,139.0,1.46,28.32,27.0,0.87,45.24,healthy,normal
2025-01-01T02:07:00+00:00,ro-3,router,467.28,90.53,2.91,1.25,52.4,39.77,66.3,38.61,14.96,warning,link_failure
2025-01-01T02:07:05+00:00,da-8,database,143.91,7.71,78.27,119.3,17.18,92.93,97.2,3.9,71.76,warning,device_overload
2025-01-01T02:07:10+00:00,co-1,core_switch,334.31,95.68,2.27,6.98,69.24,9.46,6.57,43.16,4.05,offline,device_failure
2025-01-01T02:07:15+00:00,co-3,core_switch,83.5,2.32,99.47,813.15,14.86,79.83,70.28,3.71,99.15,warning,traffic_spike
2025-01-01T02:07:20+00:00,co-8,core_switch,254.73,77.25,12.61,22.57,77.67,24.49,28.97,64.07,2.15,offline,link_failure
2025-01-01T02:07:25+00:00,da-1,database,17.54,0.52,50.35,201.5,5.57,42.64,53.46,0.8,61.74,healthy,normal
2025-01-01T02:07:30+00:00,ro-8,router,19.32,0.05,47.58,159.62,1.59,19.66,66.75,0.56,51.11,healthy,normal
2025-01-01T02:07:35+00:00,ac-2,access_switch,25.81,0.26,24.68,218.29,2.82,26.45,33.69,0.41,23.5,healthy,normal
2025-01-01T02:07:40+00:00,ac-3,access_switch,14.62,0.56,35.71,180.51,5.02,41.6,52.43,0.76,25.0,healthy,normal
2025-01-01T02:07:45+00:00,cl-1,client,32.16,1.22,27.51,173.78,2.37,54.47,60.67,0.27,58.71,healthy,normal
2025-01-01T02:07:50+00:00,da-6,database,10.38,0.7,55.81,112.27,2.75,45.74,57.7,0.62,18.71,healthy,normal
2025-01-01T02:07:55+00:00,ac-8,access_switch,329.05,89.47,19.88,9.53,68.08,29.41,69.54,46.9,5.7,warning,link_failure
2025-01-01T02:08:00+00:00,co-8,core_switch,39.48,0.71,55.36,145.2,2.67,21.91,42.41,0.8,33.16,healthy,normal
2025-01-01T02:08:05+00:00,da-3,database,10.89,0.55,52.08,144.69,3.88,20.27,38.19,0.78,63.3,healthy,normal
2025-01-01T02:08:10+00:00,ro-3,router,28.93,0.47,49.25,237.94,2.01,26.0,53.41,0.73,48.58,healthy,normal
2025-01-01T02:08:15+00:00,da-5,database,31.25,1.43,20.01,192.94,2.54,26.66,46.63,0.58,43.66,healthy,normal
2025-01-01T02:08:20+00:00,co-2,core_switch,17.14,0.81,58.01,119.59,3.78,53.33,33.88,0.77,18.34,healthy,normal
2025-01-01T02:08:25+00:00,co-3,core_switch,70.85,6.8,76.28,105.24,11.74,95.28,98.13,5.98,68.15,warning,device_overload
2025-01-01T02:08:30+00:00,da-8,database,497.69,91.58,0.08,6.11,51.04,3.92,7.79,38.22,2.47,offline,device_failure
2025-01-01T02:08:35+00:00,co-1,core_switch,11.36,0.58,44.79,220.54,5.65,34.9,47.07,0.22,31.31,healthy,normal
2025-01-01T02:08:40+00:00,cl-7,client,30.41,0.42,58.9,274.77,4.83,20.34,43.16,0.12,30.4,healthy,normal
2025-01-01T02:08:45+00:00,da-3,database,32.88,0.65,24.81,126.52,1.75,28.75,26.81,0.26,46.81,healthy,normal
2025-01-01T02:08:50+00:00,ro-5,router,191.25,15.25,98.59,113.89,34.41,77.04,45.24,6.18,92.25,warning,congestion
2025-01-01T02:08:55+00:00,se-5,server,385.35,94.32,6.52,4.11,55.95,8.82,0.28,47.06,3.46,offline,device_failure
2025-01-01T02:09:00+00:00,cl-3,client,32.6,0.09,34.35,153.28,1.64,30.15,47.93,0.17,20.01,healthy,normal
2025-01-01T02:09:05+00:00,ro-6,router,35.91,0.41,59.66,307.81,3.66,15.09,39.63,0.62,63.1,healthy,normal
2025-01-01T02:09:10+00:00,da-1,database,246.1,92.78,6.98,1.31,70.16,5.23,3.42,47.49,6.75,warning,device_failure
2025-01-01T02:09:15+00:00,co-7,core_switch,115.59,9.06,90.45,829.13,16.15,90.41,69.22,3.36,98.83,warning,traffic_spike
2025-01-01T02:09:20+00:00,se-3,server,90.79,2.84,93.21,579.3,23.54,68.02,52.83,1.2,95.06,warning,traffic_spike
2025-01-01T02:09:25+00:00,co-3,core_switch,13.17,0.81,41.88,323.58,2.62,23.41,56.44,0.66,18.29,healthy,normal
2025-01-01T02:09:30+00:00,cl-1,client,22.99,1.34,41.17,130.89,1.03,49.0,55.83,0.74,23.69,healthy,normal
2025-01-01T02:09:35+00:00,da-2,database,158.47,6.69,54.89,65.13,9.04,94.49,99.3,1.82,84.48,warning,device_overload
2025-01-01T02:09:40+00:00,ac-7,access_switch,126.65,4.73,54.88,148.53,12.6,92.96,95.75,1.12,75.8,warning,device_overload
2025-01-01T02:09:45+00:00,cl-6,client,388.78,95.02,11.75,18.33,66.7,35.93,63.98,26.23,8.07,offline,link_failure
2025-01-01T02:09:50+00:00,da-3,database,20.99,0.34,30.82,205.73,4.11,49.38,56.48,0.8,45.13,healthy,normal
2025-01-01T02:09:55+00:00,se-5,server,175.97,5.71,93.49,95.0,37.7,56.27,69.52,4.44,91.55,warning,congestion
2025-01-01T02:10:00+00:00,ro-8,router,19.82,1.02,29.98,187.43,4.01,40.69,41.85,0.07,41.47,healthy,normal
2025-01-01T02:10:05+00:00,da-2,database,340.96,90.91,8.39,4.15,79.65,2.48,10.26,64.5,4.27,offline,device_failure
2025-01-01T02:10:10+00:00,ac-1,access_switch,78.87,4.53,97.51,511.67,20.8,92.19,83.28,1.97,91.71,warning,traffic_spike
2025-01-01T02:10:15+00:00,ro-3,router,489.52,88.47,4.0,4.42,94.6,0.22,7.62,49.88,6.67,warning,device_failure
2025-01-01T02:10:20+00:00,ro-4,router,10.02,1.32,44.94,151.79,4.26,16.85,45.23,0.6,43.12,healthy,normal
2025-01-01T02:10:25+00:00,da-8,database,18.38,1.28,64.76,231.73,2.96,53.95,24.64,0.83,38.25,healthy,normal
2025-01-01T02:10:30+00:00,ro-1,router,10.02,0.07,34.21,195.88,4.33,19.58,63.1,0.7,33.51,healthy,normal
2025-01-01T02:10:35+00:00,ac-7,access_switch,19.37,0.84,54.06,152.15,3.08,39.36,61.17,0.89,37.46,healthy,normal
2025-01-01T02:10:40+00:00,da-8,database,217.53,14.95,94.11,109.01,16.21,77.49,70.93,1.19,94.83,warning,congestion
2025-01-01T02:10:45+00:00,ac-2,access_switch,11.52,0.41,31.89,318.93,2.11,42.07,65.28,0.35,29.26,healthy,normal
2025-01-01T02:10:50+00:00,se-7,server,36.19,0.56,32.14,118.5,1.54,50.02,29.14,0.82,46.79,healthy,normal
2025-01-01T02:10:55+00:00,se-3,server,20.09,0.64,26.38,316.57,1.74,42.4,38.6,0.19,48.03,healthy,normal
2025-01-01T02:11:00+00:00,se-1,server,89.74,3.15,81.03,95.98,11.62,97.0,89.96,2.56,63.79,warning,device_overload
2025-01-01T02:11:05+00:00,co-4,core_switch,20.0,0.73,21.85,140.18,2.53,30.65,28.47,0.63,59.82,healthy,normal
2025-01-01T02:11:10+00:00,ro-4,router,142.19,11.9,99.09,160.97,13.77,71.53,59.0,6.54,94.96,warning,congestion
2025-01-01T02:11:15+00:00,se-8,server,78.06,6.41,66.44,128.65,10.94,90.85,89.14,5.73,68.83,warning,device_overload
2025-01-01T02:11:20+00:00,da-5,database,15.45,1.26,24.58,299.03,1.33,20.2,46.1,0.44,46.98,healthy,normal
2025-01-01T02:11:25+00:00,ro-6,router,39.32,0.79,47.93,189.92,3.92,26.62,43.98,0.24,26.98,healthy,normal
2025-01-01T02:11:30+00:00,co-6,core_switch,34.72,0.45,59.07,271.0,5.24,28.31,60.66,0.76,21.19,healthy,normal
2025-01-01T02:11:35+00:00,cl-8,client,113.92,7.47,98.32,66.41,20.67,63.07,61.24,2.33,87.75,warning,congestion
2025-01-01T02:11:40+00:00,ro-2,router,32.03,0.36,48.28,312.06,5.9,34.22,25.65,0.43,42.82,healthy,normal
2025-01-01T02:11:45+00:00,da-2,database,21.28,0.26,43.54,153.19,2.28,39.97,32.09,0.62,31.3,healthy,normal
2025-01-01T02:11:50+00:00,cl-5,client,23.07,1.25,28.0,182.04,1.98,51.55,58.51,0.05,41.62,healthy,normal
2025-01-01T02:11:55+00:00,ac-8,access_switch,280.76,91.35,3.82,0.7,71.36,8.91,13.07,67.59,3.18,offline,device_failure
2025-01-01T02:12:00+00:00,ac-4,access_switch,73.89,5.17,95.05,712.04,25.77,86.87,66.34,4.87,93.41,warning,traffic_spike
2025-01-01T02:12:05+00:00,da-1,database,184.98,5.35,92.05,112.03,24.47,66.37,61.13,2.4,99.04,warning,congestion
2025-01-01T02:12:10+00:00,co-2,core_switch,140.99,4.78,61.38,125.48,21.47,88.38,88.72,2.94,85.33,warning,device_overload
2025-01-01T02:12:15+00:00,ac-8,access_switch,354.85,84.27,12.34,21.04,79.43,60.04,40.44,51.95,6.27,offline,link_failure
2025-01-01T02:12:20+00:00,da-2,database,207.18,4.62,85.44,97.34,27.18,72.05,63.93,6.38,97.84,warning,congestion
2025-01-01T02:12:25+00:00,co-4,core_switch,402.61,98.89,4.52,0.66,45.79,3.94,8.13,51.46,7.72,warning,device_failure
2025-01-01T02:12:30+00:00,ro-5,router,126.53,3.65,93.96,858.19,18.46,79.74,69.89,0.87,97.26,warning,traffic_spike
2025-01-01T02:12:35+00:00,co-6,core_switch,146.48,6.94,49.56,66.06,10.93,99.81,91.87,4.77,56.83,warning,device_overload
2025-01-01T02:12:40+00:00,da-1,database,134.88,2.18,97.54,751.78,25.33,93.31,71.77,4.31,98.33,warning,traffic_spike
2025-01-01T02:12:45+00:00,da-1,database,21.85,0.22,58.49,313.41,3.84,24.95,58.73,0.08,58.11,healthy,normal
2025-01-01T02:12:50+00:00,da-1,database,34.15,0.7,53.2,279.14,4.28,23.78,53.63,0.02,53.71,healthy,normal
2025-01-01T02:12:55+00:00,co-2,core_switch,10.33,1.44,43.03,297.62,5.92,28.83,52.44,0.28,21.31,healthy,normal
2025-01-01T02:13:00+00:00,ro-6,router,427.91,94.33,18.82,17.21,32.56,34.75,66.33,33.47,12.86,offline,link_failure
2025-01-01T02:13:05+00:00,ro-6,router,39.85,1.19,42.95,155.24,4.74,21.29,43.35,0.2,33.13,healthy,normal
2025-01-01T02:13:10+00:00,se-4,server,285.97,94.36,1.33,0.17,50.03,34.48,66.07,53.81,17.48,offline,link_failure
2025-01-01T02:13:15+00:00,cl-5,client,24.41,0.37,48.58,299.37,5.07,25.77,45.44,0.17,33.03,healthy,normal
2025-01-01T02:13:20+00:00,ro-4,router,336.08,96.15,0.43,1.07,72.94,2.88,6.81,60.13,6.84,offline,device_failure
2025-01-01T02:13:25+00:00,se-7,server,144.43,8.12,87.24,63.02,14.14,74.87,51.23,5.9,95.56,warning,congestion
2025-01-01T02:13:30+00:00,ro-8,router,40.68,0.48,59.91,183.65,5.34,43.57,37.18,0.75,17.23,healthy,normal
2025-01-01T02:13:35+00:00,ro-1,router,16.05,0.84,18.06,217.89,1.91,26.88,45.41,0.19,21.98,healthy,normal
2025-01-01T02:13:40+00:00,ro-5,router,412.64,93.44,5.29,4.63,77.56,9.53,12.97,66.64,4.6,warning,device_failure
2025-01-01T02:13:45+00:00,se-7,server,18.32,1.13,61.12,299.26,4.06,46.14,24.16,0.16,41.29,healthy,normal
2025-01-01T02:13:50+00:00,ac-8,access_switch,409.58,96.39,16.6,8.41,81.34,30.67,64.08,34.79,13.48,offline,link_failure
2025-01-01T02:13:55+00:00,se-2,server,24.51,1.33,19.0,322.92,4.99,58.19,67.35,0.71,54.39,healthy,normal
2025-01-01T02:14:00+00:00,ac-1,access_switch,284.84,99.37,5.91,6.08,94.56,6.09,2.88,60.84,5.22,offline,device_failure
2025-01-01T02:14:05+00:00,da-4,database,33.43,0.32,31.35,214.48,0.87,26.3,34.23,0.01,15.65,healthy,normal
2025-01-01T02:14:10+00:00,ac-4,access_switch,101.14,7.1,93.03,441.36,18.9,79.88,63.25,4.04,99.7,warning,traffic_spike
2025-01-01T02:14:15+00:00,ro-3,router,132.61,3.86,89.02,447.08,21.05,81.51,55.09,1.71,92.79,warning,traffic_spike
2025-01-01T02:14:20+00:00,cl-8,client,32.06,1.26,30.79,234.31,1.63,31.71,58.35,0.76,48.45,healthy,normal
2025-01-01T02:14:25+00:00,se-5,server,13.16,0.95,24.79,275.14,3.63,35.95,49.84,0.66,39.68,healthy,normal
2025-01-01T02:14:30+00:00,ac-7,access_switch,241.41,76.97,1.72,11.9,47.91,26.49,38.61,31.93,16.02,offline,link_failure
2025-01-01T02:14:35+00:00,co-3,core_switch,108.21,1.76,78.14,61.97,10.08,91.36,90.91,5.81,54.25,warning,device_overload
2025-01-01T02:14:40+00:00,co-7,core_switch,24.36,0.98,20.64,314.59,4.85,16.43,38.75,0.71,35.33,healthy,normal
2025-01-01T02:14:45+00:00,cl-6,client,283.08,99.5,5.83,0.08,70.57,7.26,0.42,40.27,1.95,warning,device_failure
2025-01-01T02:14:50+00:00,da-1,database,10.83,0.69,46.92,129.68,4.71,16.56,43.86,0.14,20.68,healthy,normal
2025-01-01T02:14:55+00:00,se-1,server,192.77,9.67,84.28,90.68,15.71,49.44,70.95,2.52,98.18,warning,congestion
2025-01-01T02:15:00+00:00,ac-7,access_switch,151.12,7.99,49.44,77.57,19.92,99.5,91.58,1.04,56.04,warning,device_overload
2025-01-01T02:15:05+00:00,ro-3,router,36.4,1.14,31.78,283.03,5.49,23.27,30.35,0.58,15.8,healthy,normal
2025-01-01T02:15:10+00:00,co-5,core_switch,34.17,0.21,52.43,316.03,4.6,41.25,37.42,0.74,56.49,healthy,normal
2025-01-01T02:15:15+00:00,co-7,core_switch,29.74,0.31,26.58,251.14,2.64,19.25,64.61,0.42,19.1,healthy,normal
2025-01-01T02:15:20+00:00,ac-1,access_switch,41.06,1.02,30.71,185.89,4.4,41.3,39.43,0.34,21.83,healthy,normal
2025-01-01T02:15:25+00:00,cl-2,client,20.23,1.4,45.33,295.15,1.69,34.34,62.76,0.89,51.56,healthy,normal
2025-01-01T02:15:30+00:00,da-5,database,323.69,83.98,19.33,23.54,70.47,25.71,46.79,64.96,16.34,offline,link_failure
2025-01-01T02:15:35+00:00,ac-5,access_switch,151.15,4.28,95.74,96.98,29.09,81.13,77.16,1.66,86.46,warning,congestion
2025-01-01T02:15:40+00:00,da-3,database,12.74,0.45,20.37,235.68,4.58,38.81,60.25,0.8,65.67,healthy,normal
2025-01-01T02:15:45+00:00,cl-3,client,36.68,1.18,64.04,171.29,2.2,34.67,43.76,0.86,41.22,healthy,normal
2025-01-01T02:15:50+00:00,da-7,database,20.19,0.65,24.96,298.25,1.67,59.9,32.77,0.65,50.69,healthy,normal
2025-01-01T02:15:55+00:00,ro-6,router,180.45,77.83,4.79,1.46,31.09,43.35,36.69,33.13,12.86,offline,link_failure
2025-01-01T02:16:00+00:00,co-2,core_switch,29.59,0.01,42.49,278.99,3.75,19.05,35.09,0.37,15.14,healthy,normal
2025-01-01T02:16:05+00:00,ro-7,router,167.32,12.9,85.59,70.56,29.82,52.46,58.44,5.99,95.43,warning,congestion
2025-01-01T02:16:10+00:00,da-8,database,121.6,6.94,92.66,695.47,22.66,77.01,87.58,4.78,99.43,warning,traffic_spike
2025-01-01T02:16:15+00:00,da-5,database,334.9,88.49,0.23,4.77,91.26,7.07,3.88,47.05,3.48,offline,device_failure
2025-01-01T02:16:20+00:00,cl-4,client,140.78,2.66,89.15,862.37,14.37,87.86,71.1,2.16,92.59,warning,traffic_spike
2025-01-01T02:16:25+00:00,da-5,database,106.76,4.22,93.81,144.64,29.28,47.53,49.32,5.58,89.89,warning,congestion
2025-01-01T02:16:30+00:00,se-6,server,22.0,0.86,46.07,172.34,5.43,27.3,41.79,0.4,52.24,healthy,normal
2025-01-01T02:16:35+00:00,da-3,database,18.54,0.97,18.75,140.64,4.8,55.96,54.3,0.14,22.16,healthy,normal
2025-01-01T02:16:40+00:00,se-5,server,40.98,0.22,59.86,140.96,3.56,37.54,27.08,0.24,31.89,healthy,normal
2025-01-01T02:16:45+00:00,co-6,core_switch,30.39,0.29,32.64,319.23,1.96,59.81,24.77,0.27,23.29,healthy,normal
2025-01-01T02:16:50+00:00,da-3,database,27.65,0.5,43.8,261.06,5.68,43.28,58.6,0.88,32.99,healthy,normal
2025-01-01T02:16:55+00:00,cl-7,client,13.66,0.05,39.84,148.04,1.09,34.19,25.04,0.08,44.2,healthy,normal
2025-01-01T02:17:00+00:00,se-2,server,89.3,12.68,95.68,62.85,37.57,49.7,68.46,6.55,91.98,warning,congestion
2025-01-01T02:17:05+00:00,co-1,core_switch,30.96,0.4,43.02,192.34,3.39,34.32,57.06,0.2,57.37,healthy,normal
2025-01-01T02:17:10+00:00,ac-5,access_switch,89.37,2.37,98.5,750.99,25.88,97.35,65.92,1.48,96.34,warning,traffic_spike
2025-01-01T02:17:15+00:00,ro-2,router,29.91,0.5,18.32,219.83,4.67,43.17,33.02,0.66,40.57,healthy,normal
2025-01-01T02:17:20+00:00,co-6,core_switch,27.87,0.63,41.08,200.16,1.68,57.31,57.3,0.67,21.56,healthy,normal
2025-01-01T02:17:25+00:00,co-7,core_switch,24.5,0.01,36.42,202.03,5.01,57.07,65.0,0.7,64.54,healthy,normal
2025-01-01T02:17:30+00:00,ac-8,access_switch,468.65,92.91,5.46,4.09,91.44,9.48,4.11,60.69,0.64,offline,device_failure
2025-01-01T02:17:35+00:00,ro-4,router,21.57,0.05,63.82,133.95,3.45,37.53,45.27,0.27,22.57,healthy,normal
2025-01-01T02:17:40+00:00,ac-4,access_switch,19.84,0.46,37.71,272.56,2.77,21.86,28.86,0.08,56.11,healthy,normal
2025-01-01T02:17:45+00:00,ac-6,access_switch,15.24,0.39,54.93,113.78,2.88,46.09,59.25,0.58,19.57,healthy,normal
2025-01-01T02:17:50+00:00,cl-8,client,34.77,0.82,21.77,142.29,2.1,53.57,42.88,0.28,32.54,healthy,normal
2025-01-01T02:17:55+00:00,ac-3,access_switch,189.98,10.34,87.71,144.18,25.96,81.74,56.59,6.2,86.26,warning,congestion
2025-01-01T02:18:00+00:00,ro-3,router,254.6,97.78,3.71,1.57,86.24,0.99,10.17,48.59,0.23,offline,device_failure
2025-01-01T02:18:05+00:00,ro-5,router,130.3,7.66,61.96,166.21,10.84,87.99,95.42,5.49,66.73,warning,device_overload
2025-01-01T02:18:10+00:00,ro-4,router,15.22,1.5,27.48,240.83,3.66,41.65,50.59,0.86,19.17,healthy,normal
2025-01-01T02:18:15+00:00,ro-4,router,310.41,99.24,8.13,1.93,86.26,5.96,1.38,80.24,6.1,offline,device_failure
2025-01-01T02:18:20+00:00,ro-2,router,213.27,13.09,98.03,60.23,37.68,58.13,67.75,6.87,99.87,warning,congestion
2025-01-01T02:18:25+00:00,ac-5,access_switch,433.62,89.81,18.07,7.89,51.88,20.42,30.66,29.27,7.88,warning,link_failure
2025-01-01T02:18:30+00:00,da-3,database,32.6,0.03,61.36,232.78,4.32,52.67,46.99,0.0,22.16,healthy,normal
2025-01-01T02:18:35+00:00,ro-4,router,24.97,1.42,22.97,116.05,4.39,20.0,51.09,0.88,23.04,healthy,normal
2025-01-01T02:18:40+00:00,cl-7,client,77.62,5.92,89.45,527.0,14.78,74.8,67.0,2.39,98.63,warning,traffic_spike
2025-01-01T02:18:45+00:00,ro-3,router,126.84,6.38,96.08,781.0,15.33,78.56,82.95,2.75,90.15,warning,traffic_spike
2025-01-01T02:18:50+00:00,cl-5,client,82.33,6.38,53.53,108.36,9.98,99.58,85.94,5.1,78.94,warning,device_overload
2025-01-01T02:18:55+00:00,cl-7,client,27.65,1.27,30.2,256.6,0.9,51.04,54.02,0.32,37.72,healthy,normal
2025-01-01T02:19:00+00:00,co-6,core_switch,140.15,7.58,82.73,67.07,7.88,87.62,90.51,3.09,51.24,warning,device_overload
2025-01-01T02:19:05+00:00,se-1,server,16.96,0.55,64.02,320.1,4.17,49.51,63.28,0.14,59.12,healthy,normal
2025-01-01T02:19:10+00:00,cl-2,client,131.3,7.06,68.12,93.96,20.68,93.05,87.53,1.07,84.25,warning,device_overload
2025-01-01T02:19:15+00:00,da-2,database,424.21,80.86,5.03,3.54,52.1,23.21,47.38,36.41,14.54,offline,link_failure
2025-01-01T02:19:20+00:00,se-5,server,143.62,13.53,86.93,152.81,27.98,57.21,53.15,1.54,86.04,warning,congestion
2025-01-01T02:19:25+00:00,ro-5,router,39.19,0.63,54.13,144.2,3.43,51.38,58.64,0.77,21.36,healthy,normal
2025-01-01T02:19:30+00:00,da-6,database,20.27,1.15,58.62,140.1,4.81,55.76,63.93,0.3,20.12,healthy,normal
2025-01-01T02:19:35+00:00,ac-8,access_switch,26.21,0.51,30.2,192.8,5.68,17.05,53.54,0.54,23.36,healthy,normal
2025-01-01T02:19:40+00:00,ro-5,router,310.54,92.67,21.8,18.52,55.37,40.82,31.64,36.11,7.95,warning,link_failure
2025-01-01T02:19:45+00:00,co-1,core_switch,36.46,0.7,35.0,287.21,4.72,36.63,67.78,0.68,40.02,healthy,normal
2025-01-01T02:19:50+00:00,co-6,core_switch,272.07,78.39,0.35,4.46,56.54,56.96,64.51,42.65,5.84,warning,link_failure
2025-01-01T02:19:55+00:00,co-7,core_switch,11.59,0.84,33.62,279.53,2.85,38.76,67.18,0.8,24.67,healthy,normal
2025-01-01T02:20:00+00:00,ac-1,access_switch,150.06,9.14,85.31,97.89,35.2,70.28,47.18,6.67,98.04,warning,congestion
2025-01-01T02:20:05+00:00,ac-4,access_switch,143.56,7.77,61.04,111.37,9.21,94.45,87.49,4.7,76.05,warning,device_overload
2025-01-01T02:20:10+00:00,da-1,database,445.28,94.2,9.36,7.95,77.52,2.81,0.81,53.4,2.96,warning,device_failure
2025-01-01T02:20:15+00:00,ro-6,router,35.22,1.03,62.35,242.88,1.55,24.0,42.4,0.08,62.05,healthy,normal
2025-01-01T02:20:20+00:00,se-7,server,222.97,13.32,88.34,128.64,31.18,60.23,44.08,3.84,94.34,warning,congestion
2025-01-01T02:20:25+00:00,cl-6,client,21.02,0.24,57.98,239.07,5.29,25.86,58.38,0.23,58.94,healthy,normal
2025-01-01T02:20:30+00:00,se-3,server,24.57,0.31,20.8,148.73,5.71,21.63,28.54,0.69,58.47,healthy,normal
2025-01-01T02:20:35+00:00,cl-7,client,393.82,99.62,1.07,1.32,87.87,1.89,12.36,55.46,2.31,offline,device_failure
2025-01-01T02:20:40+00:00,se-4,server,238.74,90.11,1.04,3.4,76.82,2.49,11.99,44.85,0.24,offline,device_failure
2025-01-01T02:20:45+00:00,se-1,server,13.06,1.47,30.51,259.29,2.2,52.3,26.66,0.49,60.15,healthy,normal
2025-01-01T02:20:50+00:00,ro-4,router,35.8,0.12,61.42,208.04,4.85,54.97,54.15,0.85,30.14,healthy,normal
2025-01-01T02:20:55+00:00,co-7,core_switch,36.72,0.28,61.09,192.88,1.96,20.09,59.57,0.14,29.49,healthy,normal
2025-01-01T02:21:00+00:00,co-1,core_switch,27.28,1.44,19.53,197.49,5.63,26.7,30.88,0.31,52.88,healthy,normal
2025-01-01T02:21:05+00:00,da-4,database,429.3,90.7,4.62,1.26,86.7,2.16,12.06,43.8,4.58,warning,device_failure
2025-01-01T02:21:10+00:00,co-1,core_switch,310.59,97.27,8.17,0.48,90.67,8.62,6.34,70.52,6.59,warning,device_failure
2025-01-01T02:21:15+00:00,co-5,core_switch,21.39,0.31,40.99,247.15,4.06,31.81,43.92,0.0,59.68,healthy,normal
2025-01-01T02:21:20+00:00,ro-7,router,33.94,1.49,53.42,296.23,0.91,17.01,24.45,0.64,20.37,healthy,normal
2025-01-01T02:21:25+00:00,co-1,core_switch,69.93,8.17,98.85,810.55,26.89,94.46,59.05,0.65,92.59,warning,traffic_spike
2025-01-01T02:21:30+00:00,ro-4,router,110.14,5.88,99.27,72.14,16.51,80.42,50.81,1.4,88.16,warning,congestion
2025-01-01T02:21:35+00:00,cl-6,client,21.01,1.46,23.34,304.64,1.98,30.19,38.46,0.65,61.67,healthy,normal
2025-01-01T02:21:40+00:00,se-5,server,32.24,0.31,27.1,280.67,1.8,22.3,61.39,0.35,23.49,healthy,normal
2025-01-01T02:21:45+00:00,ro-1,router,21.1,1.12,43.3,251.92,1.44,52.42,58.7,0.68,19.7,healthy,normal
2025-01-01T02:21:50+00:00,ro-6,router,432.87,92.71,9.08,4.89,78.81,11.42,1.65,48.35,3.97,offline,device_failure
2025-01-01T02:21:55+00:00,se-8,server,19.89,0.56,25.52,309.41,2.8,41.79,62.15,0.58,44.45,healthy,normal
2025-01-01T02:22:00+00:00,ac-2,access_switch,107.74,3.45,93.36,774.47,10.0,79.17,77.46,1.08,94.24,warning,traffic_spike
2025-01-01T02:22:05+00:00,se-6,server,68.6,8.82,95.55,625.33,15.66,94.92,55.39,0.61,96.21,warning,traffic_spike
2025-01-01T02:22:10+00:00,co-1,core_switch,10.14,0.89,49.01,303.46,5.49,29.19,30.05,0.05,23.64,healthy,normal
2025-01-01T02:22:15+00:00,ac-4,access_switch,37.52,0.53,32.94,169.6,4.54,21.28,49.6,0.09,27.36,healthy,normal
2025-01-01T02:22:20+00:00,da-8,database,477.68,93.53,1.4,3.73,98.56,4.49,10.38,82.3,1.23,offline,device_failure
2025-01-01T02:22:25+00:00,da-4,database,32.66,0.38,55.5,180.69,5.65,50.6,49.99,0.66,65.39,healthy,normal
2025-01-01T02:22:30+00:00,da-8,database,25.76,0.65,47.8,292.49,1.83,24.4,34.32,0.15,45.66,healthy,normal
2025-01-01T02:22:35+00:00,ac-2,access_switch,136.91,11.41,83.97,84.24,30.63,69.62,76.56,2.65,98.37,warning,congestion
2025-01-01T02:22:40+00:00,da-6,database,33.53,0.8,56.99,229.13,5.86,29.43,43.24,0.71,22.02,healthy,normal
2025-01-01T02:22:45+00:00,ro-5,router,299.37,75.51,12.86,4.04,48.31,29.75,61.67,59.37,13.27,offline,link_failure
2025-01-01T02:22:50+00:00,da-7,database,15.4,0.24,26.63,187.08,4.73,39.0,39.52,0.72,63.56,healthy,normal
2025-01-01T02:22:55+00:00,ac-8,access_switch,15.51,0.62,45.68,165.43,1.74,15.57,61.45,0.15,23.45,healthy,normal
2025-01-01T02:23:00+00:00,ro-5,router,106.28,3.4,88.14,436.59,22.04,80.53,56.47,3.62,90.4,warning,traffic_spike
2025-01-01T02:23:05+00:00,ro-5,router,39.39,1.34,56.92,121.58,3.82,34.36,32.14,0.43,29.82,healthy,normal
2025-01-01T02:23:10+00:00,cl-4,client,29.66,0.07,53.73,236.48,2.08,49.34,47.7,0.16,23.34,healthy,normal
2025-01-01T02:23:15+00:00,ro-4,router,333.23,88.07,0.47,7.72,96.25,1.72,6.8,37.05,3.2,warning,device_failure
2025-01-01T02:23:20+00:00,cl-7,client,36.59,0.08,63.85,301.47,2.83,24.83,47.13,0.85,15.54,healthy,normal
2025-01-01T02:23:25+00:00,co-8,core_switch,110.15,7.26,84.53,147.4,29.13,76.72,66.24,2.23,98.14,warning,congestion
2025-01-01T02:23:30+00:00,se-2,server,10.4,1.41,47.01,172.29,1.28,34.59,30.04,0.18,20.16,healthy,normal
2025-01-01T02:23:35+00:00,ac-2,access_switch,39.29,0.29,26.4,213.37,5.45,38.55,44.97,0.38,62.77,healthy,normal
2025-01-01T02:23:40+00:00,cl-4,client,35.28,0.91,26.46,324.43,5.06,54.6,59.59,0.43,59.63,healthy,normal
2025-01-01T02:23:45+00:00,da-8,database,10.63,0.13,57.77,246.34,3.74,22.76,54.68,0.04,23.77,healthy,normal
2025-01-01T02:23:50+00:00,se-5,server,123.66,7.21,96.07,61.87,18.99,60.85,54.07,2.18,97.53,warning,congestion
2025-01-01T02:23:55+00:00,se-1,server,109.0,14.49,96.14,88.06,17.86,76.16,46.93,4.36,86.58,warning,congestion
2025-01-01T02:24:00+00:00,co-4,core_switch,119.31,6.14,55.65,143.13,22.67,86.04,89.42,4.51,59.5,warning,device_overload
2025-01-01T02:24:05+00:00,se-5,server,70.69,5.13,91.34,587.43,19.8,68.48,80.33,3.12,92.2,warning,traffic_spike
2025-01-01T02:24:10+00:00,ac-7,access_switch,92.24,9.86,94.01,93.37,14.44,53.22,60.19,6.44,89.67,warning,congestion
2025-01-01T02:24:15+00:00,ro-7,router,33.29,0.12,53.36,295.51,5.81,30.81,42.29,0.81,59.15,healthy,normal
2025-01-01T02:24:20+00:00,se-4,server,22.93,1.39,60.36,282.07,2.71,28.36,54.54,0.47,57.46,healthy,normal
2025-01-01T02:24:25+00:00,da-1,database,224.75,85.31,15.31,13.84,36.6,54.97,39.48,21.85,8.18,warning,link_failure
2025-01-01T02:24:30+00:00,da-5,database,493.6,92.36,7.53,3.43,63.56,0.44,9.88,59.43,7.32,offline,device_failure
2025-01-01T02:24:35+00:00,co-4,core_switch,88.92,9.8,90.48,67.43,33.25,62.43,70.49,6.43,93.67,warning,congestion
2025-01-01T02:24:40+00:00,cl-3,client,23.46,1.33,40.34,236.42,2.26,18.66,24.71,0.46,41.42,healthy,normal
2025-01-01T02:24:45+00:00,ac-4,access_switch,157.85,7.95,93.16,147.44,22.07,72.8,62.62,2.23,95.52,warning,congestion
2025-01-01T02:24:50+00:00,da-8,database,41.6,0.04,57.66,285.74,4.12,53.17,61.13,0.57,44.69,healthy,normal
2025-01-01T02:24:55+00:00,ro-8,router,11.88,0.97,44.37,278.3,4.78,39.53,41.66,0.65,16.55,healthy,normal
2025-01-01T02:25:00+00:00,co-1,core_switch,34.4,0.6,25.65,314.81,4.32,54.58,44.88,0.85,45.17,healthy,normal
2025-01-01T02:25:05+00:00,da-2,database,31.53,0.85,43.22,145.14,1.42,21.93,54.91,0.87,55.01,healthy,normal
2025-01-01T02:25:10+00:00,co-8,core_switch,401.26,97.82,11.75,19.74,48.48,31.81,44.05,33.14,0.54,offline,link_failure
2025-01-01T02:25:15+00:00,da-4,database,471.74,74.44,16.96,22.98,48.15,64.53,53.27,20.87,5.08,offline,link_failure
2025-01-01T02:25:20+00:00,da-8,database,188.04,82.65,3.95,14.81,79.17,39.76,25.09,31.63,10.93,offline,link_failure
2025-01-01T02:25:25+00:00,ac-4,access_switch,27.97,0.77,54.46,254.91,2.08,17.44,30.45,0.78,50.27,healthy,normal
2025-01-01T02:25:30+00:00,se-2,server,304.29,86.06,20.4,9.27,52.61,48.84,56.18,50.5,6.19,offline,link_failure
2025-01-01T02:25:35+00:00,da-1,database,71.84,5.55,55.1,159.27,21.74,95.21,98.42,5.58,49.01,warning,device_overload
2025-01-01T02:25:40+00:00,se-1,server,13.66,0.08,46.16,144.34,4.08,16.91,62.71,0.18,41.69,healthy,normal
2025-01-01T02:25:45+00:00,da-2,database,150.87,8.83,91.99,118.08,22.78,51.43,73.32,2.78,90.19,warning,congestion
2025-01-01T02:25:50+00:00,ro-1,router,151.36,10.2,94.22,165.57,36.74,51.8,65.29,4.79,87.24,warning,congestion
2025-01-01T02:25:55+00:00,ro-7,router,39.99,1.03,51.8,304.6,2.8,19.96,59.19,0.37,21.89,healthy,normal
2025-01-01T02:26:00+00:00,da-3,database,206.9,6.88,85.04,47.39,31.69,51.48,75.22,2.17,98.62,warning,congestion
2025-01-01T02:26:05+00:00,ac-4,access_switch,20.43,0.89,47.62,150.45,2.12,59.92,53.94,0.79,61.8,healthy,normal
2025-01-01T02:26:10+00:00,ro-5,router,35.94,1.4,24.7,145.71,5.36,24.67,50.25,0.53,63.82,healthy,normal
2025-01-01T02:26:15+00:00,co-8,core_switch,21.66,0.01,43.91,168.58,3.15,52.03,64.78,0.05,46.72,healthy,normal
2025-01-01T02:26:20+00:00,se-1,server,75.16,6.28,54.69,97.96,20.51,98.48,88.93,3.46,54.56,warning,device_overload
2025-01-01T02:26:25+00:00,ac-2,access_switch,389.97,94.82,17.38,18.69,46.7,20.73,36.42,38.0,12.63,offline,link_failure
2025-01-01T02:26:30+00:00,da-2,database,325.12,96.6,4.52,3.99,73.48,3.32,9.97,57.61,7.99,offline,device_failure
2025-01-01T02:26:35+00:00,co-7,core_switch,58.46,5.23,93.56,809.98,27.4,80.23,72.24,1.08,95.81,warning,traffic_spike
2025-01-01T02:26:40+00:00,se-3,server,104.56,4.61,87.36,118.63,22.06,51.13,56.79,4.72,86.16,warning,congestion
2025-01-01T02:26:45+00:00,ro-8,router,40.36,0.85,37.18,151.61,2.59,42.46,49.96,0.8,46.24,healthy,normal
2025-01-01T02:26:50+00:00,da-4,database,288.14,97.02,7.35,6.92,66.99,6.18,9.94,59.8,1.5,offline,device_failure
2025-01-01T02:26:55+00:00,se-1,server,82.1,3.98,94.3,453.94,26.95,92.22,84.02,4.16,90.96,warning,traffic_spike
2025-01-01T02:27:00+00:00,da-4,database,41.23,0.9,25.27,137.73,0.85,15.2,26.93,0.27,48.92,healthy,normal
2025-01-01T02:27:05+00:00,se-7,server,76.88,5.32,74.88,64.09,19.68,96.38,94.58,6.97,82.44,warning,device_overload
2025-01-01T02:27:10+00:00,da-5,database,215.46,77.72,17.85,11.9,39.14,48.6,50.55,25.96,10.65,warning,link_failure
2025-01-01T02:27:15+00:00,cl-6,client,205.76,8.6,85.72,142.17,36.44,50.01,74.71,2.98,99.57,warning,congestion
2025-01-01T02:27:20+00:00,ro-3,router,86.86,6.82,46.24,180.89,22.89,91.99,99.08,1.72,85.56,warning,device_overload
2025-01-01T02:27:25+00:00,da-7,database,103.14,15.25,98.98,147.55,26.18,80.99,71.39,4.89,98.0,warning,congestion
2025-01-01T02:27:30+00:00,co-1,core_switch,12.73,0.99,29.56,315.75,3.13,33.38,28.42,0.47,44.74,healthy,normal
2025-01-01T02:27:35+00:00,co-5,core_switch,131.46,2.05,90.97,890.29,17.82,71.62,56.21,1.51,90.73,warning,traffic_spike
2025-01-01T02:27:40+00:00,cl-6,client,37.21,0.15,20.44,217.84,1.82,22.63,45.84,0.87,18.23,healthy,normal
2025-01-01T02:27:45+00:00,da-3,database,40.91,0.22,33.68,246.84,5.15,41.89,27.12,0.18,40.18,healthy,normal
2025-01-01T02:27:50+00:00,ro-4,router,19.54,0.28,31.81,329.19,2.23,35.18,48.2,0.0,29.09,healthy,normal
2025-01-01T02:27:55+00:00,se-7,server,37.71,1.16,32.82,124.45,5.84,15.23,60.83,0.37,18.96,healthy,normal
2025-01-01T02:28:00+00:00,ro-1,router,473.24,91.27,18.77,23.4,35.39,51.28,70.17,27.49,9.69,offline,link_failure
2025-01-01T02:28:05+00:00,ac-6,access_switch,22.27,1.46,19.74,289.07,3.7,30.93,24.06,0.31,53.58,healthy,normal
2025-01-01T02:28:10+00:00,ro-8,router,258.17,92.11,13.62,16.06,44.93,49.99,68.33,22.11,8.85,warning,link_failure
2025-01-01T02:28:15+00:00,ro-5,router,10.36,0.37,56.96,112.77,2.42,55.18,29.16,0.25,15.96,healthy,normal
2025-01-01T02:28:20+00:00,da-3,database,233.46,94.52,0.53,5.02,52.96,54.6,61.06,53.23,0.72,offline,link_failure
2025-01-01T02:28:25+00:00,da-7,database,184.25,7.34,99.53,136.69,29.16,64.76,42.45,3.35,88.2,warning,congestion
2025-01-01T02:28:30+00:00,ro-7,router,92.49,4.06,69.01,172.04,18.56,90.8,90.68,2.4,85.1,warning,device_overload
2025-01-01T02:28:35+00:00,se-5,server,123.23,4.25,98.43,157.0,31.81,76.1,59.55,4.03,99.51,warning,congestion
2025-01-01T02:28:40+00:00,ro-3,router,90.95,12.15,85.0,130.91,14.41,76.05,71.6,4.78,99.71,warning,congestion
2025-01-01T02:28:45+00:00,ro-3,router,448.9,92.54,0.96,4.3,75.44,6.73,4.8,79.02,1.93,warning,device_failure
2025-01-01T02:28:50+00:00,ro-7,router,63.72,7.96,76.95,145.75,9.54,86.25,87.61,7.33,74.16,warning,device_overload
2025-01-01T02:28:55+00:00,ac-6,access_switch,32.76,0.44,52.14,320.89,1.09,38.93,63.24,0.7,62.76,healthy,normal
2025-01-01T02:29:00+00:00,ro-8,router,122.56,4.31,96.95,833.21,19.45,89.88,71.91,2.4,97.93,warning,traffic_spike
2025-01-01T02:29:05+00:00,se-7,server,278.55,91.92,7.59,3.01,45.15,2.79,0.19,76.2,0.59,warning,device_failure
2025-01-01T02:29:10+00:00,ro-3,router,139.23,13.76,98.42,40.77,35.58,64.13,43.74,6.57,86.73,warning,congestion
2025-01-01T02:29:15+00:00,se-7,server,17.64,1.24,35.44,138.44,3.56,43.85,52.47,0.39,58.55,healthy,normal
2025-01-01T02:29:20+00:00,da-2,database,61.26,2.51,46.75,70.97,9.64,97.28,87.8,1.2,60.69,warning,device_overload
2025-01-01T02:29:25+00:00,ac-6,access_switch,15.06,0.3,62.31,276.53,3.76,46.33,40.13,0.77,44.87,healthy,normal
2025-01-01T02:29:30+00:00,se-7,server,241.61,98.36,4.63,7.34,97.11,11.21,9.26,49.18,2.19,warning,device_failure
2025-01-01T02:29:35+00:00,co-1,core_switch,96.69,6.23,83.51,93.0,11.57,90.61,92.22,1.87,45.7,warning,device_overload
2025-01-01T02:29:40+00:00,cl-7,client,135.44,8.2,86.59,155.22,33.98,73.2,56.33,3.44,98.14,warning,congestion
2025-01-01T02:29:45+00:00,cl-6,client,106.66,9.92,91.42,80.94,22.59,45.45,76.9,3.45,97.35,warning,congestion
2025-01-01T02:29:50+00:00,ac-1,access_switch,350.86,91.56,8.64,1.23,68.19,11.06,0.22,45.82,6.4,offline,device_failure
2025-01-01T02:29:55+00:00,da-6,database,10.87,0.56,27.36,110.96,3.09,45.57,51.93,0.08,40.85,healthy,normal
2025-01-01T02:30:00+00:00,se-1,server,21.1,0.66,20.91,138.37,2.13,18.38,34.79,0.29,38.0,healthy,normal
2025-01-01T02:30:05+00:00,cl-7,client,41.0,1.1,35.17,131.36,5.02,46.25,67.45,0.42,17.83,healthy,normal
2025-01-01T02:30:10+00:00,ro-2,router,407.54,98.11,14.02,12.76,56.08,53.46,39.12,52.33,10.45,offline,link_failure
2025-01-01T02:30:15+00:00,se-2,server,27.72,0.29,33.15,243.6,2.17,45.17,44.24,0.49,15.36,healthy,normal
2025-01-01T02:30:20+00:00,ro-3,router,171.62,7.96,72.76,169.42,19.82,87.24,88.25,6.99,79.65,warning,device_overload
2025-01-01T02:30:25+00:00,co-3,core_switch,10.82,0.54,40.98,157.74,5.22,21.46,55.08,0.63,26.06,healthy,normal
2025-01-01T02:30:30+00:00,co-7,core_switch,93.25,1.28,79.74,179.41,12.15,96.68,97.05,7.54,83.52,warning,device_overload
2025-01-01T02:30:35+00:00,da-3,database,18.27,0.66,61.17,246.83,4.49,25.07,47.54,0.3,22.32,healthy,normal
2025-01-01T02:30:40+00:00,cl-3,client,10.69,0.14,50.37,110.03,3.0,23.5,57.49,0.16,29.5,healthy,normal
2025-01-01T02:30:45+00:00,ac-8,access_switch,31.11,0.91,42.69,305.68,0.85,45.27,38.58,0.29,19.37,healthy,normal
2025-01-01T02:30:50+00:00,cl-7,client,245.55,99.11,3.24,4.55,78.51,0.83,7.72,47.16,0.24,warning,device_failure
2025-01-01T02:30:55+00:00,se-4,server,244.03,76.33,17.02,10.38,67.53,55.06,67.94,42.17,8.41,offline,link_failure
2025-01-01T02:31:00+00:00,ro-7,router,38.37,0.76,63.12,320.09,2.89,28.44,45.04,0.83,38.03,healthy,normal
2025-01-01T02:31:05+00:00,ac-1,access_switch,17.62,1.2,33.75,178.9,4.04,50.83,29.95,0.26,52.85,healthy,normal
2025-01-01T02:31:10+00:00,se-5,server,33.29,0.2,41.31,114.07,4.17,34.54,58.39,0.33,23.68,healthy,normal
2025-01-01T02:31:15+00:00,co-6,core_switch,28.21,0.0,61.52,292.69,0.87,16.8,55.09,0.17,41.43,healthy,normal
2025-01-01T02:31:20+00:00,cl-7,client,134.47,8.36,99.35,787.17,13.65,81.43,61.97,2.69,95.86,warning,traffic_spike
2025-01-01T02:31:25+00:00,co-8,core_switch,33.95,1.26,51.28,295.26,3.91,18.48,50.34,0.64,37.22,healthy,normal
2025-01-01T02:31:30+00:00,da-6,database,203.01,4.17,87.8,131.29,29.21,50.29,57.01,6.23,90.15,warning,congestion
2025-01-01T02:31:35+00:00,cl-4,client,41.21,0.39,35.91,138.77,1.62,39.66,54.97,0.79,56.89,healthy,normal
2025-01-01T02:31:40+00:00,ro-6,router,29.71,0.84,33.95,165.33,0.82,18.3,54.14,0.39,51.35,healthy,normal
2025-01-01T02:31:45+00:00,co-3,core_switch,136.87,8.53,99.67,774.57,14.08,82.93,56.56,4.5,96.37,warning,traffic_spike
2025-01-01T02:31:50+00:00,cl-8,client,33.89,1.04,21.02,222.95,3.41,21.36,66.47,0.18,42.34,healthy,normal
2025-01-01T02:31:55+00:00,se-1,server,132.83,10.56,97.41,48.76,25.58,59.22,44.77,5.39,95.77,warning,congestion
2025-01-01T02:32:00+00:00,cl-6,client,22.83,0.7,64.04,241.88,5.86,58.58,41.22,0.68,31.88,healthy,normal
2025-01-01T02:32:05+00:00,se-5,server,28.16,1.2,27.06,259.22,2.06,15.17,51.32,0.83,23.02,healthy,normal
2025-01-01T02:32:10+00:00,ro-1,router,36.86,0.09,59.36,201.78,2.8,20.96,28.35,0.29,61.85,healthy,normal
2025-01-01T02:32:15+00:00,cl-5,client,279.16,90.63,11.5,9.57,49.67,54.14,66.76,35.84,17.84,offline,link_failure
2025-01-01T02:32:20+00:00,se-7,server,18.79,0.01,36.16,208.21,3.51,51.42,59.57,0.77,30.14,healthy,normal
2025-01-01T02:32:25+00:00,ro-7,router,22.24,0.38,23.01,148.53,2.13,28.61,27.02,0.46,46.8,healthy,normal
2025-01-01T02:32:30+00:00,ro-3,router,127.15,8.67,90.42,629.2,18.69,80.77,69.48,1.55,93.18,warning,traffic_spike
2025-01-01T02:32:35+00:00,ro-2,router,24.48,1.44,37.19,120.03,4.04,51.45,35.78,0.82,41.66,healthy,normal
2025-01-01T02:32:40+00:00,co-1,core_switch,35.51,0.5,20.28,244.52,3.58,16.37,50.78,0.79,53.83,healthy,normal
2025-01-01T02:32:45+00:00,cl-1,client,28.68,0.65,21.11,243.63,3.9,54.06,64.45,0.81,60.64,healthy,normal
2025-01-01T02:32:50+00:00,ac-6,access_switch,41.68,0.83,23.15,189.77,3.97,38.7,37.15,0.82,39.13,healthy,normal
2025-01-01T02:32:55+00:00,se-8,server,19.57,0.76,64.23,236.07,3.39,43.76,33.8,0.23,15.98,healthy,normal
2025-01-01T02:33:00+00:00,cl-1,client,14.49,1.47,18.05,267.79,2.11,21.62,62.36,0.77,56.67,healthy,normal
2025-01-01T02:33:05+00:00,ac-3,access_switch,84.89,4.24,98.1,438.61,11.82,77.37,51.55,0.93,97.44,warning,traffic_spike
2025-01-01T02:33:10+00:00,se-5,server,121.25,4.22,69.39,184.02,8.82,90.32,92.22,3.98,56.49,warning,device_overload
2025-01-01T02:33:15+00:00,da-3,database,73.13,6.01,97.06,493.28,20.13,91.6,69.76,2.28,95.14,warning,traffic_spike
2025-01-01T02:33:20+00:00,ro-7,router,69.33,7.17,90.64,905.83,16.59,90.1,63.7,2.97,97.16,warning,traffic_spike
2025-01-01T02:33:25+00:00,co-8,core_switch,267.76,86.46,2.17,23.57,41.55,20.11,43.93,57.95,3.85,offline,link_failure
2025-01-01T02:33:30+00:00,cl-2,client,88.44,9.85,94.36,867.83,23.29,82.06,69.02,1.83,91.47,warning,traffic_spike
2025-01-01T02:33:35+00:00,ac-6,access_switch,28.02,0.62,43.79,293.91,5.65,56.75,34.36,0.41,22.51,healthy,normal
2025-01-01T02:33:40+00:00,ro-8,router,131.84,7.62,46.08,75.45,9.74,92.6,97.24,1.4,75.46,warning,device_overload
2025-01-01T02:33:45+00:00,se-5,server,441.88,92.01,13.81,10.75,70.27,44.85,63.07,64.3,10.46,warning,link_failure
2025-01-01T02:33:50+00:00,ro-8,router,108.38,3.2,53.1,125.85,22.82,98.3,92.71,5.37,46.71,warning,device_overload
2025-01-01T02:33:55+00:00,co-8,core_switch,26.45,0.53,21.05,218.7,1.1,41.15,40.26,0.89,54.63,healthy,normal
2025-01-01T02:34:00+00:00,co-7,core_switch,155.08,2.47,55.54,124.08,13.58,93.35,97.78,7.72,74.47,warning,device_overload
2025-01-01T02:34:05+00:00,co-4,core_switch,29.0,1.02,26.48,315.84,4.89,42.12,51.81,0.3,19.59,healthy,normal
2025-01-01T02:34:10+00:00,da-7,database,458.78,97.41,0.98,6.14,89.85,0.32,11.59,35.39,3.21,warning,device_failure
2025-01-01T02:34:15+00:00,da-2,database,194.12,88.41,4.83,18.7,65.37,26.48,51.0,60.21,4.03,warning,link_failure
2025-01-01T02:34:20+00:00,da-7,database,114.52,6.86,93.45,452.65,22.28,69.33,68.65,2.57,96.14,warning,traffic_spike
2025-01-01T02:34:25+00:00,cl-4,client,321.35,96.29,0.13,3.89,57.99,1.22,2.39,79.3,7.19,offline,device_failure
2025-01-01T02:34:30+00:00,ac-6,access_switch,20.89,0.06,57.68,180.02,4.32,16.47,29.59,0.08,39.88,healthy,normal
2025-01-01T02:34:35+00:00,cl-4,client,159.9,12.53,87.76,45.81,21.56,63.84,49.53,6.83,90.36,warning,congestion
2025-01-01T02:34:40+00:00,se-1,server,30.84,1.05,53.37,315.97,5.88,50.7,61.44,0.18,42.86,healthy,normal
2025-01-01T02:34:45+00:00,ac-7,access_switch,36.21,1.16,46.28,273.6,3.83,34.71,62.4,0.56,42.96,healthy,normal
2025-01-01T02:34:50+00:00,co-5,core_switch,447.16,95.53,3.57,4.1,59.49,11.72,8.04,51.14,7.32,warning,device_failure
2025-01-01T02:34:55+00:00,se-7,server,140.84,8.52,88.8,536.79,10.69,77.58,58.31,2.74,96.62,warning,traffic_spike
2025-01-01T02:35:00+00:00,ac-8,access_switch,328.83,96.48,1.6,7.28,81.81,7.95,3.27,63.0,7.69,offline,device_failure
2025-01-01T02:35:05+00:00,co-3,core_switch,349.48,74.48,12.3,22.12,69.71,48.91,71.81,30.2,3.15,offline,link_failure
2025-01-01T02:35:10+00:00,cl-6,client,12.21,0.52,52.73,228.26,3.83,50.87,25.05,0.42,25.78,healthy,normal
2025-01-01T02:35:15+00:00,se-8,server,32.69,0.58,52.18,185.98,4.09,31.05,36.47,0.07,47.61,healthy,normal
2025-01-01T02:35:20+00:00,da-2,database,23.59,0.66,33.82,318.63,5.47,18.46,53.23,0.36,43.69,healthy,normal
2025-01-01T02:35:25+00:00,ac-2,access_switch,86.21,6.34,78.51,145.13,13.19,98.45,95.28,2.79,69.19,warning,device_overload
2025-01-01T02:35:30+00:00,se-5,server,62.97,7.97,68.66,152.06,9.01,91.67,94.63,7.98,86.76,warning,device_overload
2025-01-01T02:35:35+00:00,ro-7,router,468.52,89.76,21.32,17.98,64.51,49.06,43.07,56.86,2.1,offline,link_failure
2025-01-01T02:35:40+00:00,se-7,server,95.72,2.98,96.96,915.07,16.28,96.58,50.06,4.99,97.47,warning,traffic_spike
2025-01-01T02:35:45+00:00,ac-3,access_switch,128.02,9.37,89.61,846.02,10.56,88.4,87.2,1.71,95.88,warning,traffic_spike
2025-01-01T02:35:50+00:00,co-8,core_switch,41.1,0.83,59.88,217.41,4.01,15.73,44.87,0.41,18.75,healthy,normal
2025-01-01T02:35:55+00:00,ac-5,access_switch,36.06,0.18,31.81,245.69,1.9,49.96,39.42,0.41,59.28,healthy,normal
2025-01-01T02:36:00+00:00,se-5,server,67.61,8.47,97.76,483.92,15.67,82.69,54.87,1.48,95.68,warning,traffic_spike
2025-01-01T02:36:05+00:00,ac-7,access_switch,448.09,89.74,7.83,18.19,68.36,41.87,45.62,58.29,4.73,offline,link_failure
2025-01-01T02:36:10+00:00,da-1,database,10.84,1.39,63.53,312.23,3.65,15.11,31.87,0.72,32.85,healthy,normal
2025-01-01T02:36:15+00:00,co-5,core_switch,413.85,97.91,5.63,13.18,58.87,28.13,67.8,30.29,0.01,offline,link_failure
2025-01-01T02:36:20+00:00,co-4,core_switch,12.12,1.39,30.97,270.87,4.42,31.82,45.22,0.52,25.29,healthy,normal
2025-01-01T02:36:25+00:00,ro-5,router,32.29,0.88,42.72,212.64,5.08,24.61,29.9,0.62,30.05,healthy,normal
2025-01-01T02:36:30+00:00,ac-4,access_switch,148.92,11.81,90.22,106.8,13.35,64.55,55.46,1.31,87.4,warning,congestion
2025-01-01T02:36:35+00:00,se-4,server,69.86,2.44,48.37,67.43,8.04,89.2,91.7,3.89,72.15,warning,device_overload
2025-01-01T02:36:40+00:00,ro-8,router,126.86,2.62,93.47,452.22,21.43,86.93,62.16,1.86,93.31,warning,traffic_spike
2025-01-01T02:36:45+00:00,ro-7,router,30.55,0.98,18.11,300.02,5.07,44.54,34.75,0.73,18.75,healthy,normal
2025-01-01T02:36:50+00:00,co-4,core_switch,56.1,2.27,90.22,456.57,27.18,80.95,62.74,3.41,99.42,warning,traffic_spike
2025-01-01T02:36:55+00:00,ro-6,router,137.4,3.1,91.46,476.83,13.79,72.6,65.34,2.66,91.03,warning,traffic_spike
2025-01-01T02:37:00+00:00,ac-3,access_switch,10.61,1.47,36.88,306.42,1.87,48.31,30.19,0.12,22.1,healthy,normal
2025-01-01T02:37:05+00:00,ac-4,access_switch,37.81,0.88,26.66,148.74,2.74,21.29,25.21,0.86,53.44,healthy,normal
2025-01-01T02:37:10+00:00,ro-4,router,256.81,80.59,4.92,2.42,43.67,27.84,33.53,37.05,17.51,warning,link_failure
2025-01-01T02:37:15+00:00,co-5,core_switch,280.66,96.08,14.94,8.0,42.99,28.36,43.79,54.76,5.36,warning,link_failure
2025-01-01T02:37:20+00:00,ro-3,router,18.44,0.77,38.18,168.88,4.68,47.84,49.67,0.32,37.74,healthy,normal
2025-01-01T02:37:25+00:00,cl-8,client,30.0,1.3,29.4,255.61,3.66,43.13,31.8,0.42,27.07,healthy,normal
2025-01-01T02:37:30+00:00,ro-6,router,32.03,1.5,64.15,198.94,5.03,40.32,26.92,0.44,61.66,healthy,normal
2025-01-01T02:37:35+00:00,ac-4,access_switch,133.51,6.09,95.44,634.11,14.0,76.0,79.74,2.16,92.49,warning,traffic_spike
2025-01-01T02:37:40+00:00,cl-5,client,467.1,97.33,9.49,7.39,66.66,8.64,9.34,53.59,4.49,offline,device_failure
2025-01-01T02:37:45+00:00,cl-7,client,74.64,5.44,75.63,129.44,12.43,89.5,88.63,7.14,75.4,warning,device_overload
2025-01-01T02:37:50+00:00,se-3,server,81.8,4.71,88.98,744.07,25.27,88.94,65.9,1.38,96.25,warning,traffic_spike
2025-01-01T02:37:55+00:00,ac-5,access_switch,74.13,7.27,92.93,590.98,22.98,75.39,71.95,2.36,91.01,warning,traffic_spike
2025-01-01T02:38:00+00:00,co-8,core_switch,357.07,78.62,13.39,21.35,62.78,49.58,44.52,35.95,4.04,warning,link_failure
2025-01-01T02:38:05+00:00,ro-2,router,90.43,8.25,95.87,770.37,9.77,75.35,68.89,1.44,91.31,warning,traffic_spike
2025-01-01T02:38:10+00:00,cl-3,client,34.8,1.16,62.32,170.25,3.99,51.65,66.19,0.81,15.99,healthy,normal
2025-01-01T02:38:15+00:00,se-5,server,106.65,2.94,99.75,909.73,15.96,73.89,79.19,4.02,94.42,warning,traffic_spike
2025-01-01T02:38:20+00:00,cl-5,client,36.83,1.12,64.6,249.22,2.82,46.61,39.16,0.36,62.69,healthy,normal
2025-01-01T02:38:25+00:00,ro-8,router,14.44,1.4,58.45,239.5,5.48,15.51,41.4,0.52,41.29,healthy,normal
2025-01-01T02:38:30+00:00,cl-2,client,80.88,3.9,81.44,152.01,16.07,87.24,90.56,7.93,46.1,warning,device_overload
2025-01-01T02:38:35+00:00,da-4,database,85.12,2.54,49.44,69.16,13.23,88.38,96.56,5.0,49.88,warning,device_overload
2025-01-01T02:38:40+00:00,co-5,core_switch,399.41,72.95,16.6,4.67,43.9,63.74,35.13,61.29,7.55,offline,link_failure
2025-01-01T02:38:45+00:00,co-5,core_switch,27.07,0.15,20.14,233.94,4.95,26.94,56.05,0.86,59.98,healthy,normal
2025-01-01T02:38:50+00:00,co-1,core_switch,12.37,0.38,43.59,132.82,0.85,27.73,52.8,0.53,49.2,healthy,normal
2025-01-01T02:38:55+00:00,ro-3,router,448.09,73.08,11.65,19.94,55.03,38.76,30.6,61.22,17.99,offline,link_failure
2025-01-01T02:39:00+00:00,ro-1,router,253.93,76.04,21.01,18.47,45.47,60.29,68.92,33.61,4.7,offline,link_failure
2025-01-01T02:39:05+00:00,ro-4,router,20.22,0.11,20.89,215.17,5.92,19.33,60.84,0.84,20.18,healthy,normal
2025-01-01T02:39:10+00:00,se-1,server,62.19,8.3,89.19,773.93,9.73,82.87,57.72,1.11,97.05,warning,traffic_spike
2025-01-01T02:39:15+00:00,ac-1,access_switch,229.47,7.64,90.89,152.77,16.2,79.52,62.0,4.93,90.05,warning,congestion
2025-01-01T02:39:20+00:00,da-8,database,37.23,0.45,24.43,216.61,4.43,49.77,50.73,0.87,39.77,healthy,normal
2025-01-01T02:39:25+00:00,se-7,server,127.71,9.14,93.29,71.05,32.5,47.95,75.05,4.0,94.61,warning,congestion
2025-01-01T02:39:30+00:00,se-2,server,35.04,1.5,25.96,251.11,1.42,27.78,26.11,0.64,19.28,healthy,normal
2025-01-01T02:39:35+00:00,ac-1,access_switch,23.15,1.0,63.39,150.82,1.15,39.65,59.82,0.3,66.91,healthy,normal
2025-01-01T02:39:40+00:00,cl-8,client,33.67,1.34,18.09,249.26,2.27,47.43,26.86,0.64,45.35,healthy,normal
2025-01-01T02:39:45+00:00,da-5,database,160.49,14.98,89.1,90.76,19.34,66.1,76.19,2.33,86.82,warning,congestion
2025-01-01T02:39:50+00:00,da-6,database,23.85,0.52,49.18,198.42,2.7,50.02,37.03,0.13,66.51,healthy,normal
2025-01-01T02:39:55+00:00,cl-2,client,24.58,0.58,24.26,253.75,2.91,16.17,40.84,0.01,16.17,healthy,normal
2025-01-01T02:40:00+00:00,ac-5,access_switch,13.56,0.33,64.38,193.18,4.17,58.25,61.89,0.23,55.95,healthy,normal
2025-01-01T02:40:05+00:00,ro-1,router,85.5,11.66,96.82,93.19,27.59,69.88,77.58,5.83,87.4,warning,congestion
2025-01-01T02:40:10+00:00,co-1,core_switch,25.09,0.25,41.57,134.49,2.63,50.67,31.1,0.21,43.72,healthy,normal
2025-01-01T02:40:15+00:00,da-3,database,19.09,0.8,40.14,300.59,3.54,31.11,50.66,0.54,16.66,healthy,normal
2025-01-01T02:40:20+00:00,ro-5,router,24.48,1.2,28.72,305.78,1.33,20.2,34.84,0.6,57.95,healthy,normal
2025-01-01T02:40:25+00:00,ac-4,access_switch,83.68,8.24,93.32,501.35,23.32,83.92,54.99,4.22,97.92,warning,traffic_spike
2025-01-01T02:40:30+00:00,ro-6,router,40.61,0.83,19.92,277.02,3.53,16.31,64.77,0.02,18.78,healthy,normal
2025-01-01T02:40:35+00:00,ro-5,router,136.9,7.7,91.95,577.63,20.27,94.15,54.8,3.93,97.61,warning,traffic_spike
2025-01-01T02:40:40+00:00,cl-5,client,19.21,0.83,55.59,173.32,5.4,20.8,25.6,0.08,41.52,healthy,normal
2025-01-01T02:40:45+00:00,da-4,database,88.27,6.66,88.85,167.57,26.54,71.28,42.9,6.97,92.51,warning,congestion
2025-01-01T02:40:50+00:00,ro-3,router,99.12,13.89,93.55,157.64,23.56,79.45,74.54,5.93,91.63,warning,congestion
2025-01-01T02:40:55+00:00,ac-6,access_switch,165.12,15.49,98.55,141.95,27.4,56.32,69.65,4.27,89.9,warning,congestion
2025-01-01T02:41:00+00:00,cl-1,client,205.95,11.23,90.31,122.89,29.93,58.29,47.52,4.65,93.61,warning,congestion
2025-01-01T02:41:05+00:00,ro-1,router,22.43,0.63,29.31,209.52,2.22,34.98,25.9,0.36,22.48,healthy,normal
2025-01-01T02:41:10+00:00,co-7,core_switch,31.24,0.1,45.62,231.4,1.53,24.9,24.9,0.25,39.9,healthy,normal
2025-01-01T02:41:15+00:00,da-3,database,30.48,1.27,31.9,176.28,4.82,37.45,64.01,0.29,60.57,healthy,normal
2025-01-01T02:41:20+00:00,ac-3,access_switch,17.69,0.21,29.78,156.77,3.46,49.51,36.05,0.41,21.55,healthy,normal
2025-01-01T02:41:25+00:00,ac-6,access_switch,17.89,1.31,46.22,182.08,2.56,35.63,61.22,0.53,16.5,healthy,normal
2025-01-01T02:41:30+00:00,se-7,server,10.48,0.42,35.34,123.52,5.98,24.58,52.91,0.56,32.57,healthy,normal
2025-01-01T02:41:35+00:00,ac-3,access_switch,219.98,14.18,88.48,109.92,33.07,64.44,50.15,2.68,98.76,warning,congestion
2025-01-01T02:41:40+00:00,se-7,server,15.88,1.32,47.01,129.94,1.62,36.84,65.86,0.54,58.12,healthy,normal
2025-01-01T02:41:45+00:00,ro-7,router,24.85,1.39,26.31,136.23,4.36,41.57,63.59,0.34,25.92,healthy,normal
2025-01-01T02:41:50+00:00,ro-3,router,451.24,97.02,9.71,0.97,57.68,1.88,0.63,64.24,7.5,offline,device_failure
2025-01-01T02:41:55+00:00,co-3,core_switch,11.44,0.14,45.5,133.37,2.04,25.96,40.44,0.2,46.42,healthy,normal
2025-01-01T02:42:00+00:00,ro-1,router,11.86,0.03,51.31,252.57,3.04,31.96,32.11,0.31,52.21,healthy,normal
2025-01-01T02:42:05+00:00,cl-8,client,67.36,6.18,59.16,135.96,7.04,92.29,99.96,6.68,51.13,warning,device_overload
2025-01-01T02:42:10+00:00,ac-4,access_switch,14.37,0.35,63.23,253.2,3.24,56.22,47.52,0.07,32.24,healthy,normal
2025-01-01T02:42:15+00:00,cl-5,client,36.81,0.67,54.77,136.02,2.34,49.06,32.62,0.55,62.45,healthy,normal
2025-01-01T02:42:20+00:00,cl-8,client,142.66,5.42,93.05,639.73,9.17,73.3,67.9,4.53,94.18,warning,traffic_spike
2025-01-01T02:42:25+00:00,da-3,database,27.72,1.23,48.46,214.89,1.09,44.8,59.07,0.56,23.11,healthy,normal
2025-01-01T02:42:30+00:00,cl-2,client,22.51,0.94,49.95,207.2,2.81,52.17,51.83,0.18,27.8,healthy,normal
2025-01-01T02:42:35+00:00,cl-8,client,13.94,0.53,25.3,301.18,2.77,43.61,55.7,0.58,34.12,healthy,normal
2025-01-01T02:42:40+00:00,se-2,server,12.66,1.27,46.49,152.36,1.01,57.25,34.77,0.75,55.19,healthy,normal
2025-01-01T02:42:45+00:00,da-3,database,37.96,1.05,21.44,141.5,3.07,41.97,51.56,0.77,34.76,healthy,normal
2025-01-01T02:42:50+00:00,se-5,server,13.31,0.99,27.48,260.26,2.95,40.66,62.82,0.31,25.94,healthy,normal
2025-01-01T02:42:55+00:00,ro-2,router,99.26,7.3,97.8,145.89,32.9,51.06,57.41,2.76,92.04,warning,congestion
2025-01-01T02:43:00+00:00,co-6,core_switch,247.18,89.73,1.83,2.24,96.87,2.65,11.31,48.69,7.6,offline,device_failure
2025-01-01T02:43:05+00:00,se-6,server,39.77,0.58,40.06,200.36,3.55,38.01,49.9,0.14,29.49,healthy,normal
2025-01-01T02:43:10+00:00,ac-2,access_switch,235.85,92.88,1.38,0.05,67.73,1.56,7.94,52.98,4.27,offline,device_failure
2025-01-01T02:43:15+00:00,ro-3,router,36.19,0.08,37.82,137.8,3.13,33.81,45.66,0.54,27.03,healthy,normal
2025-01-01T02:43:20+00:00,ro-8,router,28.7,0.32,50.19,169.24,1.52,20.89,28.85,0.39,55.69,healthy,normal
2025-01-01T02:43:25+00:00,ro-3,router,14.72,0.29,59.97,211.52,5.92,46.03,61.6,0.6,51.35,healthy,normal
2025-01-01T02:43:30+00:00,ac-8,access_switch,33.14,0.7,59.23,192.19,5.29,28.11,52.84,0.41,25.59,healthy,normal
2025-01-01T02:43:35+00:00,da-3,database,70.76,4.17,72.23,182.82,22.76,88.02,87.89,4.11,76.44,warning,device_overload
2025-01-01T02:43:40+00:00,ro-5,router,20.13,1.08,36.55,198.04,4.6,15.53,32.67,0.57,49.89,healthy,normal
2025-01-01T02:43:45+00:00,da-1,database,260.46,99.86,8.83,6.6,46.49,11.39,0.69,83.85,5.41,offline,device_failure
2025-01-01T02:43:50+00:00,ac-3,access_switch,22.41,0.38,63.34,229.49,1.86,48.87,42.61,0.41,44.97,healthy,normal
2025-01-01T02:43:55+00:00,da-3,database,40.03,1.04,46.45,219.73,4.65,18.86,33.1,0.01,32.45,healthy,normal
2025-01-01T02:44:00+00:00,da-5,database,162.43,7.14,68.98,58.24,22.77,98.84,88.48,6.01,47.24,warning,device_overload
2025-01-01T02:44:05+00:00,co-6,core_switch,436.17,89.12,5.64,1.72,47.75,7.84,12.46,35.05,0.87,warning,device_failure
2025-01-01T02:44:10+00:00,se-2,server,25.21,1.18,42.94,262.0,4.48,17.7,62.62,0.2,42.24,healthy,normal
2025-01-01T02:44:15+00:00,cl-1,client,126.45,11.66,84.04,47.99,18.29,57.9,55.86,4.05,87.06,warning,congestion
2025-01-01T02:44:20+00:00,ac-4,access_switch,26.72,0.98,30.9,252.06,3.28,35.61,39.5,0.04,17.19,healthy,normal
2025-01-01T02:44:25+00:00,ro-7,router,119.38,3.22,56.27,69.85,20.45,92.31,88.2,1.64,84.87,warning,device_overload
2025-01-01T02:44:30+00:00,se-2,server,22.95,0.91,50.61,252.08,1.86,46.58,43.18,0.1,41.83,healthy,normal
2025-01-01T02:44:35+00:00,da-7,database,13.61,0.85,40.09,292.95,3.08,41.06,55.36,0.18,25.36,healthy,normal
2025-01-01T02:44:40+00:00,se-1,server,33.02,1.3,33.64,325.39,1.88,23.53,39.69,0.49,45.58,healthy,normal
2025-01-01T02:44:45+00:00,se-3,server,27.45,0.37,62.74,327.23,3.81,41.7,57.49,0.15,23.28,healthy,normal
2025-01-01T02:44:50+00:00,co-2,core_switch,24.98,1.17,40.65,233.1,1.15,29.86,59.83,0.84,37.24,healthy,normal
2025-01-01T02:44:55+00:00,co-1,core_switch,36.07,1.16,18.3,283.51,2.57,22.09,60.33,0.16,54.21,healthy,normal
2025-01-01T02:45:00+00:00,da-4,database,18.16,0.1,35.44,272.5,1.12,29.4,62.49,0.33,30.59,healthy,normal
2025-01-01T02:45:05+00:00,co-1,core_switch,35.72,0.7,26.95,311.36,3.58,40.39,44.76,0.8,58.8,healthy,normal
2025-01-01T02:45:10+00:00,co-3,core_switch,169.27,6.55,63.77,179.18,22.2,87.62,98.06,4.51,51.03,warning,device_overload
2025-01-01T02:45:15+00:00,cl-8,client,30.88,1.38,27.33,281.65,1.12,34.92,27.65,0.07,58.02,healthy,normal
2025-01-01T02:45:20+00:00,ac-5,access_switch,382.54,85.69,19.55,23.14,50.93,49.64,64.89,51.13,8.05,warning,link_failure
2025-01-01T02:45:25+00:00,da-7,database,39.91,1.02,45.38,214.44,2.76,46.94,43.12,0.69,35.94,healthy,normal
2025-01-01T02:45:30+00:00,ac-1,access_switch,29.43,1.09,35.75,298.03,1.81,50.05,24.71,0.55,34.07,healthy,normal
2025-01-01T02:45:35+00:00,ac-3,access_switch,41.57,0.57,51.49,153.18,3.19,24.01,54.56,0.11,19.59,healthy,normal
2025-01-01T02:45:40+00:00,ac-4,access_switch,41.49,1.06,39.56,189.61,2.28,45.23,42.54,0.69,32.4,healthy,normal
2025-01-01T02:45:45+00:00,da-6,database,191.14,91.66,0.96,9.53,79.73,26.81,25.42,42.68,2.42,warning,link_failure
2025-01-01T02:45:50+00:00,da-4,database,31.42,1.27,60.76,241.53,5.29,56.33,32.95,0.29,41.4,healthy,normal
2025-01-01T02:45:55+00:00,ac-2,access_switch,360.04,75.02,12.55,11.33,35.48,31.35,36.4,60.33,9.1,offline,link_failure
2025-01-01T02:46:00+00:00,cl-7,client,37.3,1.02,29.28,144.27,5.36,19.12,67.78,0.45,22.21,healthy,normal
2025-01-01T02:46:05+00:00,se-6,server,76.82,4.63,57.42,127.73,11.22,98.45,98.43,7.92,66.42,warning,device_overload
2025-01-01T02:46:10+00:00,ro-1,router,35.95,1.03,52.53,254.72,0.91,32.6,26.18,0.27,53.81,healthy,normal
2025-01-01T02:46:15+00:00,ac-1,access_switch,347.84,81.46,4.59,3.44,82.64,38.03,55.63,52.83,15.82,warning,link_failure
2025-01-01T02:46:20+00:00,co-4,core_switch,96.83,3.95,71.22,84.3,16.57,96.68,98.35,6.68,48.84,warning,device_overload
2025-01-01T02:46:25+00:00,cl-1,client,28.86,0.79,45.97,161.66,3.68,38.45,55.99,0.73,31.11,healthy,normal
2025-01-01T02:46:30+00:00,ro-4,router,320.7,99.42,0.64,4.35,96.88,9.07,8.75,37.78,5.92,warning,device_failure
2025-01-01T02:46:35+00:00,ac-4,access_switch,30.27,0.63,22.16,279.47,2.85,39.02,52.28,0.46,57.16,healthy,normal
2025-01-01T02:46:40+00:00,co-7,core_switch,26.64,0.52,64.25,277.43,2.38,35.65,54.69,0.23,38.82,healthy,normal
2025-01-01T02:46:45+00:00,ac-4,access_switch,12.36,1.24,64.9,117.99,2.61,39.68,33.33,0.7,27.71,healthy,normal
2025-01-01T02:46:50+00:00,se-4,server,393.26,95.42,2.9,1.12,75.67,11.85,10.46,42.7,3.38,offline,device_failure
2025-01-01T02:46:55+00:00,se-6,server,30.72,1.14,22.88,288.7,3.02,46.05,28.32,0.45,35.7,healthy,normal
2025-01-01T02:47:00+00:00,cl-4,client,91.83,3.89,94.54,873.97,21.34,68.74,77.69,2.28,97.76,warning,traffic_spike
2025-01-01T02:47:05+00:00,se-7,server,79.77,2.11,62.0,113.72,15.24,95.68,84.18,5.89,53.37,warning,device_overload
2025-01-01T02:47:10+00:00,ro-7,router,173.79,3.27,52.49,178.76,16.64,98.49,92.6,5.26,64.94,warning,device_overload
2025-01-01T02:47:15+00:00,co-6,core_switch,167.01,5.27,88.5,120.92,24.49,50.63,53.62,4.62,92.94,warning,congestion
2025-01-01T02:47:20+00:00,da-4,database,39.19,0.55,52.88,115.42,0.95,18.26,55.27,0.84,21.49,healthy,normal
2025-01-01T02:47:25+00:00,se-6,server,25.45,0.87,44.87,319.75,1.52,58.08,61.97,0.78,33.25,healthy,normal
2025-01-01T02:47:30+00:00,da-8,database,12.57,0.17,63.92,225.63,1.0,54.29,39.89,0.04,52.36,healthy,normal
2025-01-01T02:47:35+00:00,ac-3,access_switch,26.73,0.67,57.26,218.08,4.13,59.66,51.56,0.58,55.24,healthy,normal
2025-01-01T02:47:40+00:00,ro-2,router,99.74,14.53,88.78,41.72,28.74,59.48,64.52,3.96,88.39,warning,congestion
2025-01-01T02:47:45+00:00,ro-6,router,224.77,77.07,5.0,4.54,66.28,56.94,54.8,20.71,3.03,offline,link_failure
2025-01-01T02:47:50+00:00,se-4,server,10.63,0.2,30.3,148.01,2.8,46.98,30.11,0.63,44.86,healthy,normal
2025-01-01T02:47:55+00:00,se-5,server,41.81,1.05,33.35,304.51,4.39,51.3,57.56,0.27,64.19,healthy,normal
2025-01-01T02:48:00+00:00,ac-7,access_switch,116.05,9.27,91.07,782.98,18.86,82.79,57.91,3.41,92.53,warning,traffic_spike
2025-01-01T02:48:05+00:00,ac-6,access_switch,33.19,0.42,48.8,307.19,5.87,44.82,42.43,0.83,41.73,healthy,normal
2025-01-01T02:48:10+00:00,ac-4,access_switch,150.45,4.93,79.25,144.28,21.83,95.17,99.12,5.41,81.75,warning,device_overload
2025-01-01T02:48:15+00:00,co-7,core_switch,454.07,94.21,2.4,0.23,81.46,5.53,5.11,60.9,7.39,offline,device_failure
2025-01-01T02:48:20+00:00,ac-4,access_switch,69.32,9.07,92.9,824.05,19.22,87.71,74.66,1.85,98.71,warning,traffic_spike
2025-01-01T02:48:25+00:00,da-1,database,286.81,93.37,17.39,7.66,33.57,64.75,26.5,27.87,4.84,offline,link_failure
2025-01-01T02:48:30+00:00,cl-1,client,11.64,0.3,26.09,326.88,3.94,23.83,26.01,0.42,26.82,healthy,normal
2025-01-01T02:48:35+00:00,co-6,core_switch,260.89,94.08,7.6,15.09,71.14,30.88,68.49,22.85,2.48,offline,link_failure
2025-01-01T02:48:40+00:00,ac-2,access_switch,136.38,12.12,94.72,122.68,19.8,57.71,65.69,6.76,87.32,warning,congestion
2025-01-01T02:48:45+00:00,co-2,core_switch,14.46,0.7,30.45,260.43,4.3,25.46,33.85,0.44,59.64,healthy,normal
2025-01-01T02:48:50+00:00,co-2,core_switch,213.5,78.69,7.76,0.7,89.63,27.51,41.82,59.82,14.71,warning,link_failure
2025-01-01T02:48:55+00:00,se-7,server,39.0,1.21,34.17,262.22,3.52,37.32,47.26,0.5,50.2,healthy,normal
2025-01-01T02:49:00+00:00,ac-2,access_switch,18.31,1.13,63.91,285.6,5.08,43.16,49.72,0.29,19.08,healthy,normal
2025-01-01T02:49:05+00:00,ac-6,access_switch,155.31,3.19,72.37,147.97,18.18,98.93,90.69,4.32,68.38,warning,device_overload
2025-01-01T02:49:10+00:00,se-4,server,17.92,0.38,22.49,295.56,5.2,45.05,60.54,0.34,37.01,healthy,normal
2025-01-01T02:49:15+00:00,cl-7,client,257.2,74.84,16.57,0.69,45.45,25.33,70.86,49.48,7.06,warning,link_failure
2025-01-01T02:49:20+00:00,da-1,database,23.56,0.35,46.36,204.93,0.9,52.98,64.61,0.54,64.39,healthy,normal
2025-01-01T02:49:25+00:00,se-1,server,19.94,0.05,33.51,245.42,3.87,21.43,60.12,0.82,51.6,healthy,normal
2025-01-01T02:49:30+00:00,co-2,core_switch,40.32,1.43,28.12,281.96,5.1,38.9,48.47,0.86,31.05,healthy,normal
2025-01-01T02:49:35+00:00,ro-5,router,30.81,0.09,35.36,289.5,2.88,31.48,61.8,0.13,24.14,healthy,normal
2025-01-01T02:49:40+00:00,ro-3,router,321.41,93.48,9.71,11.2,66.38,22.88,58.76,33.18,0.44,warning,link_failure
2025-01-01T02:49:45+00:00,ac-4,access_switch,38.65,0.78,51.24,252.32,2.09,54.73,40.39,0.82,19.4,healthy,normal
2025-01-01T02:49:50+00:00,cl-3,client,31.26,0.88,40.73,259.2,1.36,15.71,30.47,0.53,64.33,healthy,normal
2025-01-01T02:49:55+00:00,da-3,database,90.08,8.26,92.08,461.47,17.04,93.72,69.35,4.29,91.41,warning,traffic_spike
2025-01-01T02:50:00+00:00,cl-1,client,144.08,4.42,77.8,76.01,8.57,93.7,90.35,7.3,78.83,warning,device_overload
2025-01-01T02:50:05+00:00,cl-8,client,23.92,0.73,54.33,188.98,3.74,45.71,45.44,0.4,30.18,healthy,normal
2025-01-01T02:50:10+00:00,cl-2,client,330.75,90.36,2.54,2.54,45.57,11.86,0.08,77.69,3.02,offline,device_failure
2025-01-01T02:50:15+00:00,co-1,core_switch,469.5,96.94,3.1,2.77,48.04,7.13,7.04,59.89,3.17,offline,device_failure
2025-01-01T02:50:20+00:00,ro-5,router,10.27,1.17,55.07,170.09,4.36,35.67,39.31,0.56,42.9,healthy,normal
2025-01-01T02:50:25+00:00,co-2,core_switch,193.4,96.88,18.26,15.96,56.78,23.23,65.95,34.11,4.39,offline,link_failure
2025-01-01T02:50:30+00:00,ro-2,router,27.46,0.24,18.14,161.7,4.22,22.61,59.03,0.16,55.09,healthy,normal
2025-01-01T02:50:35+00:00,cl-7,client,336.89,92.26,14.02,5.33,80.47,30.69,51.57,50.04,1.55,offline,link_failure
2025-01-01T02:50:40+00:00,se-4,server,121.45,6.8,93.59,680.04,22.13,87.44,66.28,1.33,90.43,warning,traffic_spike
2025-01-01T02:50:45+00:00,ro-5,router,32.36,0.15,20.37,214.26,0.85,20.14,34.62,0.5,60.31,healthy,normal
2025-01-01T02:50:50+00:00,cl-6,client,13.33,0.33,18.3,191.69,4.78,54.7,49.7,0.07,28.77,healthy,normal
2025-01-01T02:50:55+00:00,ac-5,access_switch,167.5,3.94,63.9,138.27,12.51,91.45,85.84,2.3,63.39,warning,device_overload
2025-01-01T02:51:00+00:00,se-8,server,33.5,1.22,50.34,258.66,3.4,48.75,61.24,0.22,33.43,healthy,normal
2025-01-01T02:51:05+00:00,cl-7,client,34.48,0.57,54.49,229.66,5.69,31.75,45.75,0.41,25.17,healthy,normal
2025-01-01T02:51:10+00:00,da-5,database,452.25,88.56,7.29,1.74,81.04,8.61,13.38,71.7,7.69,offline,device_failure
2025-01-01T02:51:15+00:00,se-7,server,15.63,0.64,52.19,110.19,5.75,19.97,59.44,0.37,20.03,healthy,normal
2025-01-01T02:51:20+00:00,cl-2,client,21.99,0.44,28.66,242.21,5.95,48.17,33.12,0.83,28.62,healthy,normal
2025-01-01T02:51:25+00:00,ac-7,access_switch,20.02,0.81,44.57,240.49,5.49,56.71,33.52,0.5,55.53,healthy,normal
2025-01-01T02:51:30+00:00,ro-5,router,27.32,0.73,46.36,250.95,2.89,25.22,61.09,0.69,44.99,healthy,normal
2025-01-01T02:51:35+00:00,co-2,core_switch,31.16,0.25,61.95,194.33,3.91,27.61,25.92,0.24,34.61,healthy,normal
2025-01-01T02:51:40+00:00,co-2,core_switch,62.38,5.61,89.54,506.87,17.6,83.56,50.78,2.91,94.46,warning,traffic_spike
2025-01-01T02:51:45+00:00,se-1,server,207.96,9.77,94.51,108.36,30.96,75.95,60.74,2.51,94.07,warning,congestion
2025-01-01T02:51:50+00:00,da-8,database,111.19,2.46,89.93,855.44,10.13,71.73,60.61,4.34,97.91,warning,traffic_spike
2025-01-01T02:51:55+00:00,ac-2,access_switch,104.76,6.28,89.22,890.84,27.36,80.98,68.72,3.34,96.85,warning,traffic_spike
2025-01-01T02:52:00+00:00,cl-6,client,91.57,3.95,99.92,528.06,9.88,85.89,87.28,2.15,93.52,warning,traffic_spike
2025-01-01T02:52:05+00:00,cl-7,client,257.91,95.16,6.09,1.74,95.26,6.09,1.24,81.15,1.69,offline,device_failure
2025-01-01T02:52:10+00:00,cl-1,client,335.83,99.74,1.67,0.38,87.0,7.72,0.18,39.23,7.93,offline,device_failure
2025-01-01T02:52:15+00:00,cl-3,client,13.68,0.33,64.23,152.78,5.59,51.1,34.65,0.42,59.77,healthy,normal
2025-01-01T02:52:20+00:00,da-1,database,34.14,0.07,50.39,293.65,2.06,45.26,50.46,0.67,34.32,healthy,normal
2025-01-01T02:52:25+00:00,da-7,database,451.14,94.97,5.16,14.34,65.16,54.13,30.81,41.68,5.01,warning,link_failure
2025-01-01T02:52:30+00:00,da-3,database,453.23,93.76,19.62,2.54,78.52,23.14,53.21,53.29,5.81,offline,link_failure
2025-01-01T02:52:35+00:00,ro-5,router,129.89,8.94,98.78,873.26,10.13,89.1,56.92,1.35,98.11,warning,traffic_spike
2025-01-01T02:52:40+00:00,da-7,database,17.46,0.9,34.83,131.49,1.88,49.77,35.07,0.21,31.33,healthy,normal
2025-01-01T02:52:45+00:00,ro-4,router,10.28,1.16,40.1,197.99,4.24,30.2,66.15,0.04,45.53,healthy,normal
2025-01-01T02:52:50+00:00,ac-6,access_switch,161.42,5.06,63.59,140.0,21.63,86.45,99.76,5.28,82.25,warning,device_overload
2025-01-01T02:52:55+00:00,se-8,server,133.15,7.24,58.14,182.67,21.81,91.86,92.13,1.47,53.87,warning,device_overload
2025-01-01T02:53:00+00:00,se-4,server,139.09,5.62,93.74,496.68,17.58,74.79,61.16,0.55,99.2,warning,traffic_spike
2025-01-01T02:53:05+00:00,cl-3,client,30.68,1.1,62.42,130.69,4.01,54.58,60.94,0.21,57.09,healthy,normal
2025-01-01T02:53:10+00:00,co-3,core_switch,33.47,0.65,32.5,113.17,5.44,19.49,58.8,0.26,23.75,healthy,normal
2025-01-01T02:53:15+00:00,da-5,database,226.59,99.59,0.68,16.64,44.68,57.66,42.29,51.4,5.54,offline,link_failure
2025-01-01T02:53:20+00:00,cl-2,client,13.78,1.1,38.01,124.33,2.55,59.54,24.35,0.72,29.82,healthy,normal
2025-01-01T02:53:25+00:00,ac-4,access_switch,29.87,0.93,21.05,152.35,1.0,29.0,52.0,0.27,31.89,healthy,normal
2025-01-01T02:53:30+00:00,cl-1,client,26.27,1.24,36.12,126.74,5.49,50.1,25.2,0.18,34.93,healthy,normal
2025-01-01T02:53:35+00:00,co-3,core_switch,64.05,7.7,54.67,106.6,13.11,94.16,98.98,3.96,52.45,warning,device_overload
2025-01-01T02:53:40+00:00,ac-4,access_switch,17.41,0.58,44.73,130.43,1.14,52.02,58.43,0.17,50.19,healthy,normal
2025-01-01T02:53:45+00:00,co-5,core_switch,264.24,95.84,8.59,2.35,65.82,8.08,7.17,45.33,3.28,offline,device_failure
2025-01-01T02:53:50+00:00,ac-4,access_switch,40.47,0.39,40.21,132.56,5.78,38.71,43.19,0.55,53.05,healthy,normal
2025-01-01T02:53:55+00:00,ac-5,access_switch,110.48,6.99,92.55,89.88,28.13,49.94,53.87,1.12,89.77,warning,congestion
2025-01-01T02:54:00+00:00,ro-6,router,15.22,1.14,44.29,308.75,3.52,42.97,40.42,0.24,66.25,healthy,normal
2025-01-01T02:54:05+00:00,cl-1,client,17.96,0.64,60.5,302.2,2.99,29.7,38.2,0.09,59.82,healthy,normal
2025-01-01T02:54:10+00:00,ro-5,router,24.65,1.2,42.58,111.0,4.76,50.92,38.97,0.12,41.45,healthy,normal
2025-01-01T02:54:15+00:00,ac-5,access_switch,33.67,0.92,36.89,193.0,5.81,34.34,49.92,0.55,28.43,healthy,normal
2025-01-01T02:54:20+00:00,cl-2,client,24.64,1.28,48.2,301.88,5.31,34.5,26.27,0.76,47.3,healthy,normal
2025-01-01T02:54:25+00:00,ro-1,router,141.7,3.72,94.28,820.1,27.02,95.97,67.03,2.02,94.8,warning,traffic_spike
2025-01-01T02:54:30+00:00,se-6,server,10.0,0.51,43.51,221.14,5.71,45.88,40.91,0.6,28.56,healthy,normal
2025-01-01T02:54:35+00:00,cl-3,client,73.4,7.55,99.64,610.29,25.75,97.5,71.87,1.97,98.83,warning,traffic_spike
2025-01-01T02:54:40+00:00,ac-6,access_switch,123.35,2.13,92.02,630.39,25.14,85.3,86.04,2.68,93.11,warning,traffic_spike
2025-01-01T02:54:45+00:00,cl-5,client,38.84,1.19,38.43,213.76,4.46,41.45,63.58,0.72,21.47,healthy,normal
2025-01-01T02:54:50+00:00,co-6,core_switch,60.01,8.9,98.31,694.07,25.43,97.97,66.26,1.28,93.76,warning,traffic_spike
2025-01-01T02:54:55+00:00,da-2,database,399.88,97.13,2.49,5.17,76.51,9.1,5.7,65.76,0.41,offline,device_failure
2025-01-01T02:55:00+00:00,ac-6,access_switch,17.06,1.08,21.98,279.35,5.22,21.36,48.17,0.34,32.34,healthy,normal
2025-01-01T02:55:05+00:00,da-4,database,55.14,4.35,99.05,851.23,10.95,94.05,76.91,2.57,95.24,warning,traffic_spike
2025-01-01T02:55:10+00:00,ro-7,router,278.26,76.11,20.8,17.94,42.94,33.68,38.22,48.3,4.65,offline,link_failure
2025-01-01T02:55:15+00:00,da-7,database,193.35,12.62,86.95,109.84,29.53,50.57,50.0,3.64,91.9,warning,congestion
2025-01-01T02:55:20+00:00,cl-1,client,24.35,0.33,23.83,208.23,2.26,31.08,44.31,0.39,50.11,healthy,normal
2025-01-01T02:55:25+00:00,se-4,server,139.89,5.56,91.76,450.16,20.29,95.28,84.76,3.22,98.14,warning,traffic_spike
2025-01-01T02:55:30+00:00,se-6,server,29.62,1.03,48.55,317.01,5.16,47.08,30.09,0.32,24.89,healthy,normal
2025-01-01T02:55:35+00:00,ac-1,access_switch,468.69,93.95,10.48,11.18,63.45,32.66,37.46,26.76,17.25,offline,link_failure
2025-01-01T02:55:40+00:00,se-6,server,12.58,0.9,34.48,175.57,1.2,48.95,57.73,0.59,25.81,healthy,normal
2025-01-01T02:55:45+00:00,ro-1,router,133.99,1.33,79.04,154.69,19.74,91.22,89.71,4.54,55.41,warning,device_overload
2025-01-01T02:55:50+00:00,ac-6,access_switch,17.81,1.47,55.62,254.03,3.0,26.07,65.97,0.82,59.98,healthy,normal
2025-01-01T02:55:55+00:00,se-7,server,41.48,0.95,61.02,257.64,0.87,58.11,35.45,0.03,66.98,healthy,normal
2025-01-01T02:56:00+00:00,ro-4,router,424.48,88.38,16.58,8.68,55.28,23.54,57.4,46.9,10.22,warning,link_failure
2025-01-01T02:56:05+00:00,ac-2,access_switch,344.29,91.12,7.0,5.16,87.7,55.44,38.0,39.19,5.62,offline,link_failure
2025-01-01T02:56:10+00:00,se-7,server,39.55,0.77,53.91,199.84,3.33,15.0,55.7,0.66,36.4,healthy,normal
2025-01-01T02:56:15+00:00,se-3,server,141.44,1.11,59.91,72.98,13.47,99.69,93.38,1.12,72.6,warning,device_overload
2025-01-01T02:56:20+00:00,cl-3,client,32.44,1.04,18.17,149.71,4.46,37.34,63.96,0.77,31.41,healthy,normal
2025-01-01T02:56:25+00:00,cl-7,client,277.18,89.87,2.53,2.84,56.9,1.06,5.44,36.77,3.88,warning,device_failure
2025-01-01T02:56:30+00:00,co-4,core_switch,27.66,1.26,29.91,271.31,3.4,22.54,44.03,0.78,58.04,healthy,normal
2025-01-01T02:56:35+00:00,ac-5,access_switch,19.02,0.03,60.17,302.23,1.67,47.49,58.46,0.43,26.73,healthy,normal
2025-01-01T02:56:40+00:00,ro-7,router,23.24,1.39,58.63,215.39,1.3,19.06,32.96,0.33,41.29,healthy,normal
2025-01-01T02:56:45+00:00,co-6,core_switch,26.45,0.29,60.33,323.51,4.82,39.05,27.46,0.19,47.34,healthy,normal
2025-01-01T02:56:50+00:00,da-6,database,177.47,12.33,91.31,118.3,20.94,68.04,64.32,5.85,93.32,warning,congestion
2025-01-01T02:56:55+00:00,cl-2,client,165.42,7.8,67.16,105.64,12.78,93.26,98.19,7.06,61.2,warning,device_overload
2025-01-01T02:57:00+00:00,da-3,database,16.88,0.31,58.13,239.27,2.42,49.3,49.17,0.49,52.26,healthy,normal
2025-01-01T02:57:05+00:00,ro-4,router,40.74,0.1,30.14,194.74,2.15,46.66,67.21,0.16,62.57,healthy,normal
2025-01-01T02:57:10+00:00,da-6,database,28.38,1.12,29.38,277.89,1.07,41.44,64.64,0.16,41.78,healthy,normal
2025-01-01T02:57:15+00:00,co-5,core_switch,12.9,0.13,52.02,129.39,2.1,29.96,52.21,0.33,59.15,healthy,normal
2025-01-01T02:57:20+00:00,ac-4,access_switch,58.51,2.47,91.69,435.03,16.82,70.64,77.06,4.52,96.17,warning,traffic_spike
2025-01-01T02:57:25+00:00,se-6,server,110.25,4.42,97.22,586.69,16.14,93.18,66.42,3.87,93.05,warning,traffic_spike
2025-01-01T02:57:30+00:00,ac-2,access_switch,125.48,7.94,90.21,719.6,10.83,96.16,82.59,3.19,93.41,warning,traffic_spike
2025-01-01T02:57:35+00:00,ac-2,access_switch,39.92,1.38,55.77,115.04,5.85,56.3,56.92,0.88,34.79,healthy,normal
2025-01-01T02:57:40+00:00,ro-1,router,162.94,7.22,78.99,153.11,17.18,88.24,88.0,6.6,50.31,warning,device_overload
2025-01-01T02:57:45+00:00,se-3,server,107.03,5.0,96.78,86.26,28.59,51.31,70.16,6.01,93.96,warning,congestion
2025-01-01T02:57:50+00:00,co-1,core_switch,26.93,0.95,41.34,285.92,4.48,48.56,24.49,0.51,22.24,healthy,normal
2025-01-01T02:57:55+00:00,cl-6,client,327.68,93.28,12.13,10.94,72.21,27.11,26.43,63.21,11.9,offline,link_failure
2025-01-01T02:58:00+00:00,ac-6,access_switch,110.41,7.88,91.05,523.77,17.26,71.66,73.18,0.9,93.35,warning,traffic_spike
2025-01-01T02:58:05+00:00,ro-6,router,115.92,6.09,99.11,744.83,22.13,72.42,74.01,2.82,90.16,warning,traffic_spike
2025-01-01T02:58:10+00:00,ac-1,access_switch,15.55,1.4,26.55,112.81,4.87,53.12,63.0,0.24,64.64,healthy,normal
2025-01-01T02:58:15+00:00,da-6,database,11.33,0.87,30.09,128.35,3.41,47.79,46.22,0.39,65.07,healthy,normal
2025-01-01T02:58:20+00:00,ro-2,router,38.82,0.49,57.53,204.91,1.5,38.17,45.65,0.46,41.54,healthy,normal
2025-01-01T02:58:25+00:00,se-4,server,202.22,82.9,21.1,10.0,37.68,61.74,64.64,21.04,1.59,warning,link_failure
2025-01-01T02:58:30+00:00,cl-4,client,27.79,0.01,31.13,292.76,2.24,48.9,63.71,0.07,45.03,healthy,normal
2025-01-01T02:58:35+00:00,da-1,database,16.63,0.18,51.89,166.4,5.97,41.41,67.57,0.29,27.79,healthy,normal
2025-01-01T02:58:40+00:00,cl-5,client,19.86,0.88,53.41,167.12,5.01,47.9,66.11,0.21,37.91,healthy,normal
2025-01-01T02:58:45+00:00,da-6,database,212.99,15.49,89.95,67.96,13.46,65.88,68.23,1.76,96.22,warning,congestion
2025-01-01T02:58:50+00:00,da-5,database,37.67,1.14,36.99,247.89,4.69,33.62,59.19,0.34,49.36,healthy,normal
2025-01-01T02:58:55+00:00,co-6,core_switch,197.27,15.27,92.09,64.12,35.03,64.44,47.93,4.22,86.02,warning,congestion
2025-01-01T02:59:00+00:00,da-4,database,292.05,73.17,19.76,12.34,55.63,52.74,57.03,57.43,8.73,warning,link_failure
2025-01-01T02:59:05+00:00,se-1,server,29.55,0.6,33.23,231.37,3.29,27.1,36.35,0.29,44.89,healthy,normal
2025-01-01T02:59:10+00:00,ro-4,router,21.44,0.3,62.07,180.92,2.59,50.43,38.51,0.57,63.04,healthy,normal
2025-01-01T02:59:15+00:00,se-5,server,121.81,4.2,56.06,185.54,8.03,94.91,99.53,3.7,83.15,warning,device_overload
2025-01-01T02:59:20+00:00,se-8,server,84.09,2.96,96.98,487.73,20.34,82.79,59.77,1.51,96.13,warning,traffic_spike
2025-01-01T02:59:25+00:00,ac-2,access_switch,34.56,1.17,38.48,305.08,3.98,34.83,50.35,0.21,52.58,healthy,normal
2025-01-01T02:59:30+00:00,ro-4,router,86.59,6.03,90.2,839.18,15.92,73.75,51.43,3.91,93.27,warning,traffic_spike
2025-01-01T02:59:35+00:00,cl-3,client,15.52,0.42,23.93,171.77,3.62,48.53,37.43,0.6,23.7,healthy,normal
2025-01-01T02:59:40+00:00,da-1,database,28.17,0.78,29.94,254.08,1.06,18.73,51.89,0.46,16.75,healthy,normal
2025-01-01T02:59:45+00:00,co-4,core_switch,39.12,0.83,21.38,297.95,5.33,34.74,34.65,0.72,42.4,healthy,normal
2025-01-01T02:59:50+00:00,cl-8,client,13.34,0.52,30.28,201.7,0.88,26.03,30.79,0.35,46.98,healthy,normal
2025-01-01T02:59:55+00:00,ac-7,access_switch,30.26,0.21,24.39,248.41,4.7,32.78,54.66,0.71,47.45,healthy,normal
2025-01-01T03:00:00+00:00,da-3,database,32.74,1.23,34.4,207.78,4.06,45.73,59.33,0.33,17.21,healthy,normal
2025-01-01T03:00:05+00:00,ac-6,access_switch,120.04,8.8,95.79,751.62,19.14,93.83,75.6,2.54,98.75,warning,traffic_spike
2025-01-01T03:00:10+00:00,ro-3,router,141.01,9.0,86.7,118.95,22.34,68.73,51.61,5.49,86.04,warning,congestion
2025-01-01T03:00:15+00:00,ro-8,router,205.37,4.99,96.28,113.13,26.81,48.7,60.18,3.74,91.25,warning,congestion
2025-01-01T03:00:20+00:00,da-5,database,19.57,1.19,46.39,146.35,1.87,19.51,64.38,0.56,24.25,healthy,normal
2025-01-01T03:00:25+00:00,co-6,core_switch,378.89,85.32,9.68,10.42,52.75,34.37,67.2,41.66,6.51,offline,link_failure
2025-01-01T03:00:30+00:00,da-5,database,30.76,1.06,48.02,177.3,5.92,34.44,44.71,0.44,32.49,healthy,normal
2025-01-01T03:00:35+00:00,da-3,database,40.42,1.09,57.01,168.44,3.98,55.39,45.42,0.85,51.08,healthy,normal
2025-01-01T03:00:40+00:00,ro-6,router,16.74,0.89,39.93,328.7,4.25,19.94,65.79,0.58,39.04,healthy,normal
2025-01-01T03:00:45+00:00,ac-5,access_switch,294.91,88.86,8.94,2.1,74.51,1.6,4.93,55.09,7.7,offline,device_failure
2025-01-01T03:00:50+00:00,ac-2,access_switch,17.14,0.41,63.42,249.45,2.41,32.71,38.47,0.58,39.31,healthy,normal
2025-01-01T03:00:55+00:00,ac-3,access_switch,87.35,2.01,59.67,105.34,15.84,97.68,94.79,5.07,86.62,warning,device_overload
2025-01-01T03:01:00+00:00,cl-5,client,36.65,0.54,41.57,253.8,2.89,21.99,63.51,0.48,62.27,healthy,normal
2025-01-01T03:01:05+00:00,ro-4,router,107.21,2.67,74.67,143.45,22.4,90.23,84.03,1.13,49.38,warning,device_overload
2025-01-01T03:01:10+00:00,da-8,database,30.28,0.14,52.29,218.39,3.87,47.42,59.49,0.62,65.66,healthy,normal
2025-01-01T03:01:15+00:00,ac-6,access_switch,28.3,1.49,42.36,157.69,5.68,31.78,57.73,0.03,39.0,healthy,normal
2025-01-01T03:01:20+00:00,se-2,server,10.62,0.69,46.94,116.87,5.2,49.11,43.29,0.03,34.93,healthy,normal
2025-01-01T03:01:25+00:00,cl-5,client,168.32,9.87,90.35,117.66,36.55,56.57,66.48,3.39,95.85,warning,congestion
2025-01-01T03:01:30+00:00,ac-4,access_switch,31.27,1.16,61.4,203.33,2.89,26.25,67.92,0.71,40.31,healthy,normal
2025-01-01T03:01:35+00:00,cl-6,client,32.5,0.89,20.14,122.71,1.47,39.03,33.43,0.7,65.29,healthy,normal
2025-01-01T03:01:40+00:00,ac-2,access_switch,34.11,0.92,21.5,151.7,3.94,55.98,37.64,0.44,31.11,healthy,normal
2025-01-01T03:01:45+00:00,se-7,server,157.87,7.46,57.55,151.16,18.63,91.8,96.3,7.19,85.88,warning,device_overload
2025-01-01T03:01:50+00:00,ro-4,router,32.51,1.28,59.89,112.42,1.07,35.53,55.72,0.72,55.26,healthy,normal
2025-01-01T03:01:55+00:00,ac-3,access_switch,22.47,0.04,26.18,296.96,1.74,59.62,42.26,0.81,39.49,healthy,normal
2025-01-01T03:02:00+00:00,ac-2,access_switch,105.52,10.08,95.98,90.74,36.41,48.84,71.17,5.03,99.4,warning,congestion
2025-01-01T03:02:05+00:00,co-3,core_switch,276.68,76.45,8.31,22.16,65.13,55.54,50.69,56.27,2.64,warning,link_failure
2025-01-01T03:02:10+00:00,da-5,database,22.62,1.14,32.97,322.03,4.07,27.28,64.25,0.63,24.4,healthy,normal
2025-01-01T03:02:15+00:00,ac-5,access_switch,92.94,1.53,65.83,162.63,18.0,95.32,96.23,5.87,48.67,warning,device_overload
2025-01-01T03:02:20+00:00,se-4,server,26.36,0.03,33.89,122.75,3.67,44.16,47.75,0.62,26.25,healthy,normal
2025-01-01T03:02:25+00:00,cl-5,client,440.69,94.44,8.98,6.9,96.65,3.12,9.39,44.12,7.57,offline,device_failure
2025-01-01T03:02:30+00:00,da-4,database,16.35,0.49,63.81,307.87,1.38,34.93,47.83,0.82,15.59,healthy,normal
2025-01-01T03:02:35+00:00,se-7,server,39.44,0.7,40.7,271.11,0.85,33.98,53.26,0.39,65.51,healthy,normal
2025-01-01T03:02:40+00:00,se-7,server,14.62,0.91,18.12,202.63,3.31,52.73,52.01,0.17,19.88,healthy,normal
2025-01-01T03:02:45+00:00,ac-7,access_switch,27.95,0.99,22.84,195.78,3.79,17.01,62.99,0.6,35.13,healthy,normal
2025-01-01T03:02:50+00:00,ac-7,access_switch,18.21,0.64,32.03,239.54,1.23,16.67,55.59,0.62,27.0,healthy,normal
2025-01-01T03:02:55+00:00,se-5,server,151.55,4.98,83.61,152.11,19.01,95.03,87.67,1.91,80.02,warning,device_overload
2025-01-01T03:03:00+00:00,cl-8,client,116.44,2.99,88.83,853.05,19.17,71.0,65.09,2.95,95.8,warning,traffic_spike
2025-01-01T03:03:05+00:00,ro-8,router,18.87,0.18,33.61,164.25,3.91,43.69,41.51,0.12,60.48,healthy,normal
2025-01-01T03:03:10+00:00,se-1,server,67.65,2.9,94.86,885.32,8.5,89.24,67.31,4.07,95.14,warning,traffic_spike
2025-01-01T03:03:15+00:00,da-4,database,16.37,1.49,43.63,276.32,5.1,23.65,60.92,0.57,15.22,healthy,normal
2025-01-01T03:03:20+00:00,co-6,core_switch,37.24,0.72,33.89,165.82,3.78,49.72,55.06,0.11,60.56,healthy,normal
2025-01-01T03:03:25+00:00,ac-2,access_switch,225.16,87.21,4.17,13.71,52.06,62.82,52.4,41.7,10.41,warning,link_failure
2025-01-01T03:03:30+00:00,ac-8,access_switch,64.0,9.43,88.98,668.11,8.54,68.98,65.61,2.53,90.57,warning,traffic_spike
2025-01-01T03:03:35+00:00,ro-3,router,121.78,15.19,89.49,82.89,37.04,54.37,71.13,5.56,94.84,warning,congestion
2025-01-01T03:03:40+00:00,co-4,core_switch,149.99,10.7,84.96,112.46,31.86,59.94,58.73,5.0,98.01,warning,congestion
2025-01-01T03:03:45+00:00,ac-4,access_switch,19.93,1.41,48.83,267.17,3.85,47.22,53.76,0.6,27.13,healthy,normal
2025-01-01T03:03:50+00:00,se-4,server,11.43,0.34,30.42,284.07,4.69,47.52,43.85,0.82,66.15,healthy,normal
2025-01-01T03:03:55+00:00,ac-6,access_switch,65.47,2.0,94.51,869.48,25.18,85.6,76.63,4.92,97.25,warning,traffic_spike
2025-01-01T03:04:00+00:00,ro-2,router,41.71,0.58,58.25,295.93,1.64,17.32,50.15,0.76,61.33,healthy,normal
2025-01-01T03:04:05+00:00,da-5,database,35.69,0.62,23.52,133.65,3.32,59.7,44.8,0.28,38.38,healthy,normal
2025-01-01T03:04:10+00:00,cl-6,client,23.39,0.69,42.05,283.85,1.59,32.43,49.37,0.27,32.57,healthy,normal
2025-01-01T03:04:15+00:00,cl-1,client,123.24,6.64,95.31,556.33,21.71,83.85,63.26,2.38,98.43,warning,traffic_spike
2025-01-01T03:04:20+00:00,da-3,database,39.51,1.43,51.74,199.7,1.94,20.95,42.03,0.49,16.76,healthy,normal
2025-01-01T03:04:25+00:00,se-8,server,311.71,82.49,0.9,15.7,64.17,60.19,44.09,36.93,8.95,offline,link_failure
2025-01-01T03:04:30+00:00,cl-8,client,95.12,13.42,83.94,96.91,18.2,58.23,46.68,4.58,88.41,warning,congestion
2025-01-01T03:04:35+00:00,ro-7,router,122.06,7.31,81.65,93.8,9.62,88.7,99.07,2.69,78.88,warning,device_overload
2025-01-01T03:04:40+00:00,da-4,database,18.07,0.57,55.01,289.17,5.43,52.55,65.89,0.34,66.22,healthy,normal
2025-01-01T03:04:45+00:00,co-1,core_switch,22.76,0.52,24.13,185.03,3.6,32.63,58.26,0.54,19.7,healthy,normal
2025-01-01T03:04:50+00:00,co-8,core_switch,188.73,4.58,96.35,151.99,18.89,64.65,71.81,3.02,93.44,warning,congestion
2025-01-01T03:04:55+00:00,ac-2,access_switch,468.55,89.69,16.82,12.49,30.59,27.5,41.45,34.0,2.58,warning,link_failure
2025-01-01T03:05:00+00:00,ac-8,access_switch,340.75,99.92,9.71,2.92,89.04,5.76,12.03,87.32,4.41,warning,device_failure
2025-01-01T03:05:05+00:00,se-7,server,63.15,2.26,54.15,134.66,9.08,87.71,98.2,7.42,46.47,warning,device_overload
2025-01-01T03:05:10+00:00,da-6,database,105.42,9.72,99.07,896.2,23.51,87.85,70.52,2.62,95.24,warning,traffic_spike
2025-01-01T03:05:15+00:00,da-8,database,16.5,1.2,21.59,286.32,4.99,40.53,59.08,0.16,57.51,healthy,normal
2025-01-01T03:05:20+00:00,cl-7,client,19.91,0.17,18.39,152.83,1.75,40.05,24.29,0.0,31.86,healthy,normal
2025-01-01T03:05:25+00:00,co-8,core_switch,95.91,5.79,51.0,57.86,17.9,96.23,94.5,1.03,76.1,warning,device_overload
2025-01-01T03:05:30+00:00,ac-6,access_switch,40.31,0.1,30.95,219.62,1.51,53.92,27.0,0.78,28.99,healthy,normal
2025-01-01T03:05:35+00:00,se-6,server,30.81,0.03,22.59,147.65,4.34,40.7,35.13,0.15,17.64,healthy,normal
2025-01-01T03:05:40+00:00,se-6,server,308.94,94.51,9.39,1.51,45.74,11.61,7.11,62.14,7.22,warning,device_failure
2025-01-01T03:05:45+00:00,co-7,core_switch,121.51,5.51,62.05,162.41,20.83,90.7,99.65,2.07,50.79,warning,device_overload
2025-01-01T03:05:50+00:00,ac-6,access_switch,26.01,0.15,47.81,111.53,2.7,47.51,48.88,0.45,66.02,healthy,normal
2025-01-01T03:05:55+00:00,cl-3,client,57.49,3.03,88.88,494.04,10.38,84.87,70.89,3.74,91.26,warning,traffic_spike
2025-01-01T03:06:00+00:00,co-8,core_switch,36.94,1.25,45.04,297.22,4.72,41.35,46.24,0.53,20.36,healthy,normal
2025-01-01T03:06:05+00:00,cl-6,client,217.6,13.73,84.31,149.5,32.85,68.9,45.0,4.61,99.63,warning,congestion
2025-01-01T03:06:10+00:00,se-6,server,129.74,5.68,96.35,484.24,23.83,77.29,56.97,3.03,94.68,warning,traffic_spike
2025-01-01T03:06:15+00:00,se-3,server,22.34,0.52,21.75,313.65,2.04,18.15,37.22,0.52,65.79,healthy,normal
2025-01-01T03:06:20+00:00,se-4,server,407.92,90.08,15.58,11.07,40.31,53.82,38.96,48.59,3.56,offline,link_failure
2025-01-01T03:06:25+00:00,ac-8,access_switch,101.7,3.32,99.69,614.43,17.53,78.13,65.43,3.7,93.07,warning,traffic_spike
2025-01-01T03:06:30+00:00,cl-1,client,130.14,6.91,94.86,803.82,12.53,95.84,74.6,3.38,91.25,warning,traffic_spike
2025-01-01T03:06:35+00:00,se-1,server,30.05,1.08,44.68,112.09,1.14,46.46,45.25,0.43,21.63,healthy,normal
2025-01-01T03:06:40+00:00,se-3,server,263.99,91.14,1.54,0.26,67.69,7.2,0.74,76.83,5.74,offline,device_failure
2025-01-01T03:06:45+00:00,cl-1,client,39.2,1.02,24.97,163.18,5.71,20.11,44.25,0.74,35.59,healthy,normal
2025-01-01T03:06:50+00:00,ac-8,access_switch,141.4,4.63,94.86,816.1,25.58,87.02,69.82,1.07,96.1,warning,traffic_spike
2025-01-01T03:06:55+00:00,ac-5,access_switch,24.35,0.46,25.42,228.51,2.06,50.73,57.51,0.69,47.06,healthy,normal
2025-01-01T03:07:00+00:00,cl-8,client,150.56,6.58,48.3,102.64,20.81,86.28,86.7,4.02,84.25,warning,device_overload
2025-01-01T03:07:05+00:00,se-4,server,300.81,72.3,15.83,3.44,63.77,45.86,58.05,48.63,7.78,offline,link_failure
2025-01-01T03:07:10+00:00,se-5,server,311.3,93.42,4.89,6.74,83.81,3.82,9.22,37.89,7.37,warning,device_failure
2025-01-01T03:07:15+00:00,co-2,core_switch,22.82,0.74,24.75,265.17,1.12,34.48,65.82,0.73,28.92,healthy,normal
2025-01-01T03:07:20+00:00,da-4,database,129.34,6.77,92.77,116.37,19.21,76.59,68.62,5.03,98.11,warning,congestion
2025-01-01T03:07:25+00:00,cl-8,client,347.38,78.23,10.05,5.95,77.89,42.99,66.92,31.08,16.82,warning,link_failure
2025-01-01T03:07:30+00:00,ac-4,access_switch,30.13,1.26,27.78,149.77,2.0,28.96,61.19,0.14,54.42,healthy,normal
2025-01-01T03:07:35+00:00,ro-6,router,72.18,8.55,89.89,548.45,14.94,77.73,52.76,0.72,92.49,warning,traffic_spike
2025-01-01T03:07:40+00:00,ro-1,router,25.6,0.13,62.52,181.34,5.27,17.44,49.86,0.87,47.97,healthy,normal
2025-01-01T03:07:45+00:00,ac-3,access_switch,77.52,5.53,72.48,95.39,12.45,90.28,85.26,5.34,60.97,warning,device_overload
2025-01-01T03:07:50+00:00,ro-3,router,20.26,0.77,56.2,317.1,4.81,18.39,28.01,0.22,65.82,healthy,normal
2025-01-01T03:07:55+00:00,ac-1,access_switch,86.44,7.94,96.75,581.93,27.22,95.95,87.02,3.27,98.74,warning,traffic_spike
2025-01-01T03:08:00+00:00,cl-8,client,37.47,0.47,41.32,136.68,5.65,34.45,34.15,0.86,47.85,healthy,normal
2025-01-01T03:08:05+00:00,ac-7,access_switch,17.87,1.26,38.24,273.9,1.5,53.34,53.54,0.79,49.17,healthy,normal
2025-01-01T03:08:10+00:00,cl-7,client,76.37,3.05,98.49,430.38,16.72,70.19,51.58,1.19,93.14,warning,traffic_spike
2025-01-01T03:08:15+00:00,se-6,server,181.81,9.04,90.57,154.04,19.96,70.38,66.94,3.53,98.78,warning,congestion
2025-01-01T03:08:20+00:00,cl-1,client,100.85,4.94,87.84,138.06,31.05,76.43,68.38,4.6,92.8,warning,congestion
2025-01-01T03:08:25+00:00,da-2,database,163.0,6.49,87.78,166.6,22.16,49.24,75.78,4.33,87.59,warning,congestion
2025-01-01T03:08:30+00:00,se-6,server,62.97,8.54,92.24,636.03,19.92,97.79,73.85,3.47,93.82,warning,traffic_spike
2025-01-01T03:08:35+00:00,da-3,database,89.22,3.41,88.41,664.79,11.12,82.65,81.32,3.76,99.84,warning,traffic_spike
2025-01-01T03:08:40+00:00,cl-5,client,24.32,0.95,39.53,187.38,2.27,35.97,33.82,0.65,55.62,healthy,normal
2025-01-01T03:08:45+00:00,co-1,core_switch,124.18,6.83,99.43,685.01,19.97,86.86,71.65,0.96,92.55,warning,traffic_spike
2025-01-01T03:08:50+00:00,da-4,database,92.05,9.13,91.12,665.59,19.29,96.31,64.4,2.82,94.18,warning,traffic_spike
2025-01-01T03:08:55+00:00,da-6,database,34.41,1.34,21.95,176.95,3.04,30.8,50.74,0.33,35.91,healthy,normal
2025-01-01T03:09:00+00:00,co-2,core_switch,100.34,9.33,95.87,532.66,26.64,68.49,51.23,2.07,98.35,warning,traffic_spike
2025-01-01T03:09:05+00:00,ac-4,access_switch,17.69,0.7,40.41,284.81,0.9,24.0,40.66,0.62,40.01,healthy,normal
2025-01-01T03:09:10+00:00,co-7,core_switch,100.62,7.4,91.17,59.98,34.15,50.31,65.93,1.83,91.25,warning,congestion
2025-01-01T03:09:15+00:00,ac-1,access_switch,499.13,91.55,9.93,4.06,85.94,0.44,7.89,85.51,6.74,warning,device_failure
2025-01-01T03:09:20+00:00,se-7,server,176.51,6.84,91.67,57.56,21.82,59.49,42.47,5.79,96.81,warning,congestion
2025-01-01T03:09:25+00:00,co-1,core_switch,10.88,0.87,31.68,178.83,4.0,42.83,33.95,0.02,50.97,healthy,normal
2025-01-01T03:09:30+00:00,ro-7,router,274.23,79.6,16.6,3.66,67.15,51.19,41.88,43.48,14.37,offline,link_failure
2025-01-01T03:09:35+00:00,ac-3,access_switch,24.47,0.49,37.0,110.92,1.46,16.68,33.88,0.86,17.03,healthy,normal
2025-01-01T03:09:40+00:00,se-8,server,37.3,1.46,22.8,189.07,4.23,38.34,56.41,0.74,20.32,healthy,normal
2025-01-01T03:09:45+00:00,cl-3,client,196.97,10.08,98.44,83.79,22.73,60.96,67.55,5.81,97.9,warning,congestion
2025-01-01T03:09:50+00:00,co-8,core_switch,26.87,0.44,30.94,249.67,0.97,40.06,59.18,0.37,31.97,healthy,normal
2025-01-01T03:09:55+00:00,da-6,database,36.53,1.22,58.21,172.01,2.38,15.67,31.04,0.88,51.09,healthy,normal
2025-01-01T03:10:00+00:00,da-7,database,16.12,0.11,58.81,161.64,1.2,31.51,33.96,0.07,58.45,healthy,normal
2025-01-01T03:10:05+00:00,da-1,database,32.25,0.57,35.89,239.18,1.43,26.86,29.35,0.69,49.82,healthy,normal
2025-01-01T03:10:10+00:00,se-2,server,10.78,0.68,54.78,130.35,3.41,52.5,29.46,0.09,45.17,healthy,normal
2025-01-01T03:10:15+00:00,co-7,core_switch,466.92,90.94,3.15,7.29,59.17,45.21,56.45,29.51,1.14,offline,link_failure
2025-01-01T03:10:20+00:00,ac-2,access_switch,18.99,0.3,21.28,132.8,5.71,59.97,48.74,0.09,15.5,healthy,normal
2025-01-01T03:10:25+00:00,ro-4,router,69.09,7.09,93.34,717.75,8.04,77.35,51.46,2.13,90.01,warning,traffic_spike
2025-01-01T03:10:30+00:00,ro-7,router,315.97,80.29,17.99,11.01,42.76,20.98,29.91,56.42,6.37,offline,link_failure
2025-01-01T03:10:35+00:00,ac-6,access_switch,97.64,9.57,89.83,590.78,27.53,85.99,80.04,2.55,92.68,warning,traffic_spike
2025-01-01T03:10:40+00:00,se-5,server,18.26,0.94,46.83,323.31,3.14,42.19,34.11,0.55,51.82,healthy,normal
2025-01-01T03:10:45+00:00,da-5,database,12.85,1.22,37.01,176.1,0.82,32.34,33.86,0.38,57.07,healthy,normal
2025-01-01T03:10:50+00:00,ro-1,router,21.13,1.39,36.64,129.27,5.15,18.65,67.84,0.54,48.49,healthy,normal
2025-01-01T03:10:55+00:00,ro-3,router,20.31,0.59,36.26,173.5,1.12,34.84,65.83,0.36,46.17,healthy,normal
2025-01-01T03:11:00+00:00,se-5,server,367.37,94.2,4.67,7.19,58.56,9.7,0.35,37.95,7.14,offline,device_failure
2025-01-01T03:11:05+00:00,ro-8,router,325.89,98.76,18.96,15.69,48.79,60.84,52.99,56.4,14.69,offline,link_failure
2025-01-01T03:11:10+00:00,se-2,server,64.96,9.08,93.31,711.13,23.18,92.96,87.72,1.75,90.24,warning,traffic_spike
2025-01-01T03:11:15+00:00,ac-5,access_switch,81.44,9.56,97.72,593.75,19.84,81.43,58.64,1.55,96.62,warning,traffic_spike
2025-01-01T03:11:20+00:00,da-7,database,41.52,1.39,35.58,145.59,3.75,19.9,58.15,0.02,25.98,healthy,normal
2025-01-01T03:11:25+00:00,co-1,core_switch,38.05,1.14,32.62,262.84,3.85,23.11,51.57,0.88,26.15,healthy,normal
2025-01-01T03:11:30+00:00,ro-8,router,30.72,0.68,22.88,209.97,5.8,54.11,57.59,0.63,23.05,healthy,normal
2025-01-01T03:11:35+00:00,cl-3,client,219.72,6.35,95.69,112.82,21.07,64.46,72.88,6.82,89.41,warning,congestion
2025-01-01T03:11:40+00:00,se-7,server,123.64,5.65,55.43,65.56,21.81,89.38,93.22,6.54,83.47,warning,device_overload
2025-01-01T03:11:45+00:00,da-7,database,24.09,0.05,18.28,190.04,4.13,36.5,34.08,0.29,46.59,healthy,normal
2025-01-01T03:11:50+00:00,cl-2,client,22.43,0.51,36.48,288.52,3.7,23.46,62.58,0.68,35.44,healthy,normal
2025-01-01T03:11:55+00:00,da-8,database,10.5,1.41,49.14,248.25,2.5,36.87,61.27,0.21,52.3,healthy,normal
2025-01-01T03:12:00+00:00,co-8,core_switch,32.26,1.47,52.04,326.82,2.87,48.63,66.45,0.33,21.56,healthy,normal
2025-01-01T03:12:05+00:00,cl-1,client,397.71,90.08,9.85,0.06,81.67,9.41,11.15,41.11,6.17,warning,device_failure
2025-01-01T03:12:10+00:00,ac-7,access_switch,12.36,0.11,45.51,152.36,2.14,26.36,57.94,0.56,41.74,healthy,normal
2025-01-01T03:12:15+00:00,ro-4,router,10.04,1.01,44.13,140.78,4.77,38.89,37.33,0.87,58.27,healthy,normal
2025-01-01T03:12:20+00:00,cl-7,client,114.98,2.38,82.29,64.93,11.22,89.67,86.0,5.73,85.59,warning,device_overload
2025-01-01T03:12:25+00:00,cl-4,client,30.1,0.62,60.35,189.82,2.45,33.85,50.66,0.11,18.73,healthy,normal
2025-01-01T03:12:30+00:00,da-3,database,134.09,2.17,90.56,469.99,22.54,79.93,60.92,2.66,90.63,warning,traffic_spike
2025-01-01T03:12:35+00:00,cl-4,client,155.27,2.09,61.54,158.22,18.04,92.11,87.82,4.55,58.63,warning,device_overload
2025-01-01T03:12:40+00:00,da-2,database,107.59,4.24,55.96,167.94,9.36,96.94,94.66,5.99,76.57,warning,device_overload
2025-01-01T03:12:45+00:00,ac-3,access_switch,150.67,4.74,80.42,140.73,13.44,92.36,85.63,3.66,70.91,warning,device_overload
2025-01-01T03:12:50+00:00,ac-6,access_switch,37.06,0.25,26.77,150.7,4.0,49.27,35.36,0.62,29.48,healthy,normal
2025-01-01T03:12:55+00:00,cl-7,client,124.01,7.84,93.22,485.35,27.44,71.48,61.75,4.87,92.21,warning,traffic_spike
2025-01-01T03:13:00+00:00,ro-1,router,20.26,0.75,22.0,183.47,4.45,41.72,53.04,0.62,55.09,healthy,normal
2025-01-01T03:13:05+00:00,cl-3,client,125.2,6.25,99.15,455.54,26.45,85.31,76.15,0.57,97.3,warning,traffic_spike
2025-01-01T03:13:10+00:00,co-8,core_switch,70.15,5.3,98.64,903.65,15.91,68.67,55.54,1.96,92.97,warning,traffic_spike
2025-01-01T03:13:15+00:00,ro-3,router,175.26,8.14,93.53,113.81,24.73,73.47,67.97,6.82,97.15,warning,congestion
2025-01-01T03:13:20+00:00,ac-8,access_switch,37.29,0.47,34.27,234.15,4.15,21.57,55.67,0.24,19.44,healthy,normal
2025-01-01T03:13:25+00:00,cl-4,client,41.6,1.44,39.43,158.05,3.54,21.68,39.63,0.86,39.08,healthy,normal
2025-01-01T03:13:30+00:00,ro-3,router,21.67,0.83,52.32,145.28,1.88,50.84,47.89,0.33,64.72,healthy,normal
2025-01-01T03:13:35+00:00,da-3,database,28.5,0.25,29.88,250.25,1.52,35.99,66.31,0.75,23.91,healthy,normal
2025-01-01T03:13:40+00:00,se-4,server,12.66,0.96,28.79,203.89,2.64,56.38,47.97,0.13,15.14,healthy,normal
2025-01-01T03:13:45+00:00,ro-8,router,37.04,0.83,24.47,213.39,5.11,18.12,54.0,0.14,46.88,healthy,normal
2025-01-01T03:13:50+00:00,co-7,core_switch,20.44,0.24,52.37,181.99,2.53,45.8,24.86,0.86,61.02,healthy,normal
2025-01-01T03:13:55+00:00,ro-5,router,32.04,1.15,51.37,138.34,5.36,24.36,26.1,0.19,15.56,healthy,normal
2025-01-01T03:14:00+00:00,co-4,core_switch,20.31,0.23,48.75,160.8,4.47,23.57,35.96,0.13,57.6,healthy,normal
2025-01-01T03:14:05+00:00,se-6,server,35.82,0.86,64.09,278.85,1.54,58.05,25.33,0.55,60.3,healthy,normal
2025-01-01T03:14:10+00:00,co-2,core_switch,108.53,7.3,62.05,107.04,15.93,96.18,88.89,2.74,81.9,warning,device_overload
2025-01-01T03:14:15+00:00,ac-5,access_switch,12.06,0.03,22.68,196.01,3.82,15.19,54.17,0.26,56.02,healthy,normal
2025-01-01T03:14:20+00:00,ro-2,router,20.53,0.98,41.02,175.85,3.82,33.58,54.51,0.46,45.49,healthy,normal
2025-01-01T03:14:25+00:00,ro-6,router,10.19,1.23,48.75,322.15,2.92,40.79,55.02,0.09,52.38,healthy,normal
2025-01-01T03:14:30+00:00,ac-3,access_switch,32.67,0.56,50.81,263.19,1.49,50.69,48.32,0.04,41.17,healthy,normal
2025-01-01T03:14:35+00:00,se-8,server,177.21,6.82,98.66,136.22,36.82,76.48,53.02,6.97,88.44,warning,congestion
2025-01-01T03:14:40+00:00,cl-4,client,29.07,0.07,23.01,135.48,2.51,22.16,38.28,0.46,37.64,healthy,normal
2025-01-01T03:14:45+00:00,se-3,server,22.86,0.33,64.21,170.8,3.86,58.62,24.87,0.82,33.65,healthy,normal
2025-01-01T03:14:50+00:00,da-1,database,118.6,6.74,89.41,696.35,9.35,94.67,82.05,4.22,91.31,warning,traffic_spike
2025-01-01T03:14:55+00:00,co-6,core_switch,223.81,7.94,94.77,78.35,31.0,67.06,48.52,2.96,97.11,warning,congestion
2025-01-01T03:15:00+00:00,se-6,server,149.51,11.2,99.7,51.47,29.7,74.05,77.62,5.78,89.13,warning,congestion
2025-01-01T03:15:05+00:00,ac-8,access_switch,107.34,2.0,79.96,98.89,20.89,87.46,99.96,1.0,69.51,warning,device_overload
2025-01-01T03:15:10+00:00,ac-8,access_switch,137.04,2.31,97.08,860.32,21.19,96.93,56.9,3.99,92.01,warning,traffic_spike
2025-01-01T03:15:15+00:00,da-7,database,66.99,7.41,52.83,116.9,17.89,86.98,94.75,5.45,83.19,warning,device_overload
2025-01-01T03:15:20+00:00,cl-4,client,86.02,15.86,91.43,90.75,14.75,49.32,50.87,6.02,94.46,warning,congestion
2025-01-01T03:15:25+00:00,da-3,database,113.65,5.43,82.16,148.95,21.96,98.77,97.7,2.54,67.4,warning,device_overload
2025-01-01T03:15:30+00:00,da-6,database,38.24,0.22,35.18,251.4,5.71,53.74,46.53,0.46,20.46,healthy,normal
2025-01-01T03:15:35+00:00,ac-8,access_switch,298.78,78.8,15.66,21.52,30.51,20.18,36.15,46.43,11.08,offline,link_failure
2025-01-01T03:15:40+00:00,cl-5,client,125.37,4.5,96.21,744.86,13.05,92.0,60.53,4.32,90.43,warning,traffic_spike
2025-01-01T03:15:45+00:00,co-7,core_switch,14.33,0.96,61.53,172.66,2.01,49.59,60.54,0.89,20.67,healthy,normal
2025-01-01T03:15:50+00:00,cl-5,client,17.98,0.87,61.22,156.05,3.98,29.82,51.57,0.64,44.52,healthy,normal
2025-01-01T03:15:55+00:00,da-7,database,21.64,1.28,39.17,276.39,5.59,37.36,42.33,0.89,43.71,healthy,normal
2025-01-01T03:16:00+00:00,da-5,database,41.87,0.33,32.41,118.57,5.17,46.2,26.5,0.4,49.84,healthy,normal
2025-01-01T03:16:05+00:00,se-7,server,255.36,99.05,6.37,1.55,81.17,7.7,0.04,62.93,1.74,offline,device_failure
2025-01-01T03:16:10+00:00,co-4,core_switch,113.62,12.54,88.47,41.78,35.51,60.13,63.16,3.04,99.36,warning,congestion
2025-01-01T03:16:15+00:00,ro-3,router,17.17,1.15,63.21,314.53,4.35,32.67,32.6,0.41,31.31,healthy,normal
2025-01-01T03:16:20+00:00,ac-2,access_switch,92.75,4.15,55.5,148.15,10.01,99.56,87.93,4.37,48.22,warning,device_overload
2025-01-01T03:16:25+00:00,da-6,database,38.36,0.88,51.39,179.07,2.59,35.32,67.5,0.82,22.74,healthy,normal
2025-01-01T03:16:30+00:00,ro-8,router,18.05,0.29,63.8,168.4,5.65,31.22,36.06,0.42,35.36,healthy,normal
2025-01-01T03:16:35+00:00,ro-4,router,458.15,88.72,21.04,3.54,70.62,54.01,25.67,38.83,0.53,offline,link_failure
2025-01-01T03:16:40+00:00,ro-3,router,440.79,97.38,11.9,5.68,72.61,21.19,43.15,32.75,10.03,offline,link_failure
2025-01-01T03:16:45+00:00,cl-1,client,39.98,0.56,33.22,316.71,3.82,17.3,66.66,0.19,32.31,healthy,normal
2025-01-01T03:16:50+00:00,se-8,server,34.58,0.91,49.59,313.05,1.93,44.08,45.48,0.77,24.97,healthy,normal
2025-01-01T03:16:55+00:00,ro-7,router,190.61,86.55,15.27,19.8,54.02,36.97,56.05,56.88,2.56,warning,link_failure
2025-01-01T03:17:00+00:00,da-1,database,71.54,7.49,89.8,706.47,15.49,78.11,50.89,0.97,97.73,warning,traffic_spike
2025-01-01T03:17:05+00:00,cl-8,client,10.76,1.08,62.94,259.21,1.7,17.51,49.7,0.19,31.09,healthy,normal
2025-01-01T03:17:10+00:00,se-8,server,38.61,1.37,35.97,270.19,3.67,23.71,34.46,0.62,27.02,healthy,normal
2025-01-01T03:17:15+00:00,ro-3,router,353.4,82.58,14.27,3.52,30.15,35.17,26.17,23.83,3.12,offline,link_failure
2025-01-01T03:17:20+00:00,ro-3,router,38.3,0.77,48.66,207.78,2.25,35.43,26.38,0.26,44.1,healthy,normal
2025-01-01T03:17:25+00:00,da-8,database,35.26,1.34,61.88,123.67,1.81,22.15,53.05,0.75,53.86,healthy,normal
2025-01-01T03:17:30+00:00,ro-3,router,23.48,0.87,20.49,174.05,2.96,33.86,46.14,0.29,53.51,healthy,normal
2025-01-01T03:17:35+00:00,se-1,server,37.03,0.63,50.55,114.28,3.02,52.36,35.67,0.14,47.64,healthy,normal
2025-01-01T03:17:40+00:00,ac-3,access_switch,87.56,3.74,94.6,770.49,17.39,84.42,70.38,0.56,90.04,warning,traffic_spike
2025-01-01T03:17:45+00:00,da-5,database,107.91,4.35,63.33,172.12,22.9,87.21,98.48,4.6,71.09,warning,device_overload
2025-01-01T03:17:50+00:00,co-5,core_switch,68.96,6.18,97.55,496.8,23.93,72.4,65.24,3.74,97.07,warning,traffic_spike
2025-01-01T03:17:55+00:00,ac-1,access_switch,180.39,77.48,10.84,15.49,86.49,21.5,43.2,52.28,9.77,warning,link_failure
2025-01-01T03:18:00+00:00,co-2,core_switch,32.08,1.45,36.87,177.24,3.25,54.15,60.88,0.57,22.51,healthy,normal
2025-01-01T03:18:05+00:00,co-2,core_switch,212.62,13.13,99.94,57.36,29.8,53.81,55.43,5.11,87.16,warning,congestion
2025-01-01T03:18:10+00:00,ro-2,router,28.46,0.13,46.99,259.8,3.69,38.5,24.12,0.63,39.51,healthy,normal
2025-01-01T03:18:15+00:00,cl-7,client,115.88,7.29,59.68,60.32,14.48,87.45,99.18,4.3,57.26,warning,device_overload
2025-01-01T03:18:20+00:00,co-7,core_switch,41.2,0.87,52.4,241.36,3.16,21.82,64.13,0.37,49.82,healthy,normal
2025-01-01T03:18:25+00:00,ro-2,router,11.12,1.24,61.48,121.27,3.24,51.69,45.84,0.66,16.46,healthy,normal
2025-01-01T03:18:30+00:00,ac-1,access_switch,14.76,1.0,44.57,145.96,4.77,43.2,54.95,0.56,16.7,healthy,normal
2025-01-01T03:18:35+00:00,cl-3,client,29.84,1.33,35.13,247.36,3.94,27.11,44.27,0.62,49.51,healthy,normal
2025-01-01T03:18:40+00:00,cl-4,client,133.13,5.38,95.14,796.75,17.03,77.28,81.59,1.25,91.51,warning,traffic_spike
2025-01-01T03:18:45+00:00,cl-5,client,136.93,2.16,56.25,109.6,8.81,96.9,87.38,3.04,85.47,warning,device_overload
2025-01-01T03:18:50+00:00,ac-4,access_switch,251.51,98.25,21.63,18.42,82.1,55.52,62.42,37.8,10.32,warning,link_failure
2025-01-01T03:18:55+00:00,da-2,database,403.06,97.21,16.88,0.12,61.81,35.46,61.04,56.38,8.24,offline,link_failure
2025-01-01T03:19:00+00:00,ro-6,router,160.54,11.38,89.65,106.19,19.15,66.76,43.25,1.35,99.38,warning,congestion
2025-01-01T03:19:05+00:00,da-5,database,400.34,90.87,9.77,6.37,31.61,47.77,51.22,29.41,4.65,offline,link_failure
2025-01-01T03:19:10+00:00,ac-8,access_switch,400.99,75.06,19.83,2.17,87.77,61.0,49.35,56.03,15.51,warning,link_failure
2025-01-01T03:19:15+00:00,ac-7,access_switch,115.97,9.18,95.32,757.47,22.54,85.89,81.1,0.84,93.57,warning,traffic_spike
2025-01-01T03:19:20+00:00,ro-4,router,92.59,11.91,95.29,65.81,19.15,79.67,61.15,6.27,86.56,warning,congestion
2025-01-01T03:19:25+00:00,cl-7,client,18.47,0.52,63.49,218.97,5.65,15.39,61.47,0.27,57.96,healthy,normal
2025-01-01T03:19:30+00:00,da-8,database,478.77,94.58,1.02,4.88,98.26,10.25,11.26,60.88,5.46,offline,device_failure
2025-01-01T03:19:35+00:00,da-5,database,149.79,8.64,88.01,115.9,36.32,80.46,59.34,4.29,89.53,warning,congestion
2025-01-01T03:19:40+00:00,co-2,core_switch,18.39,0.12,26.61,183.91,1.05,27.21,59.23,0.56,61.65,healthy,normal
2025-01-01T03:19:45+00:00,se-8,server,28.87,0.81,39.67,213.54,2.32,29.82,35.35,0.41,30.34,healthy,normal
2025-01-01T03:19:50+00:00,ac-1,access_switch,13.7,0.92,64.77,268.85,3.82,46.14,33.37,0.9,62.68,healthy,normal
2025-01-01T03:19:55+00:00,da-7,database,80.93,4.18,71.54,63.64,18.17,88.92,90.03,2.74,70.92,warning,device_overload
2025-01-01T03:20:00+00:00,ac-5,access_switch,35.2,0.72,29.39,268.13,4.28,33.32,64.53,0.06,33.73,healthy,normal
2025-01-01T03:20:05+00:00,se-3,server,187.26,12.41,87.08,156.51,37.12,75.02,43.02,3.51,94.59,warning,congestion
2025-01-01T03:20:10+00:00,ac-4,access_switch,99.81,4.42,95.01,98.44,36.02,53.93,43.9,6.02,99.44,warning,congestion
2025-01-01T03:20:15+00:00,cl-8,client,12.16,0.62,48.49,172.54,3.17,54.35,42.41,0.78,56.59,healthy,normal
2025-01-01T03:20:20+00:00,cl-2,client,16.71,1.05,41.1,296.44,3.7,36.97,57.37,0.04,35.54,healthy,normal
2025-01-01T03:20:25+00:00,cl-5,client,21.09,1.29,33.57,198.29,2.0,34.49,55.18,0.27,42.19,healthy,normal
2025-01-01T03:20:30+00:00,cl-3,client,20.83,0.11,26.05,255.81,4.47,32.16,49.7,0.82,31.44,healthy,normal
2025-01-01T03:20:35+00:00,ac-7,access_switch,108.04,7.72,94.31,581.98,18.74,94.72,87.75,4.28,99.9,warning,traffic_spike
2025-01-01T03:20:40+00:00,ro-6,router,14.93,0.36,49.48,294.74,1.67,42.76,48.44,0.81,19.74,healthy,normal
2025-01-01T03:20:45+00:00,co-3,core_switch,455.39,77.82,9.52,9.16,56.19,33.18,62.02,61.83,13.48,warning,link_failure
2025-01-01T03:20:50+00:00,co-7,core_switch,221.99,12.43,96.22,64.2,15.74,62.12,55.63,1.17,89.4,warning,congestion
2025-01-01T03:20:55+00:00,se-8,server,27.95,1.25,38.57,127.6,4.67,33.3,53.3,0.2,26.54,healthy,normal
2025-01-01T03:21:00+00:00,ac-6,access_switch,115.24,3.39,62.01,81.04,17.41,98.02,97.62,4.17,72.71,warning,device_overload
2025-01-01T03:21:05+00:00,ro-4,router,281.9,81.98,12.85,5.24,86.49,54.92,35.37,48.62,14.85,warning,link_failure
2025-01-01T03:21:10+00:00,ac-8,access_switch,39.53,0.03,51.33,283.51,1.02,47.71,30.71,0.31,30.1,healthy,normal
2025-01-01T03:21:15+00:00,da-4,database,41.4,1.19,59.94,326.27,4.18,28.19,28.58,0.43,44.01,healthy,normal
2025-01-01T03:21:20+00:00,ro-7,router,402.16,98.37,4.0,5.16,57.81,4.69,11.01,83.06,3.04,offline,device_failure
2025-01-01T03:21:25+00:00,ac-5,access_switch,33.88,0.65,53.07,155.59,4.5,43.06,27.1,0.62,29.74,healthy,normal
2025-01-01T03:21:30+00:00,ac-8,access_switch,218.11,9.25,83.18,150.37,35.17,53.85,64.14,6.64,94.16,warning,congestion
2025-01-01T03:21:35+00:00,ac-3,access_switch,146.15,4.38,90.01,122.7,27.46,52.63,45.07,6.66,86.66,warning,congestion
2025-01-01T03:21:40+00:00,co-1,core_switch,417.33,90.9,9.45,3.99,92.69,4.51,7.62,48.63,3.39,offline,device_failure
2025-01-01T03:21:45+00:00,ac-2,access_switch,64.39,5.72,82.87,104.41,10.5,92.4,97.4,2.38,62.36,warning,device_overload
2025-01-01T03:21:50+00:00,cl-8,client,25.71,0.77,39.66,329.56,5.62,31.46,42.99,0.56,39.06,healthy,normal
2025-01-01T03:21:55+00:00,cl-5,client,86.81,5.96,94.82,729.69,15.42,79.04,83.86,1.96,96.49,warning,traffic_spike
2025-01-01T03:22:00+00:00,se-3,server,124.76,5.42,62.72,95.55,12.83,98.46,97.44,7.28,69.04,warning,device_overload
2025-01-01T03:22:05+00:00,co-6,core_switch,75.06,6.97,80.88,74.36,21.93,99.19,98.31,6.42,72.75,warning,device_overload
2025-01-01T03:22:10+00:00,ro-7,router,179.27,5.16,84.14,121.79,16.81,56.08,74.68,3.95,95.95,warning,congestion
2025-01-01T03:22:15+00:00,ro-4,router,11.29,1.21,24.37,248.75,4.78,54.68,44.38,0.02,52.99,healthy,normal
2025-01-01T03:22:20+00:00,ac-1,access_switch,112.34,12.75,94.61,71.46,30.81,48.39,48.07,6.95,98.29,warning,congestion
2025-01-01T03:22:25+00:00,cl-3,client,28.65,1.5,38.52,173.7,5.14,50.37,49.34,0.08,56.46,healthy,normal
2025-01-01T03:22:30+00:00,da-1,database,21.57,1.25,25.74,215.2,2.45,40.57,55.13,0.25,57.5,healthy,normal
2025-01-01T03:22:35+00:00,ac-2,access_switch,104.76,14.93,87.02,60.0,19.86,45.3,61.93,4.57,99.37,warning,congestion
2025-01-01T03:22:40+00:00,co-4,core_switch,258.6,86.07,8.07,1.65,42.86,54.52,54.3,51.14,16.06,offline,link_failure
2025-01-01T03:22:45+00:00,se-2,server,15.94,0.36,56.51,135.51,1.41,16.17,31.28,0.08,51.18,healthy,normal
2025-01-01T03:22:50+00:00,ro-4,router,11.26,0.43,58.39,233.31,1.65,38.65,50.5,0.5,48.53,healthy,normal
2025-01-01T03:22:55+00:00,da-7,database,270.61,82.09,4.14,19.79,36.46,45.91,52.73,43.09,1.26,offline,link_failure
2025-01-01T03:23:00+00:00,ac-7,access_switch,40.86,1.09,50.72,130.7,5.79,25.51,42.97,0.78,35.73,healthy,normal
2025-01-01T03:23:05+00:00,ac-2,access_switch,39.16,0.13,58.34,157.88,3.65,40.34,51.21,0.8,56.25,healthy,normal
2025-01-01T03:23:10+00:00,ro-6,router,36.02,0.05,29.24,155.31,1.63,49.35,67.39,0.25,56.55,healthy,normal
2025-01-01T03:23:15+00:00,se-1,server,223.93,4.92,98.2,101.72,22.16,47.15,67.76,3.72,96.52,warning,congestion
2025-01-01T03:23:20+00:00,cl-8,client,14.86,0.11,35.73,274.2,1.41,16.17,32.62,0.45,48.41,healthy,normal
2025-01-01T03:23:25+00:00,ro-1,router,274.64,96.89,16.61,23.44,88.26,62.93,60.71,45.8,6.82,offline,link_failure
2025-01-01T03:23:30+00:00,ro-8,router,186.81,81.67,13.37,9.66,65.83,57.68,43.65,50.89,4.42,offline,link_failure
2025-01-01T03:23:35+00:00,co-8,core_switch,197.78,85.81,16.33,7.64,79.13,55.16,52.26,59.0,1.18,warning,link_failure
2025-01-01T03:23:40+00:00,da-7,database,82.76,2.28,56.93,168.99,19.79,91.69,98.23,6.45,57.61,warning,device_overload
2025-01-01T03:23:45+00:00,da-4,database,111.07,7.21,90.92,594.18,22.64,93.22,68.73,1.14,98.51,warning,traffic_spike
2025-01-01T03:23:50+00:00,da-3,database,31.95,0.83,33.87,170.36,2.45,54.16,33.31,0.69,61.5,healthy,normal
2025-01-01T03:23:55+00:00,ro-4,router,137.74,6.16,89.98,797.99,16.57,84.28,84.54,2.97,94.89,warning,traffic_spike
2025-01-01T03:24:00+00:00,da-4,database,14.65,0.36,18.8,166.78,2.02,26.49,40.02,0.28,36.9,healthy,normal
2025-01-01T03:24:05+00:00,da-8,database,463.12,79.44,8.64,11.79,35.3,21.74,35.72,40.58,6.21,offline,link_failure
2025-01-01T03:24:10+00:00,se-8,server,22.79,0.18,34.84,176.42,3.47,19.99,58.16,0.23,19.13,healthy,normal
2025-01-01T03:24:15+00:00,da-2,database,32.62,1.07,51.04,306.16,1.18,39.26,29.2,0.28,62.71,healthy,normal
2025-01-01T03:24:20+00:00,se-3,server,337.91,96.98,7.83,2.73,84.01,3.24,13.6,85.04,1.4,warning,device_failure
2025-01-01T03:24:25+00:00,co-7,core_switch,26.21,0.38,57.92,281.35,5.2,25.42,43.89,0.89,56.96,healthy,normal
2025-01-01T03:24:30+00:00,cl-5,client,30.22,0.47,64.62,296.47,2.64,33.46,42.66,0.01,66.61,healthy,normal
2025-01-01T03:24:35+00:00,ro-7,router,403.75,89.65,4.97,1.2,57.13,6.27,11.2,60.94,2.14,offline,device_failure
2025-01-01T03:24:40+00:00,ro-8,router,33.8,1.2,36.36,226.68,3.58,44.62,62.49,0.85,31.89,healthy,normal
2025-01-01T03:24:45+00:00,se-1,server,172.68,5.1,55.35,160.42,16.67,87.19,94.93,7.35,46.43,warning,device_overload
2025-01-01T03:24:50+00:00,co-7,core_switch,35.71,1.19,58.24,275.8,5.73,25.82,59.91,0.57,44.22,healthy,normal
2025-01-01T03:24:55+00:00,cl-8,client,36.01,0.05,50.48,148.0,3.33,40.67,55.35,0.52,60.57,healthy,normal
2025-01-01T03:25:00+00:00,co-6,core_switch,18.16,0.92,36.2,236.74,2.33,52.59,67.16,0.68,39.75,healthy,normal
2025-01-01T03:25:05+00:00,ac-7,access_switch,75.0,3.4,65.02,185.58,8.8,99.54,95.88,7.97,85.03,warning,device_overload
2025-01-01T03:25:10+00:00,cl-4,client,303.14,93.53,6.62,2.28,86.32,7.02,3.28,72.08,6.53,offline,device_failure
2025-01-01T03:25:15+00:00,da-3,database,306.77,97.46,11.32,11.67,35.47,63.0,65.06,22.39,8.01,warning,link_failure
2025-01-01T03:25:20+00:00,ro-3,router,31.86,0.93,47.9,184.32,2.91,18.37,56.49,0.04,29.07,healthy,normal
2025-01-01T03:25:25+00:00,da-5,database,105.35,2.72,99.05,571.33,20.51,94.73,82.22,4.1,93.13,warning,traffic_spike
2025-01-01T03:25:30+00:00,co-4,core_switch,30.48,0.73,49.7,288.13,4.51,53.68,52.97,0.52,43.85,healthy,normal
2025-01-01T03:25:35+00:00,ro-3,router,107.67,3.28,55.96,116.61,18.38,87.34,85.32,4.62,50.59,warning,device_overload
2025-01-01T03:25:40+00:00,ro-8,router,467.94,90.9,11.48,14.27,34.38,52.47,25.1,52.75,2.17,offline,link_failure
2025-01-01T03:25:45+00:00,ro-2,router,82.06,5.21,91.05,779.16,9.63,71.09,72.14,2.77,90.6,warning,traffic_spike
2025-01-01T03:25:50+00:00,ac-5,access_switch,110.01,13.21,97.84,103.63,36.95,75.09,66.14,6.5,98.01,warning,congestion
2025-01-01T03:25:55+00:00,cl-8,client,480.0,90.73,21.35,13.43,80.33,52.76,46.55,22.54,10.09,warning,link_failure
2025-01-01T03:26:00+00:00,cl-3,client,85.66,3.38,99.18,506.84,23.02,89.81,71.09,0.64,99.69,warning,traffic_spike
2025-01-01T03:26:05+00:00,se-1,server,364.35,90.64,9.06,0.47,62.47,36.23,58.79,29.15,17.87,offline,link_failure
2025-01-01T03:26:10+00:00,cl-8,client,247.06,91.69,7.58,5.35,52.35,1.3,10.04,80.6,1.51,offline,device_failure
2025-01-01T03:26:15+00:00,se-1,server,129.88,7.99,98.11,440.38,8.93,75.38,69.77,0.77,96.32,warning,traffic_spike
2025-01-01T03:26:20+00:00,se-7,server,405.44,98.3,4.95,0.88,78.03,55.75,58.2,45.68,16.01,offline,link_failure
2025-01-01T03:26:25+00:00,ac-5,access_switch,171.11,12.07,94.76,103.92,19.92,61.29,56.74,5.1,94.62,warning,congestion
2025-01-01T03:26:30+00:00,se-5,server,31.54,0.4,33.99,179.67,1.49,36.19,39.86,0.25,55.22,healthy,normal
2025-01-01T03:26:35+00:00,da-2,database,149.78,11.03,91.47,115.06,12.09,79.02,43.45,2.84,96.71,warning,congestion
2025-01-01T03:26:40+00:00,ro-3,router,299.16,99.77,4.97,5.2,80.71,37.5,69.75,31.51,3.09,warning,link_failure
2025-01-01T03:26:45+00:00,se-4,server,76.74,6.89,96.59,446.17,27.86,90.6,81.16,3.99,90.39,warning,traffic_spike
2025-01-01T03:26:50+00:00,ac-2,access_switch,23.85,0.51,48.42,169.79,2.88,36.54,29.38,0.31,44.01,healthy,normal
2025-01-01T03:26:55+00:00,cl-1,client,11.98,1.2,57.51,303.54,2.88,56.59,41.96,0.84,25.09,healthy,normal
2025-01-01T03:27:00+00:00,co-4,core_switch,41.77,0.19,43.04,188.09,2.88,49.8,57.91,0.21,22.27,healthy,normal
2025-01-01T03:27:05+00:00,co-3,core_switch,235.87,93.03,4.57,0.85,78.59,52.29,63.75,53.0,12.86,offline,link_failure
2025-01-01T03:27:10+00:00,da-5,database,14.56,0.31,61.97,117.49,4.66,15.5,32.69,0.21,54.61,healthy,normal
2025-01-01T03:27:15+00:00,cl-4,client,121.34,3.57,70.38,185.72,9.05,95.04,98.25,5.38,45.54,warning,device_overload
2025-01-01T03:27:20+00:00,se-2,server,28.96,1.2,48.16,191.77,5.66,45.49,45.01,0.38,49.25,healthy,normal
2025-01-01T03:27:25+00:00,cl-7,client,127.89,14.13,89.06,79.32,33.63,50.33,55.24,4.99,93.55,warning,congestion
2025-01-01T03:27:30+00:00,da-3,database,23.92,0.05,27.69,142.0,5.08,23.92,66.67,0.87,37.29,healthy,normal
2025-01-01T03:27:35+00:00,da-4,database,123.15,15.54,91.94,112.29,28.53,66.17,49.95,3.74,98.74,warning,congestion
2025-01-01T03:27:40+00:00,cl-4,client,31.69,0.12,35.5,162.36,1.29,37.94,57.33,0.74,36.87,healthy,normal
2025-01-01T03:27:45+00:00,ac-2,access_switch,31.79,1.09,24.01,112.57,3.07,54.46,56.4,0.47,48.17,healthy,normal
2025-01-01T03:27:50+00:00,se-4,server,477.14,85.84,10.36,20.9,79.73,45.97,50.0,31.1,10.07,offline,link_failure
2025-01-01T03:27:55+00:00,da-2,database,38.5,0.0,42.8,150.74,1.56,36.14,31.43,0.09,33.33,healthy,normal
2025-01-01T03:28:00+00:00,co-8,core_switch,268.49,88.04,21.69,5.47,66.22,47.68,68.1,33.01,3.62,offline,link_failure
2025-01-01T03:28:05+00:00,ac-5,access_switch,145.14,9.23,94.26,87.84,13.94,47.15,59.66,1.19,88.09,warning,congestion
2025-01-01T03:28:10+00:00,ro-8,router,483.8,92.56,3.76,5.46,98.51,4.21,5.47,78.71,1.64,offline,device_failure
2025-01-01T03:28:15+00:00,co-3,core_switch,168.91,2.43,81.72,116.02,16.03,94.38,85.04,5.67,45.22,warning,device_overload
2025-01-01T03:28:20+00:00,ro-1,router,29.3,0.45,42.41,197.19,5.84,16.03,43.46,0.88,53.79,healthy,normal
2025-01-01T03:28:25+00:00,ac-8,access_switch,34.75,0.84,44.84,261.99,4.26,38.13,51.02,0.57,29.53,healthy,normal
2025-01-01T03:28:30+00:00,se-1,server,35.18,0.92,19.09,153.52,1.3,33.67,64.27,0.69,49.16,healthy,normal
2025-01-01T03:28:35+00:00,da-2,database,10.46,0.53,41.07,164.32,2.21,34.59,49.28,0.27,62.54,healthy,normal
2025-01-01T03:28:40+00:00,cl-4,client,341.87,93.51,19.41,17.86,77.18,62.51,40.3,42.55,10.31,offline,link_failure
2025-01-01T03:28:45+00:00,se-7,server,99.65,7.91,67.13,114.74,19.78,90.24,91.19,1.63,67.73,warning,device_overload
2025-01-01T03:28:50+00:00,da-8,database,262.03,94.83,7.8,14.55,54.2,34.35,35.07,21.83,2.84,warning,link_failure
2025-01-01T03:28:55+00:00,co-4,core_switch,11.44,1.29,48.31,292.31,2.83,32.7,50.76,0.58,28.79,healthy,normal
2025-01-01T03:29:00+00:00,co-6,core_switch,18.04,0.61,33.51,329.28,1.77,19.6,39.65,0.03,27.23,healthy,normal
2025-01-01T03:29:05+00:00,ro-1,router,16.71,1.3,37.72,173.96,3.02,55.71,49.85,0.05,39.8,healthy,normal
2025-01-01T03:29:10+00:00,ac-8,access_switch,23.77,1.37,23.76,273.17,1.23,18.65,31.81,0.73,17.3,healthy,normal
2025-01-01T03:29:15+00:00,cl-7,client,389.63,99.41,12.13,9.81,60.16,61.68,28.3,45.34,11.5,offline,link_failure
2025-01-01T03:29:20+00:00,ac-2,access_switch,20.04,0.9,28.1,192.02,5.19,33.72,55.47,0.36,20.22,healthy,normal
2025-01-01T03:29:25+00:00,ac-6,access_switch,33.97,1.15,19.22,238.95,4.88,36.69,58.75,0.01,66.56,healthy,normal
2025-01-01T03:29:30+00:00,ro-3,router,132.0,8.49,98.27,476.39,18.84,95.34,71.24,2.23,99.14,warning,traffic_spike
2025-01-01T03:29:35+00:00,da-2,database,281.22,92.81,7.84,2.99,93.24,4.03,8.06,71.95,5.92,warning,device_failure
2025-01-01T03:29:40+00:00,da-7,database,162.18,4.98,90.36,125.83,14.0,45.29,42.41,2.87,99.27,warning,congestion
2025-01-01T03:29:45+00:00,co-3,core_switch,193.93,15.37,97.44,157.93,36.81,76.36,77.61,1.1,98.86,warning,congestion
2025-01-01T03:29:50+00:00,da-7,database,69.63,7.74,53.8,164.73,8.19,88.73,93.22,2.14,50.8,warning,device_overload
2025-01-01T03:29:55+00:00,ac-1,access_switch,181.53,15.32,97.06,102.14,29.58,79.62,58.96,3.18,93.78,warning,congestion
2025-01-01T03:30:00+00:00,cl-8,client,18.16,0.01,36.77,125.02,5.57,57.63,31.98,0.37,65.77,healthy,normal
2025-01-01T03:30:05+00:00,ro-4,router,39.34,1.49,45.82,292.64,5.7,34.32,45.58,0.08,20.73,healthy,normal
2025-01-01T03:30:10+00:00,ro-2,router,163.6,14.79,94.34,57.13,29.37,68.87,50.28,5.08,97.81,warning,congestion
2025-01-01T03:30:15+00:00,co-1,core_switch,71.39,4.86,98.5,678.9,17.91,89.62,55.16,2.43,91.51,warning,traffic_spike
2025-01-01T03:30:20+00:00,ac-6,access_switch,29.2,0.83,50.31,264.25,5.98,51.7,61.22,0.79,51.6,healthy,normal
2025-01-01T03:30:25+00:00,da-7,database,158.92,1.34,56.53,59.16,9.61,86.91,96.07,6.9,79.08,warning,device_overload
2025-01-01T03:30:30+00:00,ro-7,router,35.15,1.16,62.25,305.79,4.8,26.39,56.87,0.73,58.67,healthy,normal
2025-01-01T03:30:35+00:00,cl-8,client,474.9,91.08,8.04,4.41,57.98,5.1,4.56,50.43,7.0,warning,device_failure
2025-01-01T03:30:40+00:00,se-1,server,28.9,1.22,52.79,292.3,5.54,16.56,60.42,0.62,38.75,healthy,normal
2025-01-01T03:30:45+00:00,se-4,server,31.9,0.96,60.98,186.65,4.2,36.92,30.23,0.88,19.07,healthy,normal
2025-01-01T03:30:50+00:00,da-1,database,19.29,0.54,61.71,329.3,3.1,34.4,37.91,0.17,54.58,healthy,normal
2025-01-01T03:30:55+00:00,se-7,server,194.15,11.26,97.93,144.83,17.08,48.54,75.77,6.8,92.94,warning,congestion
2025-01-01T03:31:00+00:00,cl-7,client,102.9,15.87,94.43,88.79,25.49,66.55,42.52,6.8,99.47,warning,congestion
2025-01-01T03:31:05+00:00,da-8,database,40.63,0.13,53.65,195.13,4.8,39.31,43.16,0.69,31.04,healthy,normal
2025-01-01T03:31:10+00:00,ac-7,access_switch,212.04,11.13,93.73,142.19,22.74,69.07,46.5,3.22,88.2,warning,congestion
2025-01-01T03:31:15+00:00,se-5,server,11.43,0.09,35.1,315.65,5.75,24.28,55.54,0.13,22.69,healthy,normal
2025-01-01T03:31:20+00:00,co-6,core_switch,14.84,1.24,36.34,117.45,3.51,48.53,46.99,0.56,46.21,healthy,normal
2025-01-01T03:31:25+00:00,se-6,server,488.06,88.68,7.73,0.07,64.8,8.79,3.19,45.96,0.7,warning,device_failure
2025-01-01T03:31:30+00:00,da-7,database,185.0,89.15,18.25,5.52,69.83,30.9,30.96,52.3,2.22,warning,link_failure
2025-01-01T03:31:35+00:00,co-5,core_switch,217.88,14.67,86.85,54.17,33.17,78.62,65.06,1.45,98.07,warning,congestion
2025-01-01T03:31:40+00:00,da-8,database,368.24,91.18,9.07,6.86,82.45,7.62,12.26,61.49,6.1,offline,device_failure
2025-01-01T03:31:45+00:00,ac-1,access_switch,34.2,0.15,23.39,314.72,1.57,19.17,45.65,0.85,60.01,healthy,normal
2025-01-01T03:31:50+00:00,da-2,database,100.2,7.23,99.52,823.97,19.34,72.52,61.81,4.88,93.44,warning,traffic_spike
2025-01-01T03:31:55+00:00,da-7,database,35.94,1.02,35.0,214.16,5.86,49.93,62.32,0.78,36.68,healthy,normal
2025-01-01T03:32:00+00:00,ac-3,access_switch,238.63,93.2,10.87,15.04,48.87,33.29,33.73,48.77,3.65,offline,link_failure
2025-01-01T03:32:05+00:00,se-3,server,27.71,0.5,64.29,165.39,2.7,39.93,47.2,0.46,39.53,healthy,normal
2025-01-01T03:32:10+00:00,ac-8,access_switch,22.69,0.65,61.01,265.89,3.57,39.32,66.67,0.27,51.75,healthy,normal
2025-01-01T03:32:15+00:00,se-3,server,245.02,93.67,2.08,5.47,90.19,8.6,5.46,54.79,1.52,warning,device_failure
2025-01-01T03:32:20+00:00,cl-3,client,22.68,0.14,48.78,215.77,2.34,55.43,27.62,0.71,28.69,healthy,normal
2025-01-01T03:32:25+00:00,ro-1,router,35.77,0.12,61.33,188.2,3.87,54.03,40.81,0.28,51.81,healthy,normal
2025-01-01T03:32:30+00:00,co-4,core_switch,12.21,1.19,57.96,131.27,1.44,53.31,33.98,0.74,61.13,healthy,normal
2025-01-01T03:32:35+00:00,se-7,server,432.6,85.09,2.03,18.0,74.78,55.63,39.22,33.25,10.8,warning,link_failure
2025-01-01T03:32:40+00:00,cl-6,client,36.04,1.08,47.46,271.41,3.52,19.15,65.03,0.46,17.79,healthy,normal
2025-01-01T03:32:45+00:00,co-3,core_switch,329.74,79.14,10.04,23.46,43.18,25.74,67.44,46.25,0.81,warning,link_failure
2025-01-01T03:32:50+00:00,co-2,core_switch,69.42,3.49,98.45,587.53,19.13,95.88,66.68,1.8,92.07,warning,traffic_spike
2025-01-01T03:32:55+00:00,ac-4,access_switch,35.52,0.83,32.55,213.75,5.26,26.51,44.2,0.2,35.02,healthy,normal
2025-01-01T03:33:00+00:00,ac-1,access_switch,411.5,93.39,9.62,1.11,92.01,6.6,2.17,82.6,1.45,offline,device_failure
2025-01-01T03:33:05+00:00,da-3,database,73.91,6.8,53.5,170.61,13.65,99.42,86.64,4.89,56.25,warning,device_overload
2025-01-01T03:33:10+00:00,se-5,server,32.67,0.32,27.68,297.11,5.51,47.49,39.85,0.53,58.6,healthy,normal
2025-01-01T03:33:15+00:00,cl-1,client,215.52,8.81,99.43,44.22,19.1,58.04,50.34,2.09,89.53,warning,congestion
2025-01-01T03:33:20+00:00,co-6,core_switch,101.89,7.82,94.94,919.84,9.83,97.0,75.0,4.92,97.98,warning,traffic_spike
2025-01-01T03:33:25+00:00,co-5,core_switch,15.8,0.04,36.27,161.71,3.7,18.98,57.31,0.02,44.07,healthy,normal
2025-01-01T03:33:30+00:00,co-5,core_switch,367.78,86.81,1.83,9.86,50.28,35.73,41.99,64.32,9.94,offline,link_failure
2025-01-01T03:33:35+00:00,ac-5,access_switch,79.2,5.36,64.99,156.89,21.74,88.92,97.65,2.35,74.64,warning,device_overload
2025-01-01T03:33:40+00:00,se-3,server,25.64,0.69,42.42,214.77,2.7,24.43,58.69,0.38,25.85,healthy,normal
2025-01-01T03:33:45+00:00,ro-2,router,355.45,78.16,17.91,13.33,87.6,49.36,62.57,28.06,14.16,offline,link_failure
2025-01-01T03:33:50+00:00,co-1,core_switch,413.49,93.88,4.06,2.91,46.52,1.13,1.15,68.54,2.67,warning,device_failure
2025-01-01T03:33:55+00:00,ro-5,router,126.04,12.99,90.02,72.64,28.08,73.05,51.42,4.51,86.18,warning,congestion
2025-01-01T03:34:00+00:00,cl-7,client,13.11,1.4,54.53,309.63,2.1,35.71,50.65,0.28,47.7,healthy,normal
2025-01-01T03:34:05+00:00,da-2,database,322.51,98.87,2.24,5.29,46.47,5.45,13.14,55.95,5.33,offline,device_failure
2025-01-01T03:34:10+00:00,co-1,core_switch,28.69,0.59,20.12,149.87,1.81,23.15,37.44,0.61,17.97,healthy,normal
2025-01-01T03:34:15+00:00,se-8,server,227.23,14.75,98.49,120.66,24.19,69.59,69.11,3.18,98.81,warning,congestion
2025-01-01T03:34:20+00:00,co-3,core_switch,34.58,0.73,18.33,135.44,2.55,45.5,28.22,0.87,50.15,healthy,normal
2025-01-01T03:34:25+00:00,co-7,core_switch,10.15,1.45,37.93,184.87,3.44,45.95,62.17,0.62,36.85,healthy,normal
2025-01-01T03:34:30+00:00,da-6,database,31.55,0.71,62.26,220.21,5.93,36.55,60.52,0.83,45.74,healthy,normal
2025-01-01T03:34:35+00:00,cl-7,client,303.93,98.6,0.51,3.06,53.27,4.75,6.9,58.34,6.42,offline,device_failure
2025-01-01T03:34:40+00:00,da-5,database,428.55,94.22,6.56,3.1,79.05,9.83,8.86,88.48,5.96,offline,device_failure
2025-01-01T03:34:45+00:00,cl-4,client,18.8,0.67,29.88,180.34,0.99,43.73,35.14,0.7,27.55,healthy,normal
2025-01-01T03:34:50+00:00,da-1,database,27.89,0.41,57.09,225.33,2.87,54.53,52.23,0.23,60.63,healthy,normal
2025-01-01T03:34:55+00:00,ac-5,access_switch,27.73,1.41,54.32,216.05,0.84,25.33,33.5,0.66,34.34,healthy,normal
2025-01-01T03:35:00+00:00,co-3,core_switch,33.09,0.18,37.13,193.55,5.88,38.62,54.65,0.25,55.6,healthy,normal
2025-01-01T03:35:05+00:00,se-4,server,11.77,1.2,30.92,187.38,4.55,32.38,31.77,0.89,28.39,healthy,normal
2025-01-01T03:35:10+00:00,ro-1,router,35.67,1.32,37.16,223.64,5.32,35.34,49.58,0.19,61.32,healthy,normal
2025-01-01T03:35:15+00:00,se-5,server,113.29,4.13,99.8,816.45,26.02,93.91,78.33,1.61,98.51,warning,traffic_spike
2025-01-01T03:35:20+00:00,se-4,server,129.0,6.56,93.69,484.62,19.89,91.48,76.93,3.91,92.84,warning,traffic_spike
2025-01-01T03:35:25+00:00,ro-1,router,278.34,93.87,0.45,6.43,51.06,10.49,4.59,56.55,7.81,offline,device_failure
2025-01-01T03:35:30+00:00,se-8,server,28.11,0.7,42.36,329.09,5.29,15.98,27.84,0.23,61.25,healthy,normal
2025-01-01T03:35:35+00:00,cl-6,client,18.63,1.42,42.82,156.28,2.58,57.56,64.1,0.6,54.96,healthy,normal
2025-01-01T03:35:40+00:00,se-1,server,81.36,4.27,74.05,171.2,14.53,92.06,91.53,4.37,72.37,warning,device_overload
2025-01-01T03:35:45+00:00,da-2,database,139.73,6.8,90.87,782.2,26.45,93.88,71.66,1.07,94.92,warning,traffic_spike
2025-01-01T03:35:50+00:00,da-5,database,40.72,0.15,52.61,155.56,5.55,37.42,65.15,0.4,32.39,healthy,normal
2025-01-01T03:35:55+00:00,ro-8,router,126.56,6.31,70.12,156.77,20.52,91.09,98.18,6.73,56.5,warning,device_overload
2025-01-01T03:36:00+00:00,se-4,server,34.36,1.02,32.17,226.8,2.2,58.6,59.44,0.21,41.91,healthy,normal
2025-01-01T03:36:05+00:00,se-6,server,377.98,91.32,0.16,6.99,45.74,25.82,33.68,22.6,0.18,warning,link_failure
2025-01-01T03:36:10+00:00,se-4,server,35.34,1.18,55.77,166.39,4.64,18.72,45.67,0.47,53.8,healthy,normal
2025-01-01T03:36:15+00:00,ac-5,access_switch,229.11,14.67,92.36,125.67,35.43,81.87,63.15,1.14,99.94,warning,congestion
2025-01-01T03:36:20+00:00,ro-8,router,111.37,4.97,88.06,779.49,14.85,80.7,73.75,0.74,97.43,warning,traffic_spike
2025-01-01T03:36:25+00:00,cl-1,client,38.77,0.91,46.11,246.94,2.78,24.85,66.21,0.74,23.59,healthy,normal
2025-01-01T03:36:30+00:00,se-6,server,18.47,0.0,29.51,206.84,4.14,20.28,39.54,0.72,58.76,healthy,normal
2025-01-01T03:36:35+00:00,cl-3,client,236.95,89.75,9.75,4.87,56.83,6.7,12.9,35.24,2.34,offline,device_failure
2025-01-01T03:36:40+00:00,cl-3,client,32.39,1.14,50.56,194.59,3.49,51.35,26.44,0.48,21.47,healthy,normal
2025-01-01T03:36:45+00:00,da-4,database,164.66,1.39,83.43,95.14,11.61,92.28,98.64,3.51,77.53,warning,device_overload
2025-01-01T03:36:50+00:00,se-4,server,28.78,0.79,53.18,169.6,4.53,43.71,38.41,0.47,20.46,healthy,normal
2025-01-01T03:36:55+00:00,da-3,database,462.08,90.25,5.15,1.1,96.25,10.22,8.22,82.74,0.79,warning,device_failure
2025-01-01T03:37:00+00:00,ac-6,access_switch,30.69,1.03,54.38,282.36,4.24,18.57,63.83,0.53,27.67,healthy,normal
2025-01-01T03:37:05+00:00,ro-7,router,120.51,8.82,95.45,844.03,13.24,83.05,64.73,3.54,93.39,warning,traffic_spike
2025-01-01T03:37:10+00:00,ac-5,access_switch,388.0,89.38,7.13,2.6,46.67,6.87,9.16,50.85,5.69,offline,device_failure
2025-01-01T03:37:15+00:00,ac-1,access_switch,24.2,1.28,46.0,189.44,4.88,42.06,59.2,0.84,34.15,healthy,normal
2025-01-01T03:37:20+00:00,da-2,database,37.48,0.76,51.45,256.09,3.12,49.92,37.2,0.69,38.51,healthy,normal
2025-01-01T03:37:25+00:00,se-5,server,21.91,1.31,35.39,303.46,1.41,24.76,43.68,0.77,53.31,healthy,normal
2025-01-01T03:37:30+00:00,co-8,core_switch,396.24,88.2,0.62,2.28,63.2,4.37,13.77,65.11,2.48,offline,device_failure
2025-01-01T03:37:35+00:00,se-8,server,163.08,7.45,78.82,69.25,13.82,88.76,93.02,6.52,73.34,warning,device_overload
2025-01-01T03:37:40+00:00,co-6,core_switch,21.65,0.33,60.38,314.63,4.84,34.39,35.59,0.66,16.08,healthy,normal
2025-01-01T03:37:45+00:00,co-3,core_switch,25.71,1.02,36.67,153.42,1.13,27.74,40.18,0.1,47.64,healthy,normal
2025-01-01T03:37:50+00:00,se-1,server,11.79,0.42,35.13,232.25,4.91,30.89,51.39,0.3,58.2,healthy,normal
2025-01-01T03:37:55+00:00,co-2,core_switch,93.16,6.47,99.64,535.2,15.46,97.1,75.01,3.65,98.61,warning,traffic_spike
2025-01-01T03:38:00+00:00,da-1,database,27.94,1.17,34.74,111.71,5.94,48.47,28.03,0.45,54.47,healthy,normal
2025-01-01T03:38:05+00:00,co-2,core_switch,25.16,0.56,33.49,213.74,2.47,22.14,51.53,0.52,45.32,healthy,normal
2025-01-01T03:38:10+00:00,da-7,database,38.39,1.17,46.95,322.42,5.33,45.07,42.49,0.47,64.69,healthy,normal
2025-01-01T03:38:15+00:00,da-6,database,113.16,2.2,89.06,610.59,23.8,84.56,72.69,0.92,93.69,warning,traffic_spike
2025-01-01T03:38:20+00:00,ro-3,router,22.99,0.07,46.72,151.77,4.32,25.68,33.55,0.51,27.64,healthy,normal
2025-01-01T03:38:25+00:00,co-1,core_switch,181.52,14.67,92.24,122.72,25.49,79.91,77.79,1.38,93.45,warning,congestion
2025-01-01T03:38:30+00:00,ac-5,access_switch,40.48,0.67,22.67,276.3,4.82,34.45,34.93,0.79,60.8,healthy,normal
2025-01-01T03:38:35+00:00,cl-4,client,310.72,96.39,1.86,1.49,87.13,5.22,6.73,43.19,6.53,warning,device_failure
2025-01-01T03:38:40+00:00,ro-5,router,24.82,0.84,54.03,278.3,4.76,41.97,43.1,0.22,45.88,healthy,normal
2025-01-01T03:38:45+00:00,da-2,database,138.56,4.85,62.75,170.39,11.36,93.93,88.98,4.69,73.54,warning,device_overload
2025-01-01T03:38:50+00:00,ac-7,access_switch,36.09,0.33,55.28,245.65,2.54,19.13,38.39,0.73,35.98,healthy,normal
2025-01-01T03:38:55+00:00,co-5,core_switch,61.18,2.07,60.15,162.18,19.14,97.86,99.02,6.64,56.54,warning,device_overload
2025-01-01T03:39:00+00:00,se-7,server,92.65,9.97,94.23,899.78,10.43,97.59,56.92,1.13,97.82,warning,traffic_spike
2025-01-01T03:39:05+00:00,cl-3,client,18.52,0.84,24.46,308.73,1.98,24.35,45.38,0.5,29.03,healthy,normal
2025-01-01T03:39:10+00:00,cl-2,client,73.34,5.31,99.04,776.35,27.79,96.91,68.84,1.6,99.28,warning,traffic_spike
2025-01-01T03:39:15+00:00,ac-6,access_switch,382.73,84.58,8.79,19.67,84.96,64.14,63.81,40.72,6.94,offline,link_failure
2025-01-01T03:39:20+00:00,ro-6,router,98.79,6.95,50.27,108.41,18.98,95.12,88.18,2.79,70.87,warning,device_overload
2025-01-01T03:39:25+00:00,se-4,server,15.3,0.05,37.32,166.18,3.06,23.68,35.06,0.23,17.2,healthy,normal
2025-01-01T03:39:30+00:00,ro-7,router,24.18,0.68,22.69,191.1,1.06,29.66,51.79,0.08,65.49,healthy,normal
2025-01-01T03:39:35+00:00,cl-1,client,35.74,0.61,47.49,161.8,2.45,53.35,38.06,0.49,47.55,healthy,normal
2025-01-01T03:39:40+00:00,co-3,core_switch,118.86,6.01,99.15,870.53,16.22,97.85,57.07,2.7,95.91,warning,traffic_spike
2025-01-01T03:39:45+00:00,ac-4,access_switch,344.39,72.04,0.89,23.56,78.02,47.7,28.64,57.06,0.78,warning,link_failure
2025-01-01T03:39:50+00:00,co-2,core_switch,26.92,0.52,60.31,253.95,5.13,28.3,60.6,0.37,47.14,healthy,normal
2025-01-01T03:39:55+00:00,co-8,core_switch,10.61,0.27,46.97,204.43,5.78,51.08,33.49,0.81,41.2,healthy,normal
2025-01-01T03:40:00+00:00,ac-1,access_switch,30.08,0.72,60.15,268.3,1.44,16.81,27.38,0.54,22.96,healthy,normal
2025-01-01T03:40:05+00:00,co-2,core_switch,91.13,6.7,91.45,823.75,12.02,81.8,60.74,2.51,99.66,warning,traffic_spike
2025-01-01T03:40:10+00:00,ac-4,access_switch,12.65,0.19,31.25,285.97,1.73,34.12,39.46,0.77,24.13,healthy,normal
2025-01-01T03:40:15+00:00,ro-7,router,40.98,0.51,19.04,277.82,2.1,29.66,38.89,0.38,63.89,healthy,normal
2025-01-01T03:40:20+00:00,cl-4,client,91.47,9.13,96.97,500.55,22.48,71.38,50.29,4.82,99.03,warning,traffic_spike
2025-01-01T03:40:25+00:00,cl-8,client,241.25,94.95,3.19,7.66,87.49,11.66,1.17,63.74,6.8,offline,device_failure
2025-01-01T03:40:30+00:00,cl-4,client,35.93,1.46,35.15,285.06,3.79,25.33,54.64,0.21,47.74,healthy,normal
2025-01-01T03:40:35+00:00,da-5,database,33.49,1.05,63.51,301.59,2.98,36.29,26.47,0.4,30.43,healthy,normal
2025-01-01T03:40:40+00:00,ro-4,router,11.03,0.41,36.61,168.31,4.7,50.29,51.64,0.62,53.44,healthy,normal
2025-01-01T03:40:45+00:00,co-1,core_switch,129.17,14.27,94.09,48.42,30.46,65.14,43.18,2.9,86.7,warning,congestion
2025-01-01T03:40:50+00:00,ac-7,access_switch,34.79,1.09,28.54,201.66,4.77,15.29,45.21,0.7,51.39,healthy,normal
2025-01-01T03:40:55+00:00,cl-1,client,10.09,1.23,60.29,136.29,4.81,26.86,43.84,0.4,48.27,healthy,normal
2025-01-01T03:41:00+00:00,se-1,server,36.51,1.12,38.72,134.49,1.76,46.67,62.45,0.15,61.72,healthy,normal
2025-01-01T03:41:05+00:00,co-8,core_switch,254.98,95.7,8.47,2.99,74.11,5.45,8.47,55.62,2.84,offline,device_failure
2025-01-01T03:41:10+00:00,cl-4,client,40.97,1.16,29.23,277.96,1.16,17.57,39.28,0.33,57.92,healthy,normal
2025-01-01T03:41:15+00:00,se-4,server,17.92,0.98,40.94,156.61,5.42,27.94,45.98,0.47,52.1,healthy,normal
2025-01-01T03:41:20+00:00,ac-1,access_switch,22.34,1.06,55.67,175.12,5.96,30.97,30.57,0.67,44.69,healthy,normal
2025-01-01T03:41:25+00:00,ac-8,access_switch,56.93,5.98,99.29,617.28,15.37,85.3,64.89,4.41,94.69,warning,traffic_spike
2025-01-01T03:41:30+00:00,ac-7,access_switch,68.25,9.53,90.19,484.22,21.23,72.8,50.99,1.08,99.32,warning,traffic_spike
2025-01-01T03:41:35+00:00,se-2,server,73.95,4.05,79.43,57.7,8.88,99.86,98.18,6.52,63.75,warning,device_overload
2025-01-01T03:41:40+00:00,cl-2,client,28.87,1.27,18.16,232.26,4.2,17.2,62.38,0.9,40.98,healthy,normal
2025-01-01T03:41:45+00:00,co-1,core_switch,21.03,1.27,49.41,261.87,3.2,52.05,61.45,0.71,19.4,healthy,normal
2025-01-01T03:41:50+00:00,se-3,server,140.23,4.55,80.24,68.58,16.01,91.98,94.5,6.15,84.08,warning,device_overload
2025-01-01T03:41:55+00:00,ro-8,router,24.39,0.95,63.2,189.64,4.42,40.33,28.93,0.53,23.7,healthy,normal
2025-01-01T03:42:00+00:00,ro-4,router,21.79,0.36,61.59,293.46,5.66,44.83,59.07,0.66,55.69,healthy,normal
2025-01-01T03:42:05+00:00,ac-1,access_switch,92.06,8.28,90.22,137.11,34.86,71.73,56.98,3.84,91.08,warning,congestion
2025-01-01T03:42:10+00:00,co-2,core_switch,25.68,0.74,41.95,317.65,2.27,35.3,34.51,0.78,46.94,healthy,normal
2025-01-01T03:42:15+00:00,cl-6,client,135.28,3.15,66.48,105.33,16.67,94.26,96.03,2.24,51.22,warning,device_overload
2025-01-01T03:42:20+00:00,ro-4,router,11.97,0.57,29.95,250.89,1.44,32.17,45.6,0.52,44.57,healthy,normal
2025-01-01T03:42:25+00:00,da-4,database,73.97,3.91,88.45,737.29,12.91,84.65,71.16,0.68,96.41,warning,traffic_spike
2025-01-01T03:42:30+00:00,da-8,database,139.22,6.83,97.33,63.13,29.93,46.97,63.54,2.66,93.68,warning,congestion
2025-01-01T03:42:35+00:00,se-2,server,13.64,0.84,36.95,297.99,3.86,28.07,40.21,0.41,44.67,healthy,normal
2025-01-01T03:42:40+00:00,co-3,core_switch,28.53,0.12,48.31,222.35,2.55,56.97,58.9,0.51,29.4,healthy,normal
2025-01-01T03:42:45+00:00,se-1,server,274.88,99.03,15.24,11.88,58.95,58.03,28.71,33.53,1.33,offline,link_failure
2025-01-01T03:42:50+00:00,ac-4,access_switch,19.66,0.48,34.44,220.64,4.42,18.09,38.54,0.32,59.57,healthy,normal
2025-01-01T03:42:55+00:00,se-3,server,11.61,0.41,19.63,283.19,2.78,46.58,40.42,0.58,66.57,healthy,normal
2025-01-01T03:43:00+00:00,da-5,database,16.31,0.86,37.13,193.06,5.1,35.73,24.21,0.47,31.4,healthy,normal
2025-01-01T03:43:05+00:00,da-5,database,17.29,1.38,48.23,169.97,4.97,17.72,55.54,0.01,22.59,healthy,normal
2025-01-01T03:43:10+00:00,cl-8,client,18.33,0.29,31.09,238.6,1.4,58.1,28.7,0.47,18.69,healthy,normal
2025-01-01T03:43:15+00:00,cl-7,client,173.64,15.26,93.91,67.84,16.05,76.36,64.6,2.47,92.28,warning,congestion
2025-01-01T03:43:20+00:00,co-5,core_switch,126.69,9.1,88.93,473.68,22.33,69.13,57.17,2.56,93.96,warning,traffic_spike
2025-01-01T03:43:25+00:00,se-5,server,156.78,7.15,51.45,80.3,20.31,90.68,89.17,3.91,51.99,warning,device_overload
2025-01-01T03:43:30+00:00,ro-4,router,85.75,4.01,92.67,777.51,11.39,87.91,71.65,0.52,98.37,warning,traffic_spike
2025-01-01T03:43:35+00:00,se-4,server,31.33,0.34,36.09,310.88,5.58,51.06,64.74,0.75,28.48,healthy,normal
2025-01-01T03:43:40+00:00,cl-1,client,107.97,6.57,54.99,132.04,20.65,87.08,91.06,7.97,60.37,warning,device_overload
2025-01-01T03:43:45+00:00,ac-3,access_switch,12.39,0.95,52.69,272.85,0.8,22.67,36.81,0.1,32.57,healthy,normal
2025-01-01T03:43:50+00:00,da-1,database,38.97,0.51,29.9,292.6,3.55,57.94,38.77,0.11,26.35,healthy,normal
2025-01-01T03:43:55+00:00,se-6,server,33.39,0.02,42.34,325.72,3.91,56.45,38.46,0.39,54.47,healthy,normal
2025-01-01T03:44:00+00:00,ro-8,router,30.7,0.15,35.54,214.16,1.69,17.68,38.48,0.66,30.81,healthy,normal
2025-01-01T03:44:05+00:00,ro-2,router,30.58,0.15,31.31,235.49,5.53,27.17,28.97,0.1,15.36,healthy,normal
2025-01-01T03:44:10+00:00,da-6,database,32.19,0.6,45.13,151.7,1.43,53.46,42.14,0.14,62.1,healthy,normal
2025-01-01T03:44:15+00:00,cl-8,client,311.53,88.52,0.52,7.22,80.56,8.42,6.1,88.88,4.11,warning,device_failure
2025-01-01T03:44:20+00:00,se-6,server,175.51,10.53,94.75,59.09,16.85,74.57,46.49,4.97,92.4,warning,congestion
2025-01-01T03:44:25+00:00,da-2,database,165.01,3.19,55.92,141.3,8.98,98.72,89.01,6.57,75.93,warning,device_overload
2025-01-01T03:44:30+00:00,ro-2,router,99.26,4.74,88.35,57.86,14.66,59.9,73.6,5.61,98.42,warning,congestion
2025-01-01T03:44:35+00:00,co-5,core_switch,39.89,1.46,52.18,142.46,4.58,48.06,35.08,0.16,35.44,healthy,normal
2025-01-01T03:44:40+00:00,cl-3,client,232.71,89.67,2.47,6.68,86.67,3.04,3.38,58.32,6.4,warning,device_failure
2025-01-01T03:44:45+00:00,se-5,server,438.64,95.43,7.32,5.21,79.9,7.93,8.26,64.44,5.12,offline,device_failure
2025-01-01T03:44:50+00:00,se-7,server,136.9,4.42,99.66,773.39,25.91,82.98,82.8,0.84,94.49,warning,traffic_spike
2025-01-01T03:44:55+00:00,ac-1,access_switch,10.65,1.25,50.85,304.14,2.73,18.29,54.27,0.73,54.23,healthy,normal
2025-01-01T03:45:00+00:00,se-3,server,265.1,84.93,21.44,8.27,40.97,35.59,66.61,39.66,14.59,offline,link_failure
2025-01-01T03:45:05+00:00,da-4,database,108.42,5.88,98.13,798.7,27.07,89.29,58.89,2.98,96.99,warning,traffic_spike
2025-01-01T03:45:10+00:00,cl-2,client,35.76,0.25,61.61,236.84,5.52,44.16,66.69,0.56,55.41,healthy,normal
2025-01-01T03:45:15+00:00,cl-7,client,26.51,0.72,64.24,312.1,2.23,44.28,34.22,0.81,38.74,healthy,normal
2025-01-01T03:45:20+00:00,ro-6,router,126.56,1.5,48.23,112.56,16.26,88.62,85.29,2.34,55.73,warning,device_overload
2025-01-01T03:45:25+00:00,cl-1,client,99.81,6.71,84.34,189.55,7.05,92.71,84.1,4.91,84.51,warning,device_overload
2025-01-01T03:45:30+00:00,da-5,database,114.28,6.88,97.51,625.75,23.64,81.68,69.17,3.67,94.15,warning,traffic_spike
2025-01-01T03:45:35+00:00,co-1,core_switch,423.56,97.53,7.88,14.66,79.39,44.86,59.77,32.51,3.08,offline,link_failure
2025-01-01T03:45:40+00:00,da-6,database,85.3,3.57,98.15,522.57,8.69,77.82,52.56,1.82,95.82,warning,traffic_spike
2025-01-01T03:45:45+00:00,cl-6,client,13.51,1.12,61.42,131.89,3.9,37.4,39.08,0.61,65.82,healthy,normal
2025-01-01T03:45:50+00:00,se-6,server,428.22,88.12,8.54,5.87,58.85,5.89,6.95,85.69,1.14,warning,device_failure
2025-01-01T03:45:55+00:00,co-7,core_switch,37.72,0.73,41.61,288.16,5.32,58.1,67.69,0.18,64.7,healthy,normal
2025-01-01T03:46:00+00:00,co-2,core_switch,76.09,1.56,47.53,161.98,15.42,94.71,95.61,6.25,60.19,warning,device_overload
2025-01-01T03:46:05+00:00,cl-6,client,466.88,99.45,1.2,7.23,69.27,3.81,8.14,48.43,6.85,offline,device_failure
2025-01-01T03:46:10+00:00,co-2,core_switch,62.89,6.85,99.45,546.92,27.76,94.93,87.86,2.77,91.62,warning,traffic_spike
2025-01-01T03:46:15+00:00,se-6,server,35.01,0.87,30.19,292.72,0.94,51.63,47.43,0.46,15.97,healthy,normal
2025-01-01T03:46:20+00:00,ac-6,access_switch,142.26,5.74,81.71,72.41,15.01,90.26,95.3,1.17,48.75,warning,device_overload
2025-01-01T03:46:25+00:00,da-5,database,41.12,0.09,47.82,213.53,3.12,50.66,32.43,0.68,29.64,healthy,normal
2025-01-01T03:46:30+00:00,se-1,server,115.4,5.54,83.35,64.4,20.1,63.34,49.67,2.23,90.28,warning,congestion
2025-01-01T03:46:35+00:00,se-6,server,12.12,0.07,18.98,295.56,0.81,15.54,36.86,0.18,27.19,healthy,normal
2025-01-01T03:46:40+00:00,cl-8,client,28.28,0.2,51.88,277.16,5.99,45.81,29.63,0.21,64.93,healthy,normal
2025-01-01T03:46:45+00:00,cl-8,client,14.18,0.13,35.76,281.84,4.5,51.03,50.4,0.68,63.93,healthy,normal
2025-01-01T03:46:50+00:00,cl-8,client,156.21,9.71,90.45,88.24,13.65,63.5,58.73,1.46,97.06,warning,congestion
2025-01-01T03:46:55+00:00,ro-4,router,174.13,11.72,96.6,45.42,25.17,53.32,51.9,1.7,89.54,warning,congestion
2025-01-01T03:47:00+00:00,da-7,database,39.74,1.21,21.97,272.04,3.17,47.59,36.34,0.48,61.74,healthy,normal
2025-01-01T03:47:05+00:00,da-7,database,34.92,1.09,19.88,247.8,4.94,30.65,45.32,0.29,32.24,healthy,normal
2025-01-01T03:47:10+00:00,da-2,database,34.55,0.81,33.29,255.57,4.55,16.48,63.62,0.74,46.25,healthy,normal
2025-01-01T03:47:15+00:00,da-2,database,382.28,80.85,0.68,9.85,60.99,58.13,67.13,20.38,17.59,warning,link_failure
2025-01-01T03:47:20+00:00,cl-6,client,239.17,87.65,6.14,1.32,83.72,36.16,55.5,52.35,13.6,warning,link_failure
2025-01-01T03:47:25+00:00,ac-5,access_switch,167.75,6.95,63.01,181.77,15.26,94.31,90.61,4.28,86.61,warning,device_overload
2025-01-01T03:47:30+00:00,da-3,database,403.97,98.77,1.35,7.79,50.82,11.1,10.36,60.05,1.12,offline,device_failure
2025-01-01T03:47:35+00:00,ac-1,access_switch,148.44,5.33,64.78,185.94,22.79,96.95,88.72,1.74,64.07,warning,device_overload
2025-01-01T03:47:40+00:00,da-1,database,162.64,2.96,82.7,58.1,18.1,90.35,90.84,4.38,67.44,warning,device_overload
2025-01-01T03:47:45+00:00,ac-3,access_switch,40.72,0.19,31.74,291.22,5.8,17.67,35.39,0.49,39.44,healthy,normal
2025-01-01T03:47:50+00:00,ro-2,router,26.07,0.7,18.65,163.28,2.5,49.95,54.49,0.59,26.65,healthy,normal
2025-01-01T03:47:55+00:00,se-5,server,432.03,90.46,17.0,13.59,66.81,41.73,66.93,47.03,14.6,warning,link_failure
2025-01-01T03:48:00+00:00,co-1,core_switch,18.35,1.44,42.13,132.24,3.21,43.09,62.65,0.45,45.67,healthy,normal
2025-01-01T03:48:05+00:00,se-3,server,19.08,0.03,58.19,136.67,5.63,45.6,26.6,0.46,54.93,healthy,normal
2025-01-01T03:48:10+00:00,co-4,core_switch,12.68,0.4,34.79,193.37,2.73,37.95,29.49,0.42,45.92,healthy,normal
2025-01-01T03:48:15+00:00,se-1,server,56.94,4.17,98.84,655.54,11.96,93.29,63.46,2.22,96.83,warning,traffic_spike
2025-01-01T03:48:20+00:00,cl-6,client,16.72,0.21,22.3,252.87,1.61,20.56,60.15,0.23,48.12,healthy,normal
2025-01-01T03:48:25+00:00,ro-3,router,10.89,0.02,22.82,272.14,4.18,24.18,58.5,0.32,21.69,healthy,normal
2025-01-01T03:48:30+00:00,cl-5,client,18.47,0.97,37.92,314.04,4.2,57.58,56.92,0.33,25.41,healthy,normal
2025-01-01T03:48:35+00:00,co-6,core_switch,34.8,0.18,57.13,133.91,4.36,45.06,51.33,0.64,31.18,healthy,normal
2025-01-01T03:48:40+00:00,se-2,server,340.18,95.83,7.25,5.03,75.79,64.85,39.89,63.71,7.23,offline,link_failure
2025-01-01T03:48:45+00:00,cl-6,client,11.92,0.16,58.02,237.72,5.23,28.99,25.38,0.72,21.95,healthy,normal
2025-01-01T03:48:50+00:00,ac-4,access_switch,36.42,0.77,50.6,318.78,4.63,43.29,62.54,0.15,41.93,healthy,normal
2025-01-01T03:48:55+00:00,se-6,server,11.46,0.75,49.29,129.37,4.37,55.13,60.14,0.73,33.76,healthy,normal
2025-01-01T03:49:00+00:00,ac-6,access_switch,234.25,91.7,10.41,11.73,45.19,55.04,37.85,37.57,14.3,offline,link_failure
2025-01-01T03:49:05+00:00,ac-7,access_switch,19.03,0.08,38.43,195.04,3.57,38.0,29.97,0.27,37.59,healthy,normal
2025-01-01T03:49:10+00:00,cl-8,client,87.77,4.92,90.49,656.69,12.56,94.58,87.91,2.08,96.52,warning,traffic_spike
2025-01-01T03:49:15+00:00,se-1,server,28.65,0.21,19.04,296.22,0.93,22.07,39.86,0.73,33.42,healthy,normal
2025-01-01T03:49:20+00:00,se-1,server,12.96,0.65,44.95,328.16,5.24,51.64,30.22,0.57,28.15,healthy,normal
2025-01-01T03:49:25+00:00,da-3,database,22.71,0.2,49.42,306.41,1.34,36.46,32.86,0.62,55.24,healthy,normal
2025-01-01T03:49:30+00:00,ac-1,access_switch,30.77,0.35,49.98,262.36,3.84,26.09,51.92,0.46,42.62,healthy,normal
2025-01-01T03:49:35+00:00,co-8,core_switch,105.11,4.86,96.23,548.97,9.82,93.53,72.48,1.69,94.14,warning,traffic_spike
2025-01-01T03:49:40+00:00,ac-6,access_switch,32.76,0.53,39.45,221.56,1.4,35.19,32.49,0.1,51.9,healthy,normal
2025-01-01T03:49:45+00:00,cl-3,client,24.06,0.16,28.74,297.0,5.65,27.59,25.04,0.19,65.18,healthy,normal
2025-01-01T03:49:50+00:00,cl-3,client,25.23,0.15,37.21,289.45,4.49,49.49,36.18,0.04,52.88,healthy,normal
2025-01-01T03:49:55+00:00,cl-6,client,13.18,0.25,35.76,221.02,5.78,58.42,39.41,0.84,51.78,healthy,normal
2025-01-01T03:50:00+00:00,da-3,database,240.22,97.3,2.92,5.09,77.32,2.04,13.25,63.92,5.75,offline,device_failure
2025-01-01T03:50:05+00:00,se-8,server,25.41,0.41,27.7,156.24,4.44,24.77,57.09,0.74,66.73,healthy,normal
2025-01-01T03:50:10+00:00,cl-3,client,32.89,0.78,28.15,202.01,4.68,23.42,60.29,0.31,17.14,healthy,normal
2025-01-01T03:50:15+00:00,ro-8,router,24.11,0.25,30.1,306.69,4.06,57.92,54.66,0.35,60.61,healthy,normal
2025-01-01T03:50:20+00:00,se-6,server,84.91,4.48,59.45,103.12,10.98,99.57,89.7,1.03,69.42,warning,device_overload
2025-01-01T03:50:25+00:00,da-8,database,17.1,1.0,44.71,189.5,3.28,24.43,34.25,0.4,58.14,healthy,normal
2025-01-01T03:50:30+00:00,co-8,core_switch,41.64,1.33,30.93,128.84,2.42,30.29,63.32,0.69,50.59,healthy,normal
2025-01-01T03:50:35+00:00,ac-1,access_switch,26.82,0.62,51.66,110.06,1.11,21.78,25.21,0.59,39.83,healthy,normal
2025-01-01T03:50:40+00:00,ro-5,router,323.74,90.94,9.96,5.6,76.36,9.27,1.84,46.53,6.5,offline,device_failure
2025-01-01T03:50:45+00:00,da-8,database,485.44,89.38,3.61,6.32,46.63,2.01,0.19,86.48,4.21,offline,device_failure
2025-01-01T03:50:50+00:00,se-1,server,38.35,0.42,21.15,183.97,1.68,50.79,36.31,0.85,63.5,healthy,normal
2025-01-01T03:50:55+00:00,da-7,database,25.8,0.52,50.93,216.61,2.57,39.35,65.78,0.0,32.62,healthy,normal
2025-01-01T03:51:00+00:00,ac-5,access_switch,365.58,97.44,3.87,5.95,54.74,33.11,43.49,40.04,9.03,warning,link_failure
2025-01-01T03:51:05+00:00,ro-2,router,80.92,7.52,88.47,818.68,26.38,87.54,60.27,3.48,99.13,warning,traffic_spike
2025-01-01T03:51:10+00:00,cl-5,client,164.27,2.02,64.48,107.12,17.6,99.01,93.68,2.41,69.68,warning,device_overload
2025-01-01T03:51:15+00:00,se-7,server,24.37,1.45,38.76,306.77,3.71,54.47,42.46,0.46,58.37,healthy,normal
2025-01-01T03:51:20+00:00,ac-6,access_switch,95.19,6.96,99.49,472.16,15.91,92.33,66.6,3.38,99.78,warning,traffic_spike
2025-01-01T03:51:25+00:00,ro-8,router,29.99,0.98,39.15,244.45,2.45,35.45,26.3,0.87,29.49,healthy,normal
2025-01-01T03:51:30+00:00,ro-7,router,33.7,0.53,49.49,224.74,1.57,55.22,67.22,0.89,37.8,healthy,normal
2025-01-01T03:51:35+00:00,se-1,server,19.37,0.72,45.69,195.58,1.16,37.9,43.67,0.35,45.16,healthy,normal
2025-01-01T03:51:40+00:00,cl-3,client,123.12,8.67,97.28,890.83,12.41,97.07,77.56,2.61,92.08,warning,traffic_spike
2025-01-01T03:51:45+00:00,se-2,server,14.51,0.58,40.74,150.61,1.18,53.37,24.21,0.5,32.75,healthy,normal
2025-01-01T03:51:50+00:00,da-6,database,150.58,1.81,54.37,150.26,9.91,96.86,90.09,1.05,68.21,warning,device_overload
2025-01-01T03:51:55+00:00,ro-6,router,455.06,94.71,4.68,15.68,32.77,62.92,26.45,60.58,4.84,offline,link_failure
2025-01-01T03:52:00+00:00,co-7,core_switch,321.36,90.27,5.88,2.59,85.28,6.43,8.63,72.38,7.98,offline,device_failure
2025-01-01T03:52:05+00:00,cl-8,client,36.12,0.04,41.42,119.57,1.03,37.44,65.3,0.09,29.46,healthy,normal
2025-01-01T03:52:10+00:00,se-1,server,41.77,1.18,52.46,127.46,5.31,36.97,37.59,0.86,25.24,healthy,normal
2025-01-01T03:52:15+00:00,ro-7,router,119.56,14.93,90.79,64.24,14.06,58.24,59.21,3.94,90.21,warning,congestion
2025-01-01T03:52:20+00:00,ac-5,access_switch,41.11,1.25,38.54,136.83,1.58,49.21,55.88,0.28,29.25,healthy,normal
2025-01-01T03:52:25+00:00,ac-4,access_switch,30.09,0.38,52.11,242.96,3.4,22.79,33.12,0.23,44.74,healthy,normal
2025-01-01T03:52:30+00:00,co-3,core_switch,16.56,0.33,58.87,293.59,3.53,52.84,64.41,0.11,44.29,healthy,normal
2025-01-01T03:52:35+00:00,se-2,server,16.77,1.45,49.11,111.48,4.54,57.66,35.38,0.7,36.84,healthy,normal
2025-01-01T03:52:40+00:00,se-2,server,87.7,8.62,91.19,789.7,17.29,88.87,64.84,1.84,94.18,warning,traffic_spike
2025-01-01T03:52:45+00:00,co-2,core_switch,214.33,8.82,96.92,80.32,23.44,59.82,75.14,5.92,99.25,warning,congestion
2025-01-01T03:52:50+00:00,se-8,server,395.87,82.78,18.95,11.54,53.64,45.3,30.91,42.51,13.27,offline,link_failure
2025-01-01T03:52:55+00:00,cl-3,client,28.76,0.47,59.38,313.85,1.17,31.37,36.65,0.56,42.01,healthy,normal
2025-01-01T03:53:00+00:00,da-8,database,229.43,9.62,88.08,75.86,16.33,60.95,66.73,4.32,95.69,warning,congestion
2025-01-01T03:53:05+00:00,da-3,database,29.04,0.8,54.83,161.08,3.54,50.33,36.13,0.06,56.62,healthy,normal
2025-01-01T03:53:10+00:00,se-7,server,16.47,0.06,25.62,300.68,2.14,17.5,27.91,0.63,66.99,healthy,normal
2025-01-01T03:53:15+00:00,co-1,core_switch,472.15,89.3,1.12,6.95,59.46,0.26,4.95,62.6,2.59,warning,device_failure
2025-01-01T03:53:20+00:00,ac-6,access_switch,104.35,7.47,85.61,91.05,20.93,55.23,56.83,3.74,89.54,warning,congestion
2025-01-01T03:53:25+00:00,da-4,database,20.16,1.41,63.01,303.53,1.84,37.58,55.36,0.08,27.56,healthy,normal
2025-01-01T03:53:30+00:00,se-7,server,39.24,0.65,59.21,254.55,1.86,52.84,55.33,0.52,51.95,healthy,normal
2025-01-01T03:53:35+00:00,se-2,server,319.19,86.95,3.1,22.67,53.22,22.07,30.77,47.66,10.5,offline,link_failure
2025-01-01T03:53:40+00:00,cl-7,client,14.13,1.29,61.91,177.43,3.25,46.67,31.4,0.18,56.69,healthy,normal
2025-01-01T03:53:45+00:00,da-5,database,75.8,4.68,59.48,70.78,22.46,92.41,90.95,4.95,81.05,warning,device_overload
2025-01-01T03:53:50+00:00,ro-2,router,128.14,2.03,95.86,885.97,24.98,92.4,73.06,0.76,97.87,warning,traffic_spike
2025-01-01T03:53:55+00:00,cl-3,client,156.22,2.32,83.2,116.32,8.61,87.8,96.41,6.61,72.39,warning,device_overload
2025-01-01T03:54:00+00:00,cl-5,client,215.36,12.77,89.51,147.41,33.2,71.76,57.01,2.1,86.5,warning,congestion
2025-01-01T03:54:05+00:00,se-7,server,16.95,1.19,46.28,326.79,2.63,38.49,36.67,0.66,34.93,healthy,normal
2025-01-01T03:54:10+00:00,cl-2,client,40.54,0.02,20.52,218.79,2.43,53.48,57.3,0.75,18.41,healthy,normal
2025-01-01T03:54:15+00:00,co-1,core_switch,14.52,0.42,31.98,275.67,2.6,36.95,40.24,0.68,53.77,healthy,normal
2025-01-01T03:54:20+00:00,co-3,core_switch,26.5,1.28,48.06,304.03,3.96,35.95,30.15,0.24,30.72,healthy,normal
2025-01-01T03:54:25+00:00,ro-1,router,320.42,74.69,12.26,5.65,49.71,51.03,69.12,25.81,15.66,warning,link_failure
2025-01-01T03:54:30+00:00,cl-4,client,25.66,0.53,30.09,197.52,3.08,34.97,44.94,0.2,31.67,healthy,normal
2025-01-01T03:54:35+00:00,ro-5,router,152.88,5.17,98.46,92.82,14.75,77.98,50.89,2.3,96.81,warning,congestion
2025-01-01T03:54:40+00:00,co-3,core_switch,318.8,73.43,3.05,1.66,33.53,48.88,34.76,31.46,15.37,offline,link_failure
2025-01-01T03:54:45+00:00,da-1,database,110.22,4.31,79.19,127.85,16.81,98.39,92.07,7.24,79.93,warning,device_overload
2025-01-01T03:54:50+00:00,co-2,core_switch,36.6,0.9,46.37,119.55,3.14,20.04,50.42,0.13,37.96,healthy,normal
2025-01-01T03:54:55+00:00,da-6,database,130.68,12.02,84.49,77.42,16.7,74.22,45.22,6.64,88.62,warning,congestion
2025-01-01T03:55:00+00:00,cl-7,client,37.4,1.08,33.28,129.55,0.82,27.42,35.06,0.35,60.58,healthy,normal
2025-01-01T03:55:05+00:00,ac-5,access_switch,16.73,0.24,54.57,287.84,2.98,19.18,30.48,0.62,65.99,healthy,normal
2025-01-01T03:55:10+00:00,cl-1,client,113.29,2.05,81.79,184.28,13.37,93.0,89.11,4.23,47.02,warning,device_overload
2025-01-01T03:55:15+00:00,se-6,server,136.9,1.74,69.06,84.47,15.65,91.21,84.63,1.31,46.87,warning,device_overload
2025-01-01T03:55:20+00:00,se-4,server,30.29,0.21,42.18,299.3,4.16,36.41,43.62,0.3,35.93,healthy,normal
2025-01-01T03:55:25+00:00,ro-8,router,109.03,11.9,99.39,125.05,18.27,55.15,57.16,2.3,88.57,warning,congestion
2025-01-01T03:55:30+00:00,se-6,server,30.75,1.46,49.5,298.25,3.55,57.22,57.93,0.3,53.93,healthy,normal
2025-01-01T03:55:35+00:00,ac-6,access_switch,328.52,80.78,21.74,1.63,89.36,36.49,62.02,57.94,8.99,warning,link_failure
2025-01-01T03:55:40+00:00,se-6,server,187.03,10.8,98.52,93.09,32.52,45.47,70.28,4.84,96.77,warning,congestion
2025-01-01T03:55:45+00:00,cl-4,client,95.29,4.52,90.19,843.07,22.74,83.48,74.22,0.9,95.64,warning,traffic_spike
2025-01-01T03:55:50+00:00,co-6,core_switch,12.96,0.4,34.6,311.92,4.1,52.76,32.71,0.58,26.95,healthy,normal
2025-01-01T03:55:55+00:00,ro-5,router,12.24,0.22,38.19,157.08,1.76,53.08,26.03,0.07,56.08,healthy,normal
2025-01-01T03:56:00+00:00,da-3,database,13.9,0.93,27.41,250.44,1.57,55.16,53.53,0.55,23.64,healthy,normal
2025-01-01T03:56:05+00:00,ro-2,router,142.37,5.72,82.77,96.26,13.31,87.86,88.16,4.23,63.6,warning,device_overload
2025-01-01T03:56:10+00:00,da-6,database,82.79,1.38,66.83,127.7,10.4,99.98,88.7,4.49,64.69,warning,device_overload
2025-01-01T03:56:15+00:00,ro-8,router,118.16,3.17,60.97,187.37,13.04,90.32,92.99,4.02,74.42,warning,device_overload
2025-01-01T03:56:20+00:00,da-5,database,16.73,0.61,25.46,260.1,2.65,47.79,47.29,0.3,24.4,healthy,normal
2025-01-01T03:56:25+00:00,se-8,server,417.83,82.56,12.44,20.41,42.64,61.09,31.71,40.16,14.66,warning,link_failure
2025-01-01T03:56:30+00:00,cl-5,client,32.97,1.32,61.33,290.41,3.95,22.45,66.28,0.65,29.07,healthy,normal
2025-01-01T03:56:35+00:00,cl-4,client,18.11,0.38,59.26,204.69,2.87,17.07,28.41,0.86,46.17,healthy,normal
2025-01-01T03:56:40+00:00,ro-7,router,441.03,83.08,11.05,13.17,75.47,53.58,57.68,63.01,16.97,offline,link_failure
2025-01-01T03:56:45+00:00,co-5,core_switch,171.76,5.23,84.4,175.08,19.06,95.52,96.74,5.55,84.09,warning,device_overload
2025-01-01T03:56:50+00:00,da-7,database,29.89,0.49,55.6,160.5,2.36,17.12,48.7,0.49,51.16,healthy,normal
2025-01-01T03:56:55+00:00,ro-4,router,27.42,0.18,45.23,151.94,3.24,41.35,59.4,0.58,56.08,healthy,normal
2025-01-01T03:57:00+00:00,se-4,server,30.21,0.91,55.93,130.03,4.3,22.1,64.94,0.03,35.05,healthy,normal
2025-01-01T03:57:05+00:00,ac-3,access_switch,10.99,0.94,29.3,131.87,1.59,18.29,32.57,0.73,35.54,healthy,normal
2025-01-01T03:57:10+00:00,co-5,core_switch,410.41,88.62,3.9,4.03,32.73,31.0,50.82,61.18,8.71,offline,link_failure
2025-01-01T03:57:15+00:00,ro-3,router,29.92,0.91,60.19,318.69,1.31,49.8,45.38,0.29,62.01,healthy,normal
2025-01-01T03:57:20+00:00,ro-1,router,140.4,5.83,71.25,141.25,19.03,87.11,91.41,7.08,81.24,warning,device_overload
2025-01-01T03:57:25+00:00,co-5,core_switch,131.49,6.24,91.09,537.17,25.28,95.29,68.28,2.18,90.73,warning,traffic_spike
2025-01-01T03:57:30+00:00,se-5,server,23.93,0.17,39.86,247.8,5.47,46.05,43.9,0.12,22.31,healthy,normal
2025-01-01T03:57:35+00:00,ro-5,router,59.79,6.99,95.88,789.06,18.39,93.83,70.72,3.77,92.83,warning,traffic_spike
2025-01-01T03:57:40+00:00,cl-4,client,230.32,82.65,14.99,0.6,81.67,59.17,35.09,31.94,1.37,warning,link_failure
2025-01-01T03:57:45+00:00,cl-6,client,15.98,0.68,25.53,142.46,5.32,54.78,27.88,0.1,37.71,healthy,normal
2025-01-01T03:57:50+00:00,cl-5,client,109.02,15.45,95.67,61.77,22.04,70.15,45.65,5.54,91.61,warning,congestion
2025-01-01T03:57:55+00:00,ro-7,router,228.15,9.62,97.1,109.81,31.16,80.26,42.25,2.92,90.66,warning,congestion
2025-01-01T03:58:00+00:00,ac-3,access_switch,147.68,6.81,83.27,62.25,27.98,56.06,59.4,5.84,99.2,warning,congestion
2025-01-01T03:58:05+00:00,ro-5,router,40.25,0.02,55.22,127.07,3.51,50.07,26.67,0.31,38.26,healthy,normal
2025-01-01T03:58:10+00:00,ro-6,router,229.14,80.15,20.44,10.72,43.96,42.35,36.77,40.34,8.86,offline,link_failure
2025-01-01T03:58:15+00:00,da-4,database,478.86,90.21,8.64,15.84,79.85,35.29,48.97,34.49,12.92,offline,link_failure
2025-01-01T03:58:20+00:00,se-3,server,24.14,0.68,45.96,207.39,5.64,21.19,32.25,0.02,59.03,healthy,normal
2025-01-01T03:58:25+00:00,co-3,core_switch,86.58,5.3,95.77,48.22,17.03,46.02,74.23,6.1,93.48,warning,congestion
2025-01-01T03:58:30+00:00,da-1,database,21.64,0.27,19.95,179.26,1.14,36.11,55.38,0.25,64.45,healthy,normal
2025-01-01T03:58:35+00:00,cl-1,client,410.44,91.26,3.52,6.5,69.2,5.23,7.14,57.3,1.56,warning,device_failure
2025-01-01T03:58:40+00:00,co-5,core_switch,155.39,4.13,71.41,58.41,17.16,93.6,85.28,2.73,87.25,warning,device_overload
2025-01-01T03:58:45+00:00,da-1,database,217.52,5.2,95.8,149.79,33.34,57.4,56.65,5.77,91.63,warning,congestion
2025-01-01T03:58:50+00:00,ro-6,router,14.14,0.85,52.68,131.22,1.0,21.9,28.16,0.38,32.22,healthy,normal
2025-01-01T03:58:55+00:00,se-8,server,123.25,2.32,98.61,756.09,19.1,75.55,87.44,4.81,93.05,warning,traffic_spike
2025-01-01T03:59:00+00:00,co-8,core_switch,151.77,5.63,97.65,134.71,13.54,78.94,64.9,4.87,88.56,warning,congestion
2025-01-01T03:59:05+00:00,da-8,database,35.08,0.54,41.6,148.42,3.18,22.71,50.74,0.85,26.18,healthy,normal
2025-01-01T03:59:10+00:00,cl-1,client,229.02,97.23,0.66,19.57,44.56,42.64,56.3,28.8,10.92,offline,link_failure
2025-01-01T03:59:15+00:00,se-5,server,162.39,7.2,94.51,72.3,26.49,56.81,69.32,5.78,90.86,warning,congestion
2025-01-01T03:59:20+00:00,da-7,database,378.45,83.35,17.36,3.73,44.94,63.8,65.73,57.37,15.42,warning,link_failure
2025-01-01T03:59:25+00:00,se-3,server,60.09,2.83,93.09,550.46,23.59,71.5,76.26,1.1,93.74,warning,traffic_spike
2025-01-01T03:59:30+00:00,ac-6,access_switch,80.36,7.12,53.47,78.13,20.9,93.79,86.91,2.52,60.67,warning,device_overload
2025-01-01T03:59:35+00:00,ac-5,access_switch,21.64,1.2,23.51,309.71,4.19,28.79,35.92,0.26,22.66,healthy,normal
2025-01-01T03:59:40+00:00,se-6,server,18.48,0.86,31.77,234.88,3.29,28.0,57.67,0.07,43.82,healthy,normal
2025-01-01T03:59:45+00:00,co-5,core_switch,293.57,86.16,19.78,1.79,67.44,25.54,67.76,32.29,8.84,offline,link_failure
2025-01-01T03:59:50+00:00,ac-7,access_switch,93.15,5.11,80.14,188.74,9.78,92.17,87.27,2.5,84.02,warning,device_overload
2025-01-01T03:59:55+00:00,se-6,server,147.94,4.99,49.73,87.38,7.03,92.51,96.95,2.83,87.21,warning,device_overload
2025-01-01T04:00:00+00:00,da-4,database,158.51,4.36,67.75,178.85,21.36,86.68,99.33,6.69,68.98,warning,device_overload
2025-01-01T04:00:05+00:00,cl-4,client,41.92,0.04,41.65,140.87,2.9,28.49,65.81,0.67,42.82,healthy,normal
2025-01-01T04:00:10+00:00,se-3,server,95.48,6.21,84.51,140.82,21.73,94.85,84.21,3.95,76.97,warning,device_overload
2025-01-01T04:00:15+00:00,cl-1,client,22.08,1.3,47.45,163.32,3.12,28.93,28.51,0.73,56.55,healthy,normal
2025-01-01T04:00:20+00:00,da-1,database,295.73,72.25,1.71,18.55,56.27,35.75,25.42,24.84,2.96,offline,link_failure
2025-01-01T04:00:25+00:00,cl-4,client,12.6,0.07,60.76,277.54,1.77,59.23,31.26,0.84,47.29,healthy,normal
2025-01-01T04:00:30+00:00,da-4,database,30.44,0.17,26.11,231.92,5.42,26.89,54.89,0.49,22.33,healthy,normal
2025-01-01T04:00:35+00:00,se-7,server,34.41,0.93,56.28,275.54,3.15,54.38,31.21,0.84,48.66,healthy,normal
2025-01-01T04:00:40+00:00,ac-5,access_switch,14.37,0.59,48.16,159.02,3.34,26.1,61.13,0.83,18.52,healthy,normal
2025-01-01T04:00:45+00:00,da-6,database,70.27,7.64,98.12,792.54,22.17,85.99,67.36,1.96,94.71,warning,traffic_spike
2025-01-01T04:00:50+00:00,se-3,server,28.98,0.04,32.78,215.13,3.24,51.94,52.22,0.76,25.87,healthy,normal
2025-01-01T04:00:55+00:00,ro-8,router,19.98,0.94,19.9,239.06,3.95,47.84,47.56,0.28,55.14,healthy,normal
2025-01-01T04:01:00+00:00,co-4,core_switch,322.07,97.7,7.42,7.0,74.19,9.21,8.86,69.04,7.71,offline,device_failure
2025-01-01T04:01:05+00:00,ro-7,router,16.77,0.46,40.0,311.79,0.89,36.88,61.19,0.72,19.53,healthy,normal
2025-01-01T04:01:10+00:00,ac-3,access_switch,22.46,0.99,35.85,294.46,2.29,19.67,25.03,0.71,59.44,healthy,normal
2025-01-01T04:01:15+00:00,ac-1,access_switch,26.05,1.47,46.51,161.51,2.91,25.82,30.93,0.25,27.7,healthy,normal
2025-01-01T04:01:20+00:00,cl-6,client,191.42,84.52,19.68,22.11,85.59,54.8,40.17,60.32,8.75,offline,link_failure
2025-01-01T04:01:25+00:00,da-6,database,426.4,97.0,3.3,1.36,96.87,11.26,10.42,80.62,3.35,offline,device_failure
2025-01-01T04:01:30+00:00,cl-8,client,421.63,93.64,18.75,20.45,65.34,48.55,33.23,32.32,12.34,warning,link_failure
2025-01-01T04:01:35+00:00,se-3,server,286.44,95.49,4.96,5.43,77.16,11.23,8.63,42.82,6.56,warning,device_failure
2025-01-01T04:01:40+00:00,ac-5,access_switch,64.38,1.01,67.41,157.55,12.48,96.0,99.06,2.98,62.84,warning,device_overload
2025-01-01T04:01:45+00:00,se-4,server,431.15,87.21,1.52,23.84,70.54,47.37,47.66,51.74,6.01,offline,link_failure
2025-01-01T04:01:50+00:00,se-2,server,95.91,6.06,74.91,57.94,7.95,90.96,84.36,6.53,53.79,warning,device_overload
2025-01-01T04:01:55+00:00,ro-2,router,102.45,5.99,93.95,649.92,18.43,87.52,84.27,4.98,98.93,warning,traffic_spike
2025-01-01T04:02:00+00:00,co-1,core_switch,19.18,1.07,46.81,215.81,4.98,51.24,26.12,0.22,66.24,healthy,normal
2025-01-01T04:02:05+00:00,cl-6,client,267.56,74.43,14.3,6.0,69.16,58.93,27.55,28.13,0.29,warning,link_failure
2025-01-01T04:02:10+00:00,co-2,core_switch,117.27,14.93,92.18,135.05,29.79,47.47,62.89,6.58,92.8,warning,congestion
2025-01-01T04:02:15+00:00,se-8,server,139.56,8.26,93.46,848.12,14.84,96.62,64.34,2.11,92.99,warning,traffic_spike
2025-01-01T04:02:20+00:00,ro-4,router,88.77,7.74,49.43,99.66,20.77,89.5,89.73,6.17,49.77,warning,device_overload
2025-01-01T04:02:25+00:00,co-7,core_switch,111.18,6.59,92.46,545.17,8.99,86.55,78.54,1.36,92.49,warning,traffic_spike
2025-01-01T04:02:30+00:00,ro-4,router,102.0,6.22,47.79,186.46,15.32,90.71,96.57,4.25,51.16,warning,device_overload
2025-01-01T04:02:35+00:00,se-3,server,35.61,0.63,36.12,171.92,1.35,43.45,29.43,0.74,30.9,healthy,normal
2025-01-01T04:02:40+00:00,se-3,server,100.57,15.24,99.64,164.69,26.62,54.05,77.59,4.97,92.34,warning,congestion
2025-01-01T04:02:45+00:00,da-1,database,277.05,91.38,4.37,2.62,71.29,2.03,2.35,36.85,1.83,offline,device_failure
2025-01-01T04:02:50+00:00,ac-4,access_switch,316.19,93.52,3.54,13.11,62.22,43.88,61.03,47.12,1.52,offline,link_failure
2025-01-01T04:02:55+00:00,cl-5,client,155.47,3.51,48.3,146.62,12.34,94.15,95.99,5.9,56.88,warning,device_overload
2025-01-01T04:03:00+00:00,se-5,server,499.58,93.19,7.67,1.16,90.36,0.07,3.61,88.27,1.36,offline,device_failure
2025-01-01T04:03:05+00:00,cl-8,client,375.35,91.96,4.94,0.07,48.8,7.06,10.67,67.95,2.77,offline,device_failure
2025-01-01T04:03:10+00:00,cl-5,client,22.02,1.41,53.18,245.53,4.72,34.06,30.3,0.58,32.87,healthy,normal
2025-01-01T04:03:15+00:00,co-1,core_switch,11.83,1.04,49.3,211.51,5.48,16.46,51.95,0.22,51.45,healthy,normal
2025-01-01T04:03:20+00:00,cl-4,client,13.39,0.15,49.19,112.77,3.33,42.81,59.28,0.67,35.04,healthy,normal
2025-01-01T04:03:25+00:00,se-6,server,36.98,0.73,31.56,149.42,3.41,56.47,62.45,0.78,54.53,healthy,normal
2025-01-01T04:03:30+00:00,se-6,server,456.13,98.87,14.96,10.15,83.07,43.45,48.88,35.64,13.37,offline,link_failure
2025-01-01T04:03:35+00:00,ac-6,access_switch,36.75,1.02,21.8,202.7,3.71,41.2,37.27,0.04,27.45,healthy,normal
2025-01-01T04:03:40+00:00,co-7,core_switch,77.58,7.11,92.1,862.48,14.27,88.87,54.43,4.58,92.19,warning,traffic_spike
2025-01-01T04:03:45+00:00,se-4,server,112.17,7.13,89.31,49.7,15.86,59.61,56.55,4.56,87.14,warning,congestion
2025-01-01T04:03:50+00:00,cl-7,client,38.91,0.68,52.74,178.62,5.17,46.49,41.06,0.44,30.82,healthy,normal
2025-01-01T04:03:55+00:00,da-7,database,33.66,0.13,37.97,159.38,2.61,37.26,26.24,0.64,35.21,healthy,normal
2025-01-01T04:04:00+00:00,co-6,core_switch,449.7,96.78,4.22,1.07,45.24,1.45,6.76,57.3,7.33,warning,device_failure
2025-01-01T04:04:05+00:00,ro-4,router,471.91,93.09,1.99,19.81,81.74,30.97,71.82,49.32,15.06,offline,link_failure
2025-01-01T04:04:10+00:00,ac-4,access_switch,35.99,0.01,55.04,148.23,0.86,23.49,42.36,0.19,53.32,healthy,normal
2025-01-01T04:04:15+00:00,ac-7,access_switch,29.85,0.43,54.02,224.58,4.96,15.08,37.11,0.01,65.67,healthy,normal
2025-01-01T04:04:20+00:00,cl-3,client,25.0,0.03,53.36,177.88,3.52,46.93,37.4,0.63,34.81,healthy,normal
2025-01-01T04:04:25+00:00,ac-4,access_switch,416.11,95.49,1.78,13.36,71.43,26.81,70.37,57.57,9.72,warning,link_failure
2025-01-01T04:04:30+00:00,se-6,server,118.14,7.89,83.66,144.28,15.99,88.8,94.39,5.65,47.76,warning,device_overload
2025-01-01T04:04:35+00:00,cl-3,client,26.08,0.12,40.77,242.64,5.01,24.41,41.22,0.35,26.88,healthy,normal
2025-01-01T04:04:40+00:00,da-5,database,115.22,4.55,71.0,76.38,22.23,90.57,92.25,3.35,53.28,warning,device_overload
2025-01-01T04:04:45+00:00,se-1,server,119.54,7.34,95.21,914.07,8.62,74.75,63.73,2.05,96.88,warning,traffic_spike
2025-01-01T04:04:50+00:00,ro-4,router,77.86,2.76,58.72,169.13,14.17,95.64,90.63,6.81,70.03,warning,device_overload
2025-01-01T04:04:55+00:00,cl-4,client,11.74,0.6,39.37,123.55,4.91,20.66,61.76,0.36,22.89,healthy,normal
2025-01-01T04:05:00+00:00,da-2,database,365.13,89.92,7.23,7.65,58.09,6.03,2.37,35.22,5.7,warning,device_failure
2025-01-01T04:05:05+00:00,ac-8,access_switch,24.13,0.62,44.99,164.14,4.57,33.37,39.49,0.37,33.01,healthy,normal
2025-01-01T04:05:10+00:00,co-3,core_switch,186.96,13.66,89.57,149.16,29.04,69.29,67.5,4.38,97.4,warning,congestion
2025-01-01T04:05:15+00:00,co-5,core_switch,105.57,4.11,97.34,522.96,25.05,92.43,78.13,1.94,94.8,warning,traffic_spike
2025-01-01T04:05:20+00:00,se-2,server,424.89,90.85,5.42,6.75,63.88,4.08,10.88,87.61,7.33,offline,device_failure
2025-01-01T04:05:25+00:00,da-2,database,140.21,5.16,73.81,155.55,15.25,87.98,87.33,5.88,86.84,warning,device_overload
2025-01-01T04:05:30+00:00,ac-4,access_switch,295.09,72.43,2.57,18.72,35.22,48.67,26.44,37.23,10.11,offline,link_failure
2025-01-01T04:05:35+00:00,co-7,core_switch,11.1,0.8,43.14,328.95,3.08,15.03,30.15,0.81,61.97,healthy,normal
2025-01-01T04:05:40+00:00,cl-4,client,104.55,6.39,99.32,507.39,23.17,85.34,66.22,4.34,94.29,warning,traffic_spike
2025-01-01T04:05:45+00:00,co-1,core_switch,16.38,0.67,31.88,165.05,1.96,55.31,39.91,0.43,38.92,healthy,normal
2025-01-01T04:05:50+00:00,cl-1,client,21.12,0.99,33.32,287.22,5.16,53.09,49.91,0.44,16.77,healthy,normal
2025-01-01T04:05:55+00:00,se-4,server,29.23,0.11,29.81,241.34,3.87,48.42,39.04,0.89,61.5,healthy,normal
2025-01-01T04:06:00+00:00,se-4,server,142.65,1.35,59.15,185.69,13.86,87.74,97.6,3.31,87.18,warning,device_overload
2025-01-01T04:06:05+00:00,da-3,database,23.52,1.32,24.01,169.87,3.38,37.88,26.14,0.03,32.04,healthy,normal
2025-01-01T04:06:10+00:00,ro-2,router,34.95,0.58,57.1,243.85,3.23,48.0,25.8,0.06,45.16,healthy,normal
2025-01-01T04:06:15+00:00,ro-8,router,16.71,0.76,33.05,196.35,5.57,46.91,51.76,0.66,29.72,healthy,normal
2025-01-01T04:06:20+00:00,da-1,database,379.71,91.32,2.11,4.6,62.49,6.9,6.97,63.8,1.15,warning,device_failure
2025-01-01T04:06:25+00:00,ro-6,router,19.4,1.4,43.45,165.69,4.92,22.88,51.73,0.09,65.26,healthy,normal
2025-01-01T04:06:30+00:00,ro-4,router,194.58,11.21,97.62,41.87,19.64,69.49,52.18,5.95,90.39,warning,congestion
2025-01-01T04:06:35+00:00,da-1,database,33.32,0.34,54.27,164.32,3.62,35.14,42.42,0.42,59.33,healthy,normal
2025-01-01T04:06:40+00:00,cl-7,client,36.6,1.26,42.61,316.34,5.46,52.69,63.35,0.7,58.24,healthy,normal
2025-01-01T04:06:45+00:00,co-8,core_switch,27.6,0.8,31.48,257.21,4.19,15.96,28.4,0.18,27.42,healthy,normal
2025-01-01T04:06:50+00:00,da-4,database,132.87,7.11,77.76,150.26,9.89,96.53,87.88,2.17,45.19,warning,device_overload
2025-01-01T04:06:55+00:00,ac-2,access_switch,27.63,0.18,28.49,300.77,1.2,36.15,42.26,0.31,58.12,healthy,normal
2025-01-01T04:07:00+00:00,se-8,server,12.29,0.2,51.1,302.25,4.26,39.87,29.93,0.03,26.84,healthy,normal
2025-01-01T04:07:05+00:00,da-8,database,83.76,5.5,88.4,676.71,23.05,73.57,75.82,0.56,94.18,warning,traffic_spike
2025-01-01T04:07:10+00:00,se-8,server,13.54,1.31,25.98,277.12,3.26,56.8,40.63,0.31,60.78,healthy,normal
2025-01-01T04:07:15+00:00,se-5,server,28.44,0.62,62.56,263.56,1.29,48.53,37.92,0.41,54.81,healthy,normal
2025-01-01T04:07:20+00:00,cl-5,client,41.12,0.45,56.11,291.19,3.57,59.24,38.22,0.65,49.04,healthy,normal
2025-01-01T04:07:25+00:00,da-1,database,118.65,8.53,92.38,481.07,26.51,92.57,61.96,2.45,98.93,warning,traffic_spike
2025-01-01T04:07:30+00:00,da-2,database,275.93,83.98,16.19,11.87,32.22,36.57,56.07,53.79,15.24,offline,link_failure
2025-01-01T04:07:35+00:00,da-4,database,158.08,6.51,84.15,115.78,18.74,56.97,44.18,5.56,90.48,warning,congestion
2025-01-01T04:07:40+00:00,ro-4,router,137.96,4.39,96.95,598.61,12.06,75.23,57.85,2.93,91.51,warning,traffic_spike
2025-01-01T04:07:45+00:00,ac-3,access_switch,18.92,0.48,20.52,126.97,5.29,54.32,55.79,0.77,63.81,healthy,normal
2025-01-01T04:07:50+00:00,se-4,server,121.57,1.05,70.59,163.55,22.38,99.94,95.82,7.36,64.95,warning,device_overload
2025-01-01T04:07:55+00:00,cl-7,client,34.73,1.07,50.34,310.04,2.76,57.1,66.18,0.23,36.73,healthy,normal
2025-01-01T04:08:00+00:00,co-1,core_switch,286.46,94.68,6.51,2.23,75.81,5.33,12.18,45.2,4.21,offline,device_failure
2025-01-01T04:08:05+00:00,co-2,core_switch,200.5,5.86,95.31,163.68,14.35,74.38,76.67,6.6,95.82,warning,congestion
2025-01-01T04:08:10+00:00,cl-1,client,37.75,1.15,58.2,150.79,2.05,41.09,62.17,0.09,41.09,healthy,normal
2025-01-01T04:08:15+00:00,ac-5,access_switch,12.06,0.81,25.72,228.53,3.56,56.51,34.52,0.24,15.19,healthy,normal
2025-01-01T04:08:20+00:00,ac-7,access_switch,75.22,3.62,98.98,677.49,16.62,73.72,75.37,4.42,90.09,warning,traffic_spike
2025-01-01T04:08:25+00:00,da-7,database,87.43,2.8,97.94,676.84,22.28,87.63,53.51,1.16,97.39,warning,traffic_spike
2025-01-01T04:08:30+00:00,da-7,database,15.52,0.81,60.64,179.02,2.32,43.13,37.11,0.35,50.63,healthy,normal
2025-01-01T04:08:35+00:00,da-3,database,115.58,10.92,97.47,110.77,16.6,67.13,65.44,2.74,92.54,warning,congestion
2025-01-01T04:08:40+00:00,co-2,core_switch,337.09,90.93,8.52,2.35,47.3,5.63,10.42,88.21,1.22,offline,device_failure
2025-01-01T04:08:45+00:00,co-7,core_switch,273.48,73.37,18.16,6.82,83.18,42.48,51.84,48.43,7.8,offline,link_failure
2025-01-01T04:08:50+00:00,ac-4,access_switch,132.26,7.44,90.74,476.56,22.27,88.69,64.75,1.56,93.75,warning,traffic_spike
2025-01-01T04:08:55+00:00,co-5,core_switch,21.61,0.48,21.4,275.03,3.57,29.91,51.07,0.83,64.47,healthy,normal
2025-01-01T04:09:00+00:00,da-6,database,12.43,1.26,47.79,222.52,3.54,18.59,40.84,0.88,36.56,healthy,normal
2025-01-01T04:09:05+00:00,cl-1,client,15.84,0.58,18.29,202.14,0.89,19.68,35.52,0.59,25.36,healthy,normal
2025-01-01T04:09:10+00:00,da-7,database,470.63,89.61,3.12,0.58,46.31,4.67,6.88,64.94,2.56,warning,device_failure
2025-01-01T04:09:15+00:00,co-3,core_switch,39.09,0.65,20.63,149.09,4.35,21.88,33.3,0.47,25.14,healthy,normal
2025-01-01T04:09:20+00:00,ac-1,access_switch,24.75,1.2,48.19,113.37,3.21,22.72,46.7,0.02,27.68,healthy,normal
2025-01-01T04:09:25+00:00,ac-1,access_switch,156.66,4.04,48.77,128.02,10.74,89.11,87.19,1.85,77.85,warning,device_overload
2025-01-01T04:09:30+00:00,da-6,database,21.42,1.1,21.1,233.84,4.96,39.86,31.3,0.68,45.11,healthy,normal
2025-01-01T04:09:35+00:00,co-2,core_switch,21.41,0.98,20.24,239.03,6.0,30.94,28.87,0.4,35.41,healthy,normal
2025-01-01T04:09:40+00:00,co-7,core_switch,29.43,0.25,63.35,297.23,4.75,36.48,34.03,0.64,29.48,healthy,normal
2025-01-01T04:09:45+00:00,ro-4,router,134.87,4.36,88.65,830.98,21.76,73.06,51.74,3.9,94.86,warning,traffic_spike
2025-01-01T04:09:50+00:00,co-4,core_switch,166.37,10.07,87.79,46.15,35.73,80.11,76.9,6.04,92.75,warning,congestion
2025-01-01T04:09:55+00:00,ac-4,access_switch,29.08,0.89,25.25,270.9,4.74,48.18,24.84,0.2,16.37,healthy,normal
2025-01-01T04:10:00+00:00,ac-2,access_switch,19.2,0.62,29.55,138.17,4.17,38.19,59.73,0.3,17.98,healthy,normal
2025-01-01T04:10:05+00:00,cl-8,client,408.41,92.01,0.28,2.52,75.64,10.94,6.53,44.37,0.47,offline,device_failure
2025-01-01T04:10:10+00:00,ac-5,access_switch,18.23,0.86,28.88,133.59,1.17,20.62,65.34,0.77,15.51,healthy,normal
2025-01-01T04:10:15+00:00,ac-6,access_switch,22.62,1.02,41.69,170.95,5.73,32.83,53.67,0.44,25.82,healthy,normal
2025-01-01T04:10:20+00:00,ac-7,access_switch,22.96,1.42,38.8,158.21,2.77,17.61,36.86,0.79,39.44,healthy,normal
2025-01-01T04:10:25+00:00,ro-2,router,27.38,0.29,42.29,156.36,4.12,31.0,61.73,0.71,50.28,healthy,normal
2025-01-01T04:10:30+00:00,ac-1,access_switch,129.39,10.97,96.15,55.21,12.47,59.65,69.87,2.97,99.64,warning,congestion
2025-01-01T04:10:35+00:00,cl-7,client,23.4,0.43,44.27,121.29,4.27,19.44,32.64,0.42,18.61,healthy,normal
2025-01-01T04:10:40+00:00,ac-2,access_switch,17.95,0.37,36.12,168.88,3.97,54.56,46.67,0.68,26.45,healthy,normal
2025-01-01T04:10:45+00:00,da-6,database,17.69,0.55,52.8,304.14,2.87,38.49,47.64,0.31,24.4,healthy,normal
2025-01-01T04:10:50+00:00,se-5,server,420.3,88.36,0.84,4.96,78.13,10.03,4.26,88.81,2.18,offline,device_failure
2025-01-01T04:10:55+00:00,cl-8,client,37.4,0.06,53.76,319.61,1.01,59.23,44.19,0.06,31.12,healthy,normal
2025-01-01T04:11:00+00:00,se-6,server,385.24,99.35,2.33,3.08,87.89,0.38,2.81,72.79,0.17,offline,device_failure
2025-01-01T04:11:05+00:00,se-2,server,39.52,0.78,53.05,174.53,1.37,45.35,66.52,0.28,47.49,healthy,normal
2025-01-01T04:11:10+00:00,co-1,core_switch,25.16,1.07,25.59,132.9,4.36,44.71,46.27,0.6,56.7,healthy,normal
2025-01-01T04:11:15+00:00,se-2,server,104.53,4.54,52.24,110.37,11.93,86.98,84.51,4.77,59.27,warning,device_overload
2025-01-01T04:11:20+00:00,cl-7,client,95.43,9.3,99.29,618.67,24.18,88.83,70.87,0.8,99.69,warning,traffic_spike
2025-01-01T04:11:25+00:00,da-3,database,459.36,97.1,6.24,6.78,72.99,10.94,2.3,66.76,5.39,offline,device_failure
2025-01-01T04:11:30+00:00,se-1,server,30.42,0.44,51.8,186.49,6.0,50.03,62.53,0.17,52.09,healthy,normal
2025-01-01T04:11:35+00:00,ac-4,access_switch,24.58,0.62,23.83,180.59,3.74,58.69,24.96,0.74,37.63,healthy,normal
2025-01-01T04:11:40+00:00,ac-5,access_switch,122.96,7.45,48.82,156.21,7.04,86.83,95.75,1.25,64.12,warning,device_overload
2025-01-01T04:11:45+00:00,co-4,core_switch,34.78,1.49,20.39,203.02,5.84,16.82,57.82,0.55,23.26,healthy,normal
2025-01-01T04:11:50+00:00,cl-3,client,15.65,0.84,49.1,182.64,4.92,21.92,64.65,0.67,28.45,healthy,normal
2025-01-01T04:11:55+00:00,se-3,server,214.94,8.5,96.55,123.47,27.51,70.52,71.25,3.45,97.54,warning,congestion
2025-01-01T04:12:00+00:00,ac-8,access_switch,33.45,0.55,60.36,211.52,3.71,59.03,53.35,0.65,64.65,healthy,normal
2025-01-01T04:12:05+00:00,ro-1,router,36.86,0.48,63.77,273.87,1.54,44.14,49.96,0.72,51.05,healthy,normal
2025-01-01T04:12:10+00:00,ro-6,router,16.24,0.6,54.09,133.5,2.31,25.1,24.88,0.06,63.09,healthy,normal
2025-01-01T04:12:15+00:00,ro-1,router,19.39,0.3,22.68,260.06,5.2,35.92,30.5,0.7,15.03,healthy,normal
2025-01-01T04:12:20+00:00,co-8,core_switch,28.42,1.06,50.36,132.57,3.04,48.36,38.33,0.37,56.43,healthy,normal
2025-01-01T04:12:25+00:00,cl-8,client,15.03,1.08,61.09,261.26,1.9,39.65,28.43,0.82,36.17,healthy,normal
2025-01-01T04:12:30+00:00,co-8,core_switch,11.11,1.11,32.66,319.17,2.86,59.28,34.21,0.06,41.53,healthy,normal
2025-01-01T04:12:35+00:00,ac-8,access_switch,66.35,5.35,97.91,618.14,17.35,94.74,55.99,3.44,96.82,warning,traffic_spike
2025-01-01T04:12:40+00:00,ro-7,router,32.2,0.16,51.37,264.65,0.97,51.59,41.29,0.06,28.38,healthy,normal
2025-01-01T04:12:45+00:00,se-4,server,70.76,1.95,76.72,145.72,20.05,95.97,90.14,4.05,86.72,warning,device_overload
2025-01-01T04:12:50+00:00,ro-6,router,17.5,0.95,31.05,247.99,4.19,46.12,42.12,0.51,26.51,healthy,normal
2025-01-01T04:12:55+00:00,co-7,core_switch,39.23,0.7,49.28,190.45,5.43,25.79,66.55,0.03,32.31,healthy,normal
2025-01-01T04:13:00+00:00,ro-4,router,22.1,1.21,58.29,276.59,5.55,40.2,37.05,0.3,34.36,healthy,normal
2025-01-01T04:13:05+00:00,ac-2,access_switch,10.97,0.02,52.55,256.43,5.91,15.38,66.42,0.14,64.21,healthy,normal
2025-01-01T04:13:10+00:00,se-8,server,38.46,0.4,22.35,279.94,2.59,45.31,49.63,0.77,51.33,healthy,normal
2025-01-01T04:13:15+00:00,cl-3,client,220.25,7.82,89.75,59.56,22.38,56.6,42.9,3.3,88.62,warning,congestion
2025-01-01T04:13:20+00:00,ro-6,router,70.05,6.6,83.06,172.8,14.15,99.33,85.21,5.1,65.41,warning,device_overload
2025-01-01T04:13:25+00:00,da-6,database,116.59,14.02,85.94,144.34,18.95,77.13,71.06,3.01,95.05,warning,congestion
2025-01-01T04:13:30+00:00,da-8,database,108.66,2.12,52.89,91.29,19.21,91.55,94.93,1.54,51.39,warning,device_overload
2025-01-01T04:13:35+00:00,se-6,server,88.55,6.69,50.1,146.14,11.19,98.3,91.19,6.19,66.93,warning,device_overload
2025-01-01T04:13:40+00:00,ro-2,router,79.28,7.53,90.01,783.07,9.45,84.75,60.35,3.98,95.56,warning,traffic_spike
2025-01-01T04:13:45+00:00,cl-8,client,437.37,99.38,5.54,6.11,92.55,8.73,10.27,41.57,1.09,warning,device_failure
2025-01-01T04:13:50+00:00,ro-8,router,34.13,0.9,18.39,113.13,5.23,29.56,47.84,0.53,60.38,healthy,normal
2025-01-01T04:13:55+00:00,cl-1,client,27.49,0.4,27.05,172.18,5.16,30.3,25.47,0.75,20.84,healthy,normal
2025-01-01T04:14:00+00:00,ro-4,router,282.38,89.96,15.85,15.77,78.62,46.61,26.79,28.3,1.9,warning,link_failure
2025-01-01T04:14:05+00:00,ro-2,router,23.15,0.62,32.26,114.85,1.51,43.64,31.07,0.86,30.11,healthy,normal
2025-01-01T04:14:10+00:00,se-7,server,34.82,0.22,23.39,265.24,4.57,30.6,47.04,0.17,55.42,healthy,normal
2025-01-01T04:14:15+00:00,ac-5,access_switch,28.71,1.04,33.09,126.47,1.7,15.2,49.46,0.0,26.65,healthy,normal
2025-01-01T04:14:20+00:00,ac-6,access_switch,305.18,91.23,10.9,21.64,37.2,38.88,41.66,58.28,16.54,offline,link_failure
2025-01-01T04:14:25+00:00,co-1,core_switch,92.82,5.02,58.81,62.74,10.76,93.02,94.81,3.77,72.92,warning,device_overload
2025-01-01T04:14:30+00:00,ac-1,access_switch,26.91,0.22,52.03,315.06,5.36,23.55,63.06,0.69,59.05,healthy,normal
2025-01-01T04:14:35+00:00,co-5,core_switch,38.59,1.47,43.97,217.62,2.12,56.26,42.18,0.8,49.81,healthy,normal
2025-01-01T04:14:40+00:00,ac-8,access_switch,121.44,10.53,85.02,136.96,29.88,76.64,49.2,2.47,98.38,warning,congestion
2025-01-01T04:14:45+00:00,co-6,core_switch,18.68,1.22,31.12,140.97,4.12,38.17,39.53,0.49,41.52,healthy,normal
2025-01-01T04:14:50+00:00,ro-7,router,173.73,8.47,93.42,63.11,29.27,67.12,71.17,6.71,92.1,warning,congestion
2025-01-01T04:14:55+00:00,co-7,core_switch,27.24,0.12,26.18,184.9,5.51,20.52,33.06,0.67,51.59,healthy,normal
2025-01-01T04:15:00+00:00,ac-8,access_switch,130.15,8.57,97.35,446.03,26.1,91.5,81.23,4.3,98.94,warning,traffic_spike
2025-01-01T04:15:05+00:00,se-8,server,12.58,1.46,37.76,234.09,2.69,56.14,29.87,0.35,54.44,healthy,normal
2025-01-01T04:15:10+00:00,se-4,server,34.86,1.0,31.05,328.68,5.16,27.68,34.86,0.07,53.64,healthy,normal
2025-01-01T04:15:15+00:00,co-2,core_switch,36.46,0.65,49.16,203.93,3.24,40.79,26.2,0.38,48.27,healthy,normal
2025-01-01T04:15:20+00:00,ac-8,access_switch,98.39,7.08,97.01,779.09,9.95,87.86,52.34,0.51,92.3,warning,traffic_spike
2025-01-01T04:15:25+00:00,cl-8,client,37.08,0.26,18.84,128.69,3.64,36.09,44.93,0.56,32.98,healthy,normal
2025-01-01T04:15:30+00:00,cl-5,client,14.56,0.49,45.8,317.06,1.47,26.87,39.84,0.69,39.8,healthy,normal
2025-01-01T04:15:35+00:00,se-6,server,313.77,81.49,3.63,2.56,78.27,43.65,41.18,24.2,16.84,offline,link_failure
2025-01-01T04:15:40+00:00,ac-7,access_switch,41.85,0.34,35.79,226.87,3.83,32.83,57.7,0.44,58.27,healthy,normal
2025-01-01T04:15:45+00:00,co-1,core_switch,434.69,97.55,2.85,2.65,82.84,8.3,8.23,65.82,2.95,offline,device_failure
2025-01-01T04:15:50+00:00,da-5,database,149.83,9.7,97.97,114.91,36.76,75.69,66.57,2.07,90.76,warning,congestion
2025-01-01T04:15:55+00:00,cl-1,client,14.81,1.46,32.91,199.61,5.23,47.07,54.98,0.43,64.41,healthy,normal
2025-01-01T04:16:00+00:00,se-8,server,26.81,1.19,42.43,277.58,3.49,34.55,55.57,0.67,19.08,healthy,normal
2025-01-01T04:16:05+00:00,da-6,database,29.79,0.44,47.95,325.19,3.85,46.69,26.84,0.64,32.44,healthy,normal
2025-01-01T04:16:10+00:00,co-6,core_switch,40.76,0.08,47.08,211.34,3.37,40.69,30.06,0.61,41.27,healthy,normal
2025-01-01T04:16:15+00:00,se-6,server,267.62,98.88,20.76,21.07,70.74,45.66,58.28,44.93,11.37,offline,link_failure
2025-01-01T04:16:20+00:00,co-2,core_switch,236.28,88.36,7.42,1.42,89.93,8.01,8.35,56.73,2.56,warning,device_failure
2025-01-01T04:16:25+00:00,ac-6,access_switch,13.45,1.3,54.06,277.45,3.74,32.89,28.32,0.63,49.88,healthy,normal
2025-01-01T04:16:30+00:00,cl-1,client,422.56,95.57,3.53,5.56,94.51,3.27,9.23,61.61,5.39,offline,device_failure
2025-01-01T04:16:35+00:00,cl-7,client,108.71,5.93,50.14,95.15,15.26,97.95,99.2,3.42,64.64,warning,device_overload
2025-01-01T04:16:40+00:00,co-6,core_switch,94.27,11.83,97.7,73.28,31.73,53.7,50.35,3.59,91.22,warning,congestion
2025-01-01T04:16:45+00:00,se-8,server,24.22,0.38,51.94,290.57,2.82,52.48,38.73,0.77,31.78,healthy,normal
2025-01-01T04:16:50+00:00,ro-1,router,19.59,0.97,38.57,130.27,0.81,56.06,27.3,0.81,47.64,healthy,normal
2025-01-01T04:16:55+00:00,ro-7,router,253.04,95.92,5.76,0.28,91.33,11.96,5.5,73.94,3.3,offline,device_failure
2025-01-01T04:17:00+00:00,cl-3,client,418.1,97.14,16.5,11.03,75.04,27.66,61.1,36.57,7.62,warning,link_failure
2025-01-01T04:17:05+00:00,co-1,core_switch,85.07,3.44,52.89,180.58,20.56,94.02,95.44,7.19,59.01,warning,device_overload
2025-01-01T04:17:10+00:00,cl-7,client,25.67,0.48,18.49,323.31,4.75,48.58,53.09,0.16,50.81,healthy,normal
2025-01-01T04:17:15+00:00,ac-8,access_switch,156.73,2.88,74.04,156.14,22.44,87.01,94.88,1.62,71.2,warning,device_overload
2025-01-01T04:17:20+00:00,da-4,database,135.47,5.69,54.46,159.08,13.32,98.05,98.66,3.34,75.02,warning,device_overload
2025-01-01T04:17:25+00:00,da-1,database,28.66,0.1,46.44,184.12,5.42,33.04,67.95,0.06,35.48,healthy,normal
2025-01-01T04:17:30+00:00,cl-2,client,35.36,0.08,49.9,195.54,1.09,37.97,62.29,0.87,57.11,healthy,normal
2025-01-01T04:17:35+00:00,ro-2,router,254.41,96.89,3.64,6.91,86.46,10.48,9.63,61.2,5.05,offline,device_failure
2025-01-01T04:17:40+00:00,co-7,core_switch,101.96,2.12,81.88,174.72,19.25,94.34,93.29,4.81,63.95,warning,device_overload
2025-01-01T04:17:45+00:00,ro-6,router,21.54,0.78,45.48,279.47,3.27,59.36,54.51,0.83,34.98,healthy,normal
2025-01-01T04:17:50+00:00,ro-3,router,472.19,98.34,0.21,15.76,64.43,29.76,57.68,24.72,17.65,warning,link_failure
2025-01-01T04:17:55+00:00,da-4,database,25.07,0.39,18.93,124.15,3.06,39.53,47.57,0.07,40.99,healthy,normal
2025-01-01T04:18:00+00:00,co-2,core_switch,26.84,0.26,47.39,192.37,4.56,30.89,42.2,0.08,37.66,healthy,normal
2025-01-01T04:18:05+00:00,ac-6,access_switch,105.22,3.25,90.64,610.61,25.66,88.72,62.28,2.71,90.26,warning,traffic_spike
2025-01-01T04:18:10+00:00,se-4,server,55.52,7.34,97.21,698.0,25.4,73.32,85.28,4.09,93.57,warning,traffic_spike
2025-01-01T04:18:15+00:00,se-8,server,13.32,1.09,27.11,286.62,3.91,33.45,45.31,0.14,42.36,healthy,normal
2025-01-01T04:18:20+00:00,cl-8,client,18.51,0.42,34.92,117.44,4.36,55.36,34.8,0.68,63.01,healthy,normal
2025-01-01T04:18:25+00:00,da-6,database,33.23,0.07,43.68,315.62,3.3,33.14,37.66,0.84,33.23,healthy,normal
2025-01-01T04:18:30+00:00,cl-6,client,27.37,0.98,33.04,112.32,0.81,55.7,48.47,0.61,36.86,healthy,normal
2025-01-01T04:18:35+00:00,ac-5,access_switch,157.43,4.95,86.61,109.08,32.07,65.28,57.36,2.16,91.38,warning,congestion
2025-01-01T04:18:40+00:00,se-6,server,87.86,2.53,57.01,114.97,11.42,94.04,99.59,2.39,65.62,warning,device_overload
2025-01-01T04:18:45+00:00,co-3,core_switch,126.39,9.45,93.16,867.34,18.04,86.48,52.82,0.5,92.19,warning,traffic_spike
2025-01-01T04:18:50+00:00,da-8,database,17.84,1.48,20.36,322.0,1.4,28.04,38.06,0.57,28.13,healthy,normal
2025-01-01T04:18:55+00:00,se-1,server,29.98,1.3,48.15,203.95,3.89,27.14,65.78,0.44,27.28,healthy,normal
2025-01-01T04:19:00+00:00,se-1,server,106.49,8.01,99.23,714.49,20.13,70.79,78.55,2.68,97.21,warning,traffic_spike
2025-01-01T04:19:05+00:00,ac-4,access_switch,29.65,0.97,42.78,225.27,4.99,37.77,50.21,0.61,61.96,healthy,normal
2025-01-01T04:19:10+00:00,se-2,server,445.94,95.34,2.53,2.1,97.7,8.67,13.06,38.55,3.48,warning,device_failure
2025-01-01T04:19:15+00:00,ac-8,access_switch,297.76,93.72,2.78,3.51,53.68,1.7,7.11,63.34,3.56,warning,device_failure
2025-01-01T04:19:20+00:00,ro-2,router,39.69,1.13,57.13,213.2,2.74,41.67,53.43,0.76,26.49,healthy,normal
2025-01-01T04:19:25+00:00,da-1,database,455.44,81.06,0.27,6.88,74.37,39.72,42.85,44.77,5.12,warning,link_failure
2025-01-01T04:19:30+00:00,da-2,database,28.29,0.42,61.5,173.9,1.45,44.6,62.27,0.09,22.01,healthy,normal
2025-01-01T04:19:35+00:00,co-1,core_switch,149.1,6.34,58.45,82.29,21.04,88.73,95.42,5.29,65.31,warning,device_overload
2025-01-01T04:19:40+00:00,da-1,database,106.33,9.98,89.88,521.09,22.08,85.83,84.82,2.86,95.6,warning,traffic_spike
2025-01-01T04:19:45+00:00,ac-3,access_switch,413.48,94.03,21.65,11.16,86.37,31.14,52.64,41.1,3.95,offline,link_failure
2025-01-01T04:19:50+00:00,da-4,database,159.78,6.92,61.48,131.84,17.52,99.94,92.05,3.28,59.4,warning,device_overload
2025-01-01T04:19:55+00:00,ro-5,router,18.88,0.55,20.18,264.94,3.92,22.07,50.83,0.88,66.46,healthy,normal
2025-01-01T04:20:00+00:00,ro-1,router,458.72,89.14,15.63,16.55,38.85,36.01,46.09,27.13,5.21,offline,link_failure
2025-01-01T04:20:05+00:00,ac-5,access_switch,31.46,1.11,37.99,136.63,3.19,29.38,49.7,0.76,64.78,healthy,normal
2025-01-01T04:20:10+00:00,se-3,server,80.02,7.1,94.64,781.17,19.81,93.39,71.02,3.52,99.82,warning,traffic_spike
2025-01-01T04:20:15+00:00,ac-1,access_switch,116.91,5.98,75.59,148.24,19.9,91.1,95.87,3.37,71.95,warning,device_overload
2025-01-01T04:20:20+00:00,da-4,database,37.85,1.42,19.56,209.76,4.43,16.08,27.61,0.17,17.36,healthy,normal
2025-01-01T04:20:25+00:00,se-3,server,94.4,5.54,84.81,90.46,18.3,61.65,43.01,6.59,92.77,warning,congestion
2025-01-01T04:20:30+00:00,ac-4,access_switch,95.48,9.02,94.68,506.24,13.78,96.81,71.79,1.9,92.23,warning,traffic_spike
2025-01-01T04:20:35+00:00,co-1,core_switch,37.87,0.64,27.03,117.77,5.78,31.74,33.49,0.37,28.56,healthy,normal
2025-01-01T04:20:40+00:00,co-7,core_switch,125.05,8.1,99.15,637.46,11.24,84.07,66.17,3.5,90.46,warning,traffic_spike
2025-01-01T04:20:45+00:00,se-6,server,41.86,0.52,34.72,282.63,4.62,48.9,38.39,0.09,15.16,healthy,normal
2025-01-01T04:20:50+00:00,cl-8,client,98.33,7.27,92.25,435.85,8.78,77.85,81.35,3.87,96.51,warning,traffic_spike
2025-01-01T04:20:55+00:00,da-6,database,421.78,86.8,3.33,8.22,60.23,54.02,61.86,48.32,0.84,warning,link_failure
2025-01-01T04:21:00+00:00,ac-2,access_switch,10.53,0.43,35.38,283.63,4.62,57.13,37.33,0.22,36.12,healthy,normal
2025-01-01T04:21:05+00:00,cl-2,client,23.7,1.02,23.39,185.52,2.71,32.21,43.22,0.21,29.8,healthy,normal
2025-01-01T04:21:10+00:00,se-6,server,65.18,1.29,78.17,100.32,11.81,99.29,92.86,1.96,71.93,warning,device_overload
2025-01-01T04:21:15+00:00,da-1,database,39.66,0.58,46.53,177.71,2.06,34.67,39.32,0.63,61.57,healthy,normal
2025-01-01T04:21:20+00:00,ro-4,router,442.9,92.72,5.62,3.23,71.8,10.45,4.26,52.89,4.08,offline,device_failure
2025-01-01T04:21:25+00:00,se-4,server,250.71,73.81,16.79,7.12,68.57,28.28,37.79,48.62,14.1,warning,link_failure
2025-01-01T04:21:30+00:00,cl-7,client,106.16,2.73,69.3,159.01,18.67,89.64,87.39,7.35,75.53,warning,device_overload
2025-01-01T04:21:35+00:00,cl-7,client,25.87,0.25,32.86,176.35,4.37,31.94,56.5,0.05,45.14,healthy,normal
2025-01-01T04:21:40+00:00,co-2,core_switch,99.8,2.11,95.08,904.62,25.75,97.09,86.45,4.6,91.03,warning,traffic_spike
2025-01-01T04:21:45+00:00,co-5,core_switch,89.18,2.87,90.17,477.01,9.09,79.43,62.37,4.67,93.85,warning,traffic_spike
2025-01-01T04:21:50+00:00,se-4,server,13.57,1.3,28.29,133.76,3.1,41.71,43.91,0.15,60.08,healthy,normal
2025-01-01T04:21:55+00:00,da-8,database,417.53,89.89,20.72,11.72,51.83,44.99,54.65,49.14,11.1,offline,link_failure
2025-01-01T04:22:00+00:00,se-4,server,30.86,0.13,33.83,219.13,5.65,16.66,36.22,0.34,64.07,healthy,normal
2025-01-01T04:22:05+00:00,ac-8,access_switch,12.8,0.63,19.73,168.28,4.78,31.65,42.93,0.26,32.94,healthy,normal
2025-01-01T04:22:10+00:00,cl-3,client,128.95,6.54,74.54,93.58,22.78,89.6,94.56,6.87,79.32,warning,device_overload
2025-01-01T04:22:15+00:00,co-8,core_switch,27.85,0.38,41.78,292.27,1.5,42.13,59.67,0.73,38.1,healthy,normal
2025-01-01T04:22:20+00:00,ac-3,access_switch,130.31,6.08,91.08,94.2,30.33,62.98,65.76,1.73,92.11,warning,congestion
2025-01-01T04:22:25+00:00,ac-3,access_switch,347.54,89.49,3.52,2.26,62.91,4.1,1.21,45.86,6.54,warning,device_failure
2025-01-01T04:22:30+00:00,co-2,core_switch,16.65,0.38,23.78,261.34,2.59,52.91,49.33,0.32,63.35,healthy,normal
2025-01-01T04:22:35+00:00,cl-3,client,463.89,92.07,3.68,7.22,72.68,0.74,12.67,70.6,4.2,offline,device_failure
2025-01-01T04:22:40+00:00,ro-8,router,15.0,0.11,36.39,155.21,0.97,44.88,52.89,0.19,42.53,healthy,normal
2025-01-01T04:22:45+00:00,co-3,core_switch,23.01,0.24,29.63,144.02,2.93,35.2,64.3,0.39,30.15,healthy,normal
2025-01-01T04:22:50+00:00,ac-2,access_switch,107.26,8.76,97.15,693.34,16.93,89.19,78.6,3.13,91.51,warning,traffic_spike
2025-01-01T04:22:55+00:00,ac-4,access_switch,199.17,6.42,91.31,122.84,24.87,81.56,71.85,5.5,91.65,warning,congestion
2025-01-01T04:23:00+00:00,cl-1,client,216.92,7.96,89.87,94.95,23.42,63.55,69.48,1.19,87.06,warning,congestion
2025-01-01T04:23:05+00:00,cl-4,client,37.98,0.73,46.05,185.14,2.37,56.18,48.4,0.48,24.85,healthy,normal
2025-01-01T04:23:10+00:00,ac-2,access_switch,26.39,0.16,36.93,228.92,0.86,26.23,29.95,0.05,21.2,healthy,normal
2025-01-01T04:23:15+00:00,da-6,database,223.48,4.86,89.01,140.74,29.37,53.92,59.42,6.45,91.03,warning,congestion
2025-01-01T04:23:20+00:00,ro-6,router,28.55,0.13,49.67,280.48,0.86,33.91,32.07,0.64,33.37,healthy,normal
2025-01-01T04:23:25+00:00,ro-3,router,23.13,1.48,26.21,141.58,5.29,37.25,52.12,0.12,63.52,healthy,normal
2025-01-01T04:23:30+00:00,ro-3,router,133.19,9.15,99.54,478.66,23.84,75.34,51.64,2.37,90.65,warning,traffic_spike
2025-01-01T04:23:35+00:00,ro-2,router,131.85,9.76,93.43,115.65,36.0,45.65,46.89,4.69,93.33,warning,congestion
2025-01-01T04:23:40+00:00,da-8,database,30.56,0.28,62.93,226.81,2.98,31.84,67.15,0.19,43.72,healthy,normal
2025-01-01T04:23:45+00:00,da-3,database,214.11,73.18,20.98,11.31,41.76,43.65,70.76,23.72,5.05,offline,link_failure
2025-01-01T04:23:50+00:00,ro-4,router,29.81,0.9,62.84,115.76,1.07,53.05,56.51,0.35,35.69,healthy,normal
2025-01-01T04:23:55+00:00,ro-3,router,41.52,1.4,41.14,223.01,2.5,44.4,51.44,0.64,58.84,healthy,normal
2025-01-01T04:24:00+00:00,ro-4,router,79.35,2.6,49.69,99.57,9.79,94.34,97.22,2.21,69.72,warning,device_overload
2025-01-01T04:24:05+00:00,co-6,core_switch,89.43,1.78,68.71,170.22,10.98,95.58,97.53,3.07,78.15,warning,device_overload
2025-01-01T04:24:10+00:00,co-2,core_switch,26.19,0.6,32.63,242.03,3.16,17.35,44.92,0.57,58.17,healthy,normal
2025-01-01T04:24:15+00:00,ac-7,access_switch,16.93,0.62,46.14,225.11,3.29,30.77,67.04,0.58,48.71,healthy,normal
2025-01-01T04:24:20+00:00,ac-4,access_switch,27.27,0.54,18.64,273.17,4.69,58.62,51.15,0.05,24.79,healthy,normal
2025-01-01T04:24:25+00:00,co-2,core_switch,30.16,0.12,28.67,189.77,3.86,37.51,36.44,0.19,20.72,healthy,normal
2025-01-01T04:24:30+00:00,cl-7,client,259.39,75.23,1.83,9.74,35.44,47.81,34.4,61.46,3.76,offline,link_failure
2025-01-01T04:24:35+00:00,se-3,server,41.56,1.21,36.01,261.05,1.88,59.54,56.7,0.12,35.09,healthy,normal
2025-01-01T04:24:40+00:00,co-7,core_switch,255.51,88.63,5.5,1.25,50.8,0.77,1.2,59.69,4.82,warning,device_failure
2025-01-01T04:24:45+00:00,ac-8,access_switch,218.58,7.0,88.69,54.32,29.31,66.19,43.04,1.44,98.54,warning,congestion
2025-01-01T04:24:50+00:00,ac-7,access_switch,34.68,1.2,28.94,188.78,4.97,59.9,40.05,0.33,39.54,healthy,normal
2025-01-01T04:24:55+00:00,ac-3,access_switch,18.44,0.36,62.43,143.02,1.77,56.78,47.2,0.68,39.9,healthy,normal
2025-01-01T04:25:00+00:00,se-7,server,20.45,0.64,25.92,237.85,5.83,31.48,43.61,0.4,19.22,healthy,normal
2025-01-01T04:25:05+00:00,ro-6,router,25.07,0.75,27.01,138.27,3.38,45.7,64.92,0.76,40.65,healthy,normal
2025-01-01T04:25:10+00:00,ac-2,access_switch,274.77,85.01,20.08,14.99,84.61,61.6,52.95,52.14,7.22,warning,link_failure
2025-01-01T04:25:15+00:00,co-2,core_switch,275.17,98.8,2.06,6.19,73.4,25.22,38.76,56.27,5.61,warning,link_failure
2025-01-01T04:25:20+00:00,ac-7,access_switch,24.07,0.11,49.62,154.86,1.19,48.35,63.41,0.8,28.71,healthy,normal
2025-01-01T04:25:25+00:00,ro-7,router,143.33,7.85,98.38,81.27,13.39,58.02,68.65,1.03,89.56,warning,congestion
2025-01-01T04:25:30+00:00,cl-2,client,138.98,5.23,98.88,656.14,15.74,74.19,83.32,1.01,96.72,warning,traffic_spike
2025-01-01T04:25:35+00:00,da-4,database,37.43,1.0,42.55,292.22,1.26,22.3,65.25,0.87,39.45,healthy,normal
2025-01-01T04:25:40+00:00,se-5,server,10.39,0.1,21.0,280.41,4.18,48.11,37.96,0.77,55.62,healthy,normal
2025-01-01T04:25:45+00:00,cl-8,client,345.89,98.86,18.74,1.8,55.27,32.61,37.75,50.98,5.45,offline,link_failure
2025-01-01T04:25:50+00:00,ro-2,router,89.15,7.99,57.68,94.37,13.33,92.11,88.4,6.27,51.27,warning,device_overload
2025-01-01T04:25:55+00:00,ro-7,router,38.63,1.32,23.94,126.12,1.21,56.43,35.52,0.05,41.96,healthy,normal
2025-01-01T04:26:00+00:00,da-6,database,63.8,7.61,95.36,546.65,26.39,80.68,62.11,0.79,97.54,warning,traffic_spike
2025-01-01T04:26:05+00:00,ac-6,access_switch,16.03,1.39,22.63,205.29,5.3,41.12,37.84,0.39,55.51,healthy,normal
2025-01-01T04:26:10+00:00,ac-2,access_switch,71.05,7.17,64.03,189.92,17.45,99.04,94.27,3.03,63.29,warning,device_overload
2025-01-01T04:26:15+00:00,co-2,core_switch,123.12,2.1,93.96,723.32,21.68,87.17,70.35,3.09,96.85,warning,traffic_spike
2025-01-01T04:26:20+00:00,cl-7,client,11.71,0.84,54.0,160.03,0.87,19.79,53.64,0.57,65.28,healthy,normal
2025-01-01T04:26:25+00:00,se-5,server,156.35,2.68,55.7,85.09,22.77,97.62,97.7,4.28,63.58,warning,device_overload
2025-01-01T04:26:30+00:00,ro-2,router,181.4,10.02,89.12,148.69,21.43,53.93,65.97,6.05,92.77,warning,congestion
2025-01-01T04:26:35+00:00,ro-1,router,444.69,90.57,0.19,7.3,51.36,3.93,5.57,66.48,3.58,warning,device_failure
2025-01-01T04:26:40+00:00,cl-6,client,79.45,1.15,73.97,143.72,12.67,94.39,91.73,4.99,66.59,warning,device_overload
2025-01-01T04:26:45+00:00,se-3,server,141.63,10.06,89.74,66.71,34.85,67.41,74.1,2.73,91.96,warning,congestion
2025-01-01T04:26:50+00:00,ro-6,router,159.11,1.25,72.6,152.7,21.38,97.61,96.63,2.24,65.98,warning,device_overload
2025-01-01T04:26:55+00:00,da-1,database,118.71,4.73,74.43,143.58,13.3,97.19,85.42,1.86,86.28,warning,device_overload
2025-01-01T04:27:00+00:00,se-6,server,392.72,98.54,1.49,6.61,53.81,2.9,1.14,53.11,3.89,offline,device_failure
2025-01-01T04:27:05+00:00,ro-4,router,26.61,0.52,53.56,204.36,3.01,46.01,54.77,0.86,28.58,healthy,normal
2025-01-01T04:27:10+00:00,co-8,core_switch,30.89,0.74,24.77,179.42,3.36,46.48,61.97,0.16,55.79,healthy,normal
2025-01-01T04:27:15+00:00,ac-3,access_switch,61.36,2.77,46.39,135.18,21.34,89.65,89.91,4.56,47.82,warning,device_overload
2025-01-01T04:27:20+00:00,ac-3,access_switch,99.37,7.84,71.5,189.51,9.18,99.43,96.7,2.58,82.41,warning,device_overload
2025-01-01T04:27:25+00:00,ro-6,router,101.27,6.94,72.35,121.38,16.72,99.55,93.71,3.77,73.87,warning,device_overload
2025-01-01T04:27:30+00:00,co-8,core_switch,28.72,0.68,28.46,268.77,1.32,58.24,58.53,0.06,45.32,healthy,normal
2025-01-01T04:27:35+00:00,ac-2,access_switch,13.26,1.33,21.46,254.23,1.06,16.32,38.44,0.34,54.78,healthy,normal
2025-01-01T04:27:40+00:00,ac-7,access_switch,41.18,0.42,42.69,280.76,2.3,47.93,28.56,0.19,57.78,healthy,normal
2025-01-01T04:27:45+00:00,co-3,core_switch,39.0,0.84,54.91,225.22,2.47,46.67,59.43,0.05,54.94,healthy,normal
2025-01-01T04:27:50+00:00,da-2,database,254.57,72.33,11.59,8.48,82.68,63.15,34.64,47.81,2.23,warning,link_failure
2025-01-01T04:27:55+00:00,ro-7,router,128.42,7.92,90.23,614.13,9.08,68.2,87.83,3.18,94.46,warning,traffic_spike
2025-01-01T04:28:00+00:00,da-4,database,12.38,0.67,43.54,169.39,3.91,40.16,57.99,0.22,15.16,healthy,normal
2025-01-01T04:28:05+00:00,ac-8,access_switch,38.41,1.21,43.56,131.06,4.92,35.04,53.53,0.52,35.58,healthy,normal
2025-01-01T04:28:10+00:00,ac-6,access_switch,19.87,0.66,40.95,326.41,0.88,56.12,64.4,0.29,64.05,healthy,normal
2025-01-01T04:28:15+00:00,co-5,core_switch,165.01,5.21,85.11,106.45,29.36,75.01,62.33,5.48,93.24,warning,congestion
2025-01-01T04:28:20+00:00,co-5,core_switch,25.75,0.89,44.01,146.51,2.57,36.88,39.58,0.42,66.59,healthy,normal
2025-01-01T04:28:25+00:00,ac-2,access_switch,20.28,1.27,62.52,157.6,0.97,49.73,40.78,0.37,61.37,healthy,normal
2025-01-01T04:28:30+00:00,cl-7,client,16.82,1.36,22.26,236.08,5.93,47.34,54.67,0.9,66.44,healthy,normal
2025-01-01T04:28:35+00:00,ac-4,access_switch,88.71,6.94,86.49,54.83,16.95,70.35,50.29,3.96,87.08,warning,congestion
2025-01-01T04:28:40+00:00,co-8,core_switch,28.31,0.98,19.29,131.45,3.6,21.17,26.24,0.01,66.22,healthy,normal
2025-01-01T04:28:45+00:00,co-1,core_switch,25.26,1.21,36.38,292.19,3.13,46.17,29.59,0.39,29.04,healthy,normal
2025-01-01T04:28:50+00:00,co-6,core_switch,38.13,1.38,20.85,203.41,2.51,21.05,53.07,0.02,52.26,healthy,normal
2025-01-01T04:28:55+00:00,se-2,server,14.14,1.22,64.37,309.44,4.69,16.54,39.21,0.49,49.39,healthy,normal
2025-01-01T04:29:00+00:00,co-6,core_switch,185.82,12.42,83.19,167.21,14.57,67.37,70.88,6.8,91.8,warning,congestion
2025-01-01T04:29:05+00:00,cl-6,client,347.57,99.42,4.47,7.97,83.34,6.46,1.11,75.1,2.11,warning,device_failure
2025-01-01T04:29:10+00:00,ro-6,router,78.43,9.41,95.63,873.05,27.47,95.64,85.08,3.5,94.2,warning,traffic_spike
2025-01-01T04:29:15+00:00,ac-3,access_switch,194.55,92.42,14.21,19.17,66.09,46.85,36.41,61.61,0.43,warning,link_failure
2025-01-01T04:29:20+00:00,ac-2,access_switch,19.7,0.05,52.67,228.55,2.82,36.54,49.12,0.76,55.74,healthy,normal
2025-01-01T04:29:25+00:00,se-6,server,19.9,0.39,63.88,112.98,5.43,16.68,36.89,0.37,59.16,healthy,normal
2025-01-01T04:29:30+00:00,se-7,server,26.91,0.32,52.39,227.81,3.09,22.67,41.88,0.25,61.55,healthy,normal
2025-01-01T04:29:35+00:00,co-5,core_switch,142.47,5.61,90.54,47.87,37.12,64.62,67.08,4.61,96.34,warning,congestion
2025-01-01T04:29:40+00:00,da-2,database,15.46,1.34,55.25,194.49,1.72,44.6,26.63,0.61,34.14,healthy,normal
2025-01-01T04:29:45+00:00,ro-5,router,17.69,0.51,19.01,300.96,5.63,18.18,45.88,0.06,37.51,healthy,normal
2025-01-01T04:29:50+00:00,se-7,server,38.1,1.23,57.16,132.34,1.01,58.31,34.06,0.74,51.43,healthy,normal
2025-01-01T04:29:55+00:00,se-7,server,25.1,0.24,32.44,192.67,2.95,26.43,36.87,0.34,36.81,healthy,normal
2025-01-01T04:30:00+00:00,cl-3,client,18.04,0.46,62.25,229.29,1.76,55.26,26.96,0.08,56.55,healthy,normal
2025-01-01T04:30:05+00:00,se-3,server,18.7,1.12,49.99,278.83,5.65,41.81,55.25,0.7,38.79,healthy,normal
2025-01-01T04:30:10+00:00,da-5,database,454.63,80.38,11.67,22.1,89.55,20.9,25.23,49.72,6.92,warning,link_failure
2025-01-01T04:30:15+00:00,da-7,database,293.35,99.65,5.8,5.15,60.91,8.9,11.21,62.19,0.15,warning,device_failure
2025-01-01T04:30:20+00:00,co-8,core_switch,90.76,7.11,97.67,634.85,13.09,85.17,85.16,2.54,90.45,warning,traffic_spike
2025-01-01T04:30:25+00:00,co-6,core_switch,13.57,0.15,43.29,136.98,1.46,39.22,43.64,0.4,56.95,healthy,normal
2025-01-01T04:30:30+00:00,cl-7,client,34.11,1.04,21.84,136.51,1.79,31.42,40.74,0.23,32.81,healthy,normal
2025-01-01T04:30:35+00:00,da-4,database,73.02,4.05,68.17,169.14,20.55,93.43,89.68,6.26,64.24,warning,device_overload
2025-01-01T04:30:40+00:00,ro-6,router,207.63,9.23,96.37,143.55,31.08,69.13,71.67,3.49,86.65,warning,congestion
2025-01-01T04:30:45+00:00,ac-8,access_switch,25.28,0.72,56.77,134.42,0.98,51.22,61.22,0.42,63.11,healthy,normal
2025-01-01T04:30:50+00:00,ac-1,access_switch,32.31,0.54,63.25,166.33,2.27,43.8,58.51,0.62,60.66,healthy,normal
2025-01-01T04:30:55+00:00,ac-3,access_switch,21.85,1.49,28.17,166.83,5.51,57.02,48.18,0.32,53.09,healthy,normal
2025-01-01T04:31:00+00:00,cl-8,client,104.89,6.83,75.11,110.35,10.87,90.74,88.34,2.29,75.47,warning,device_overload
2025-01-01T04:31:05+00:00,ro-6,router,140.68,8.24,96.23,508.67,26.57,82.1,70.06,3.68,97.75,warning,traffic_spike
2025-01-01T04:31:10+00:00,da-6,database,31.51,1.32,41.41,318.29,3.69,59.59,61.03,0.78,53.24,healthy,normal
2025-01-01T04:31:15+00:00,se-7,server,62.63,3.87,61.95,137.37,7.5,94.91,96.45,4.05,82.63,warning,device_overload
2025-01-01T04:31:20+00:00,co-5,core_switch,16.29,0.54,20.66,216.03,5.12,51.09,43.02,0.2,40.78,healthy,normal
2025-01-01T04:31:25+00:00,cl-3,client,263.46,74.97,21.86,13.54,33.88,25.03,34.07,50.62,10.47,offline,link_failure
2025-01-01T04:31:30+00:00,cl-8,client,35.69,0.51,26.27,117.94,2.82,18.33,42.79,0.43,18.22,healthy,normal
2025-01-01T04:31:35+00:00,co-4,core_switch,66.15,5.69,45.85,63.55,10.45,97.9,88.93,6.16,45.79,warning,device_overload
2025-01-01T04:31:40+00:00,se-5,server,17.41,1.25,38.31,299.3,1.71,50.1,51.43,0.09,15.2,healthy,normal
2025-01-01T04:31:45+00:00,cl-6,client,164.38,5.29,49.72,148.73,16.16,90.21,98.42,1.28,47.93,warning,device_overload
2025-01-01T04:31:50+00:00,co-8,core_switch,41.79,1.36,30.37,311.27,3.87,19.31,27.61,0.13,57.11,healthy,normal
2025-01-01T04:31:55+00:00,da-1,database,498.05,95.23,3.85,3.46,68.8,6.96,2.16,66.57,7.42,offline,device_failure
2025-01-01T04:32:00+00:00,da-8,database,326.46,98.34,7.46,7.98,93.76,6.36,4.2,48.33,5.76,offline,device_failure
2025-01-01T04:32:05+00:00,cl-6,client,11.72,0.37,56.37,270.83,5.35,36.37,30.01,0.71,66.76,healthy,normal
2025-01-01T04:32:10+00:00,ro-7,router,107.97,4.56,97.3,85.83,16.11,61.41,63.83,2.67,97.79,warning,congestion
2025-01-01T04:32:15+00:00,cl-4,client,139.46,2.01,83.17,152.02,19.2,92.82,98.16,6.14,82.83,warning,device_overload
2025-01-01T04:32:20+00:00,ac-2,access_switch,201.19,14.26,99.45,97.52,25.17,62.76,59.92,4.23,98.87,warning,congestion
2025-01-01T04:32:25+00:00,ac-1,access_switch,24.18,1.06,58.28,146.39,2.76,42.92,58.95,0.28,58.41,healthy,normal
2025-01-01T04:32:30+00:00,cl-6,client,25.55,0.11,42.15,140.96,2.29,26.87,54.99,0.01,56.9,healthy,normal
2025-01-01T04:32:35+00:00,co-5,core_switch,121.16,12.26,90.76,168.49,16.68,58.48,61.05,1.6,94.68,warning,congestion
2025-01-01T04:32:40+00:00,ac-6,access_switch,10.96,0.87,35.39,308.58,4.24,16.37,29.01,0.29,30.71,healthy,normal
2025-01-01T04:32:45+00:00,co-2,core_switch,36.0,0.72,50.64,269.26,4.52,59.42,54.49,0.25,24.91,healthy,normal
2025-01-01T04:32:50+00:00,se-6,server,92.34,2.22,94.0,544.28,11.7,71.11,85.46,4.99,98.5,warning,traffic_spike
2025-01-01T04:32:55+00:00,se-4,server,17.55,0.89,56.13,254.97,1.23,54.85,24.25,0.59,64.09,healthy,normal
2025-01-01T04:33:00+00:00,se-3,server,96.13,13.59,92.38,150.87,35.9,50.89,68.14,6.38,86.22,warning,congestion
2025-01-01T04:33:05+00:00,ro-4,router,26.77,0.5,57.78,240.58,5.62,17.39,64.28,0.28,19.42,healthy,normal
2025-01-01T04:33:10+00:00,co-6,core_switch,103.82,2.33,91.32,660.77,9.28,84.71,82.43,4.97,90.33,warning,traffic_spike
2025-01-01T04:33:15+00:00,ro-2,router,38.61,1.12,61.37,265.7,3.78,29.76,66.55,0.8,62.89,healthy,normal
2025-01-01T04:33:20+00:00,ro-3,router,115.42,5.2,52.62,174.97,20.8,97.15,99.7,4.46,65.84,warning,device_overload
2025-01-01T04:33:25+00:00,ro-6,router,18.21,0.75,59.87,192.73,2.45,30.75,60.85,0.15,31.1,healthy,normal
2025-01-01T04:33:30+00:00,ro-5,router,408.99,96.31,4.15,0.88,85.09,5.9,11.94,83.39,5.91,offline,device_failure
2025-01-01T04:33:35+00:00,se-2,server,35.39,0.45,44.23,283.52,2.79,31.61,48.48,0.85,44.51,healthy,normal
2025-01-01T04:33:40+00:00,ac-6,access_switch,164.71,1.29,51.82,121.41,15.77,97.9,89.22,1.33,56.65,warning,device_overload
2025-01-01T04:33:45+00:00,ac-5,access_switch,33.89,0.94,61.44,278.47,4.69,37.22,51.68,0.48,18.15,healthy,normal
2025-01-01T04:33:50+00:00,ro-2,router,20.51,0.19,38.6,222.6,2.96,49.69,31.78,0.46,60.64,healthy,normal
2025-01-01T04:33:55+00:00,se-1,server,81.4,4.04,92.93,706.09,18.1,76.84,83.22,4.67,94.45,warning,traffic_spike
2025-01-01T04:34:00+00:00,da-2,database,24.05,0.02,38.17,127.12,2.18,34.17,49.38,0.14,63.46,healthy,normal
2025-01-01T04:34:05+00:00,cl-8,client,141.76,12.85,94.61,80.68,15.16,61.98,45.01,1.23,97.15,warning,congestion
2025-01-01T04:34:10+00:00,ro-8,router,21.13,1.44,51.39,228.11,0.83,55.46,64.15,0.5,24.31,healthy,normal
2025-01-01T04:34:15+00:00,ac-6,access_switch,24.61,0.15,47.38,312.61,3.31,17.06,42.83,0.12,19.8,healthy,normal
2025-01-01T04:34:20+00:00,co-4,core_switch,269.82,96.2,5.7,0.26,68.11,55.8,30.21,27.13,17.14,offline,link_failure
2025-01-01T04:34:25+00:00,da-4,database,238.88,98.7,10.21,23.35,77.11,22.45,49.62,45.93,3.07,offline,link_failure
2025-01-01T04:34:30+00:00,ac-5,access_switch,422.44,91.27,13.82,18.56,65.45,58.13,71.48,44.28,1.63,offline,link_failure
2025-01-01T04:34:35+00:00,co-6,core_switch,146.86,6.58,47.43,84.18,8.54,86.2,92.95,1.27,60.38,warning,device_overload
2025-01-01T04:34:40+00:00,ro-7,router,466.25,90.02,0.47,5.23,84.5,5.49,3.17,55.44,2.7,offline,device_failure
2025-01-01T04:34:45+00:00,da-2,database,20.18,0.59,60.25,275.72,3.07,33.6,67.23,0.37,56.87,healthy,normal
2025-01-01T04:34:50+00:00,se-4,server,22.34,1.48,24.24,189.14,5.9,31.91,45.48,0.83,57.09,healthy,normal
2025-01-01T04:34:55+00:00,co-6,core_switch,160.41,3.52,77.2,189.21,21.62,91.42,88.29,5.29,69.04,warning,device_overload
2025-01-01T04:35:00+00:00,co-8,core_switch,137.02,8.54,94.43,528.04,25.78,94.76,78.68,4.92,96.4,warning,traffic_spike
2025-01-01T04:35:05+00:00,ac-5,access_switch,26.49,1.49,63.48,162.99,4.5,51.4,48.8,0.86,54.34,healthy,normal
2025-01-01T04:35:10+00:00,ro-4,router,32.45,0.47,48.56,201.1,4.49,42.41,61.51,0.57,61.15,healthy,normal
2025-01-01T04:35:15+00:00,da-4,database,25.05,0.94,18.25,172.18,5.39,58.99,51.96,0.85,53.87,healthy,normal
2025-01-01T04:35:20+00:00,ro-1,router,264.15,95.86,5.77,1.28,70.05,3.15,1.59,45.34,5.49,warning,device_failure
2025-01-01T04:35:25+00:00,ac-1,access_switch,449.13,75.31,13.71,22.26,49.67,42.09,39.04,29.44,9.76,offline,link_failure
2025-01-01T04:35:30+00:00,da-8,database,272.24,82.72,11.23,12.03,77.04,40.0,41.19,30.07,0.24,warning,link_failure
2025-01-01T04:35:35+00:00,da-6,database,68.39,6.9,80.93,70.8,12.27,89.54,85.29,6.61,68.77,warning,device_overload
2025-01-01T04:35:40+00:00,ac-1,access_switch,33.03,0.18,64.22,246.92,4.4,54.48,51.94,0.08,16.27,healthy,normal
2025-01-01T04:35:45+00:00,ac-1,access_switch,470.33,98.22,0.07,6.2,85.5,63.99,59.54,36.82,5.96,warning,link_failure
2025-01-01T04:35:50+00:00,co-4,core_switch,201.32,5.85,89.92,121.25,32.4,59.16,62.58,6.5,89.71,warning,congestion
2025-01-01T04:35:55+00:00,se-4,server,11.35,1.4,49.7,149.2,1.86,17.18,67.07,0.33,25.33,healthy,normal
2025-01-01T04:36:00+00:00,se-5,server,453.95,98.17,2.04,1.64,91.49,7.39,1.92,52.21,7.91,warning,device_failure
2025-01-01T04:36:05+00:00,co-7,core_switch,22.46,0.43,26.92,175.45,5.83,30.75,54.51,0.08,30.92,healthy,normal
2025-01-01T04:36:10+00:00,ac-5,access_switch,291.85,83.78,16.73,8.84,75.25,46.26,71.63,61.23,6.87,offline,link_failure
2025-01-01T04:36:15+00:00,cl-2,client,27.09,0.93,45.21,303.03,4.86,25.79,53.65,0.04,25.32,healthy,normal
2025-01-01T04:36:20+00:00,co-4,core_switch,36.01,1.04,42.68,276.96,1.34,40.65,24.18,0.13,16.41,healthy,normal
2025-01-01T04:36:25+00:00,cl-1,client,257.55,72.68,6.83,18.59,62.78,39.6,42.84,43.18,8.41,warning,link_failure
2025-01-01T04:36:30+00:00,cl-1,client,429.32,93.57,4.77,4.05,68.02,5.12,5.79,36.59,1.64,warning,device_failure
2025-01-01T04:36:35+00:00,co-1,core_switch,130.88,8.2,99.71,502.14,11.8,93.63,71.44,0.63,96.09,warning,traffic_spike
2025-01-01T04:36:40+00:00,da-3,database,81.51,6.0,95.57,658.69,9.99,88.77,65.05,0.97,95.63,warning,traffic_spike
2025-01-01T04:36:45+00:00,cl-7,client,156.54,3.83,66.1,188.0,9.78,95.08,85.09,3.97,85.74,warning,device_overload
2025-01-01T04:36:50+00:00,ro-7,router,34.8,1.35,58.12,220.92,5.52,17.85,63.9,0.44,17.44,healthy,normal
2025-01-01T04:36:55+00:00,co-5,core_switch,293.23,86.1,0.51,13.1,34.5,40.23,31.31,48.41,1.82,offline,link_failure
2025-01-01T04:37:00+00:00,se-8,server,60.96,1.86,67.3,126.71,11.23,96.15,93.88,7.4,59.87,warning,device_overload
2025-01-01T04:37:05+00:00,ac-8,access_switch,345.29,73.25,18.04,22.69,83.84,44.03,34.04,38.74,14.33,offline,link_failure
2025-01-01T04:37:10+00:00,cl-8,client,217.82,11.61,89.58,63.76,17.63,69.79,60.16,1.18,95.85,warning,congestion
2025-01-01T04:37:15+00:00,se-6,server,456.57,88.96,12.72,15.25,48.22,48.82,49.97,52.62,0.16,warning,link_failure
2025-01-01T04:37:20+00:00,se-3,server,166.07,5.5,58.38,179.47,10.86,87.5,90.69,7.14,67.61,warning,device_overload
2025-01-01T04:37:25+00:00,ac-2,access_switch,20.68,1.43,40.87,319.1,1.31,43.43,43.34,0.64,29.75,healthy,normal
2025-01-01T04:37:30+00:00,ro-8,router,31.4,0.58,24.46,215.7,3.93,58.45,35.09,0.18,20.78,healthy,normal
2025-01-01T04:37:35+00:00,co-8,core_switch,75.34,8.46,92.22,853.37,17.55,81.04,51.22,1.89,90.14,warning,traffic_spike
2025-01-01T04:37:40+00:00,da-5,database,119.35,5.21,98.76,804.35,14.64,81.47,65.44,2.24,91.17,warning,traffic_spike
2025-01-01T04:37:45+00:00,se-6,server,156.89,3.4,50.01,176.9,17.62,90.21,88.21,4.94,63.14,warning,device_overload
2025-01-01T04:37:50+00:00,da-3,database,28.32,0.08,39.77,139.76,4.54,36.25,35.94,0.39,16.22,healthy,normal
2025-01-01T04:37:55+00:00,ac-2,access_switch,17.29,0.25,51.71,314.12,3.7,45.19,47.13,0.89,47.04,healthy,normal
2025-01-01T04:38:00+00:00,da-7,database,267.21,92.3,8.81,3.39,72.55,5.06,7.88,84.14,7.86,offline,device_failure
2025-01-01T04:38:05+00:00,ac-7,access_switch,21.93,0.4,44.07,233.1,2.42,37.08,64.75,0.64,58.29,healthy,normal
2025-01-01T04:38:10+00:00,se-3,server,154.75,11.52,83.07,91.84,13.36,47.85,71.59,3.48,90.0,warning,congestion
2025-01-01T04:38:15+00:00,ro-7,router,12.42,0.91,19.7,309.56,1.23,17.11,28.68,0.35,58.4,healthy,normal
2025-01-01T04:38:20+00:00,ac-5,access_switch,134.27,7.73,95.24,45.04,14.5,77.75,73.29,6.13,87.82,warning,congestion
2025-01-01T04:38:25+00:00,se-3,server,421.32,72.12,14.23,4.34,72.85,35.29,56.71,45.68,16.81,offline,link_failure
2025-01-01T04:38:30+00:00,co-1,core_switch,25.97,1.44,25.42,200.57,2.86,51.94,63.64,0.51,20.51,healthy,normal
2025-01-01T04:38:35+00:00,ro-7,router,405.3,73.84,2.59,11.87,42.8,61.08,25.04,26.61,0.6,offline,link_failure
2025-01-01T04:38:40+00:00,ac-3,access_switch,14.73,0.69,37.76,283.59,2.08,52.44,52.44,0.69,36.52,healthy,normal
2025-01-01T04:38:45+00:00,se-6,server,11.95,0.48,27.05,219.8,3.35,53.24,27.5,0.9,15.77,healthy,normal
2025-01-01T04:38:50+00:00,cl-6,client,112.88,14.06,98.35,111.43,30.75,57.7,63.58,6.4,92.91,warning,congestion
2025-01-01T04:38:55+00:00,cl-3,client,11.9,1.09,49.64,303.95,1.65,50.52,47.29,0.71,62.68,healthy,normal
2025-01-01T04:39:00+00:00,ro-2,router,299.81,98.36,16.03,0.49,69.53,48.22,71.83,47.14,8.91,offline,link_failure
2025-01-01T04:39:05+00:00,ac-5,access_switch,86.14,6.43,84.01,135.07,11.95,95.51,92.4,7.64,84.35,warning,device_overload
2025-01-01T04:39:10+00:00,cl-5,client,160.99,1.38,84.88,176.24,22.09,87.81,94.18,6.35,75.93,warning,device_overload
2025-01-01T04:39:15+00:00,se-3,server,125.84,8.31,97.67,533.43,23.47,71.08,80.21,2.35,96.28,warning,traffic_spike
2025-01-01T04:39:20+00:00,ro-8,router,347.71,80.16,3.82,12.19,64.74,31.14,42.83,31.69,2.18,warning,link_failure
2025-01-01T04:39:25+00:00,se-6,server,158.36,15.52,90.99,140.73,37.16,77.07,48.48,4.09,87.0,warning,congestion
2025-01-01T04:39:30+00:00,ac-8,access_switch,28.04,0.85,35.0,296.7,3.55,26.75,35.64,0.89,61.4,healthy,normal
2025-01-01T04:39:35+00:00,ro-3,router,41.8,0.33,27.62,168.35,1.09,54.11,54.44,0.46,16.05,healthy,normal
2025-01-01T04:39:40+00:00,co-4,core_switch,389.55,95.32,2.92,2.58,69.74,8.99,9.18,49.82,2.61,warning,device_failure
2025-01-01T04:39:45+00:00,se-4,server,41.9,1.09,23.81,225.07,1.18,19.53,27.14,0.35,48.14,healthy,normal
2025-01-01T04:39:50+00:00,cl-2,client,20.22,0.39,41.3,231.8,3.83,49.52,51.97,0.41,40.35,healthy,normal
2025-01-01T04:39:55+00:00,ro-8,router,10.8,0.56,48.33,114.39,2.89,20.86,53.42,0.17,36.04,healthy,normal
2025-01-01T04:40:00+00:00,cl-4,client,66.7,4.68,89.84,899.31,17.92,83.76,59.7,2.71,94.81,warning,traffic_spike
2025-01-01T04:40:05+00:00,cl-4,client,110.71,7.47,64.95,144.58,9.61,99.59,87.05,5.12,63.69,warning,device_overload
2025-01-01T04:40:10+00:00,se-2,server,448.91,91.61,2.77,0.86,82.34,7.03,9.43,89.0,7.32,offline,device_failure
2025-01-01T04:40:15+00:00,cl-3,client,26.87,0.6,24.9,243.03,1.32,51.15,39.48,0.28,52.62,healthy,normal
2025-01-01T04:40:20+00:00,se-5,server,24.28,1.2,57.07,328.66,5.78,31.25,38.59,0.2,64.98,healthy,normal
2025-01-01T04:40:25+00:00,cl-8,client,28.37,1.16,21.35,256.33,4.13,51.78,38.5,0.34,18.31,healthy,normal
2025-01-01T04:40:30+00:00,cl-8,client,332.45,95.57,1.42,6.42,89.1,9.43,2.4,64.06,2.46,warning,device_failure
2025-01-01T04:40:35+00:00,da-6,database,162.1,6.75,71.81,156.97,21.05,86.79,84.08,1.84,50.39,warning,device_overload
2025-01-01T04:40:40+00:00,da-1,database,37.99,1.18,27.08,245.09,0.81,55.52,63.03,0.75,34.92,healthy,normal
2025-01-01T04:40:45+00:00,co-8,core_switch,176.89,14.88,94.62,132.16,36.06,63.42,66.32,5.76,96.85,warning,congestion
2025-01-01T04:40:50+00:00,da-8,database,20.15,0.13,53.1,186.54,4.28,49.18,33.08,0.44,59.68,healthy,normal
2025-01-01T04:40:55+00:00,ac-8,access_switch,29.28,1.1,32.59,253.22,2.11,42.39,59.61,0.72,45.87,healthy,normal
2025-01-01T04:41:00+00:00,cl-5,client,130.76,12.14,99.51,138.77,28.94,51.5,51.46,2.22,89.89,warning,congestion
2025-01-01T04:41:05+00:00,cl-3,client,124.02,5.57,95.98,843.46,17.01,95.7,75.3,2.36,93.31,warning,traffic_spike
2025-01-01T04:41:10+00:00,ro-6,router,137.5,7.27,51.24,66.97,21.53,97.06,99.0,1.63,67.84,warning,device_overload
2025-01-01T04:41:15+00:00,ro-8,router,21.36,0.16,31.06,273.2,2.95,57.81,27.4,0.37,35.93,healthy,normal
2025-01-01T04:41:20+00:00,se-1,server,41.0,1.08,20.57,169.47,2.21,15.07,27.57,0.89,35.39,healthy,normal
2025-01-01T04:41:25+00:00,se-7,server,32.22,0.69,37.7,251.33,4.8,56.77,39.96,0.41,25.01,healthy,normal
2025-01-01T04:41:30+00:00,cl-8,client,25.35,0.45,53.93,184.26,3.05,29.6,24.92,0.68,52.78,healthy,normal
2025-01-01T04:41:35+00:00,ro-5,router,38.52,0.64,51.02,135.8,4.46,43.64,62.01,0.75,58.56,healthy,normal
2025-01-01T04:41:40+00:00,ac-4,access_switch,131.48,9.18,90.64,839.32,8.25,74.12,83.26,1.83,95.43,warning,traffic_spike
2025-01-01T04:41:45+00:00,se-2,server,30.32,1.25,25.0,154.53,5.66,51.14,40.62,0.32,17.92,healthy,normal
2025-01-01T04:41:50+00:00,ro-7,router,22.74,0.6,20.57,205.36,5.32,17.6,49.35,0.24,21.22,healthy,normal
2025-01-01T04:41:55+00:00,da-8,database,110.95,4.02,53.11,135.25,22.66,91.77,84.52,7.51,61.65,warning,device_overload
2025-01-01T04:42:00+00:00,se-5,server,29.71,1.24,58.56,142.91,5.29,38.01,24.81,0.6,40.48,healthy,normal
2025-01-01T04:42:05+00:00,cl-8,client,150.59,10.76,91.64,105.62,18.66,53.02,54.54,3.42,93.43,warning,congestion
2025-01-01T04:42:10+00:00,cl-7,client,41.88,0.67,29.92,220.49,5.68,25.54,62.4,0.85,44.63,healthy,normal
2025-01-01T04:42:15+00:00,ac-5,access_switch,25.62,0.5,64.44,113.51,5.02,23.75,57.49,0.85,35.0,healthy,normal
2025-01-01T04:42:20+00:00,cl-2,client,455.53,92.58,7.65,4.18,48.64,0.21,2.23,64.41,7.58,offline,device_failure
2025-01-01T04:42:25+00:00,se-2,server,372.21,84.58,9.24,7.83,64.07,50.15,32.88,56.46,3.9,warning,link_failure
2025-01-01T04:42:30+00:00,da-7,database,30.44,0.7,43.32,285.19,1.41,44.41,50.9,0.33,41.66,healthy,normal
2025-01-01T04:42:35+00:00,co-7,core_switch,35.83,1.2,19.24,308.59,3.89,28.67,56.28,0.25,28.61,healthy,normal
2025-01-01T04:42:40+00:00,cl-2,client,278.58,88.94,4.9,6.12,39.34,45.19,66.67,64.98,12.66,offline,link_failure
2025-01-01T04:42:45+00:00,da-3,database,94.06,8.73,95.16,440.34,18.01,97.8,86.37,0.72,94.23,warning,traffic_spike
2025-01-01T04:42:50+00:00,ro-5,router,82.75,2.65,98.76,639.05,22.45,70.88,68.12,2.6,91.52,warning,traffic_spike
2025-01-01T04:42:55+00:00,co-1,core_switch,144.34,14.39,83.85,165.98,20.9,64.2,77.23,4.33,89.92,warning,congestion
2025-01-01T04:43:00+00:00,ac-8,access_switch,115.72,5.79,84.0,98.51,14.75,89.99,84.11,2.61,53.48,warning,device_overload
2025-01-01T04:43:05+00:00,cl-7,client,12.96,0.52,44.24,205.74,4.82,45.88,50.87,0.57,39.35,healthy,normal
2025-01-01T04:43:10+00:00,ro-5,router,28.87,1.26,58.6,315.08,1.74,31.33,50.36,0.03,15.52,healthy,normal
2025-01-01T04:43:15+00:00,se-5,server,481.71,98.02,9.83,3.54,86.36,8.37,6.63,64.23,4.62,warning,device_failure
2025-01-01T04:43:20+00:00,co-3,core_switch,293.39,95.9,3.6,2.97,55.92,3.34,7.53,45.0,1.93,offline,device_failure
2025-01-01T04:43:25+00:00,ro-2,router,96.04,7.0,64.09,136.27,19.46,95.41,89.93,7.82,54.06,warning,device_overload
2025-01-01T04:43:30+00:00,ac-6,access_switch,201.87,6.98,98.4,66.62,21.4,63.66,49.77,3.97,87.64,warning,congestion
2025-01-01T04:43:35+00:00,co-6,core_switch,14.79,1.47,28.36,171.33,2.11,21.51,56.51,0.51,56.48,healthy,normal
2025-01-01T04:43:40+00:00,da-7,database,20.43,0.66,43.93,217.98,5.41,31.82,24.54,0.64,59.55,healthy,normal
2025-01-01T04:43:45+00:00,ac-1,access_switch,41.97,0.46,42.37,244.88,2.32,36.41,53.86,0.14,34.71,healthy,normal
2025-01-01T04:43:50+00:00,ac-8,access_switch,33.95,0.86,58.76,274.81,0.92,34.25,57.12,0.57,33.78,healthy,normal
2025-01-01T04:43:55+00:00,se-4,server,140.18,10.28,89.24,110.0,33.49,50.03,47.17,2.22,95.89,warning,congestion
2025-01-01T04:44:00+00:00,se-8,server,21.94,0.03,21.96,153.55,1.51,57.35,56.88,0.89,26.18,healthy,normal
2025-01-01T04:44:05+00:00,ro-5,router,39.99,0.67,61.47,276.57,5.23,39.52,54.65,0.38,53.28,healthy,normal
2025-01-01T04:44:10+00:00,se-8,server,10.25,0.05,56.01,323.64,2.53,37.76,47.74,0.52,53.41,healthy,normal
2025-01-01T04:44:15+00:00,co-3,core_switch,30.95,1.16,64.27,301.15,2.83,52.24,43.93,0.67,58.94,healthy,normal
2025-01-01T04:44:20+00:00,se-7,server,260.95,80.07,2.5,15.03,85.61,26.96,32.94,20.54,17.36,offline,link_failure
2025-01-01T04:44:25+00:00,ac-7,access_switch,155.58,5.74,77.0,72.75,16.05,96.27,85.95,4.62,64.25,warning,device_overload
2025-01-01T04:44:30+00:00,se-1,server,217.8,9.19,93.07,124.78,27.74,54.73,44.67,6.71,95.21,warning,congestion
2025-01-01T04:44:35+00:00,da-3,database,174.37,4.85,85.48,115.69,38.0,58.98,53.02,2.11,93.1,warning,congestion
2025-01-01T04:44:40+00:00,ro-1,router,88.23,5.56,70.36,103.64,16.58,95.12,94.41,3.91,52.58,warning,device_overload
2025-01-01T04:44:45+00:00,cl-7,client,130.55,1.51,53.57,77.7,15.46,94.6,94.8,6.76,74.13,warning,device_overload
2025-01-01T04:44:50+00:00,da-7,database,123.63,6.2,89.1,868.98,17.21,76.47,78.29,4.61,92.04,warning,traffic_spike
2025-01-01T04:44:55+00:00,co-7,core_switch,26.36,0.76,33.68,232.84,3.43,26.75,57.87,0.19,58.3,healthy,normal
2025-01-01T04:45:00+00:00,ro-4,router,15.56,1.29,51.56,218.76,3.38,33.75,62.02,0.7,26.63,healthy,normal
2025-01-01T04:45:05+00:00,cl-2,client,116.56,6.03,97.61,544.14,25.84,88.95,51.77,3.16,94.69,warning,traffic_spike
2025-01-01T04:45:10+00:00,ac-7,access_switch,101.14,8.3,90.12,702.11,19.12,96.82,52.5,2.87,97.47,warning,traffic_spike
2025-01-01T04:45:15+00:00,co-2,core_switch,32.83,1.04,28.73,137.07,5.82,31.06,54.44,0.28,15.38,healthy,normal
2025-01-01T04:45:20+00:00,cl-4,client,13.42,0.11,42.81,208.51,4.71,28.88,54.94,0.78,40.68,healthy,normal
2025-01-01T04:45:25+00:00,da-2,database,37.93,0.8,46.72,146.69,2.96,16.09,35.52,0.34,21.77,healthy,normal
2025-01-01T04:45:30+00:00,se-2,server,27.7,0.85,18.46,185.71,1.3,16.91,66.84,0.74,38.9,healthy,normal
2025-01-01T04:45:35+00:00,co-6,core_switch,67.41,3.78,70.49,76.07,15.69,86.25,87.45,4.14,46.38,warning,device_overload
2025-01-01T04:45:40+00:00,da-2,database,36.64,0.47,21.51,311.49,2.24,42.73,27.62,0.63,57.43,healthy,normal
2025-01-01T04:45:45+00:00,se-8,server,14.57,0.74,19.71,273.46,2.7,46.32,49.14,0.5,37.56,healthy,normal
2025-01-01T04:45:50+00:00,co-6,core_switch,291.75,99.53,3.62,0.9,67.12,2.25,1.85,88.58,0.29,offline,device_failure
2025-01-01T04:45:55+00:00,da-2,database,361.04,88.43,8.94,5.32,89.56,11.37,1.41,47.17,1.0,warning,device_failure
2025-01-01T04:46:00+00:00,se-4,server,92.99,14.38,92.97,161.79,32.62,55.86,42.0,2.86,94.93,warning,congestion
2025-01-01T04:46:05+00:00,da-7,database,23.28,0.36,44.48,158.91,2.8,44.74,46.77,0.86,39.99,healthy,normal
2025-01-01T04:46:10+00:00,da-2,database,28.82,1.31,18.91,112.57,4.94,28.43,41.24,0.61,40.38,healthy,normal
2025-01-01T04:46:15+00:00,cl-5,client,23.78,0.36,23.7,196.09,0.83,52.37,24.78,0.52,54.96,healthy,normal
2025-01-01T04:46:20+00:00,ac-6,access_switch,100.98,7.4,96.62,572.32,25.21,76.63,56.13,0.94,91.06,warning,traffic_spike
2025-01-01T04:46:25+00:00,da-1,database,76.15,2.18,48.8,186.97,8.68,93.31,98.9,1.05,77.0,warning,device_overload
2025-01-01T04:46:30+00:00,ro-6,router,238.73,99.63,1.2,7.86,76.81,1.94,11.41,60.38,5.07,offline,device_failure
2025-01-01T04:46:35+00:00,ac-7,access_switch,404.83,95.94,6.74,7.26,79.5,3.41,2.75,68.23,3.45,offline,device_failure
2025-01-01T04:46:40+00:00,cl-8,client,35.11,0.25,24.68,110.77,5.2,57.56,67.08,0.07,16.55,healthy,normal
2025-01-01T04:46:45+00:00,cl-6,client,17.28,0.73,53.35,129.45,2.32,21.42,66.41,0.77,39.39,healthy,normal
2025-01-01T04:46:50+00:00,da-8,database,167.83,3.36,47.58,95.04,16.29,90.97,99.32,7.73,47.14,warning,device_overload
2025-01-01T04:46:55+00:00,ro-7,router,142.67,3.45,63.82,186.47,13.8,98.84,86.16,4.14,50.98,warning,device_overload
2025-01-01T04:47:00+00:00,se-2,server,11.22,1.17,19.17,224.56,1.63,29.55,52.38,0.1,51.91,healthy,normal
2025-01-01T04:47:05+00:00,se-1,server,77.35,2.39,45.24,94.91,14.87,96.98,84.2,2.21,52.3,warning,device_overload
2025-01-01T04:47:10+00:00,co-2,core_switch,16.02,1.11,39.16,151.02,1.77,16.27,49.34,0.27,18.6,healthy,normal
2025-01-01T04:47:15+00:00,cl-1,client,13.08,0.37,63.96,245.09,2.63,39.72,48.4,0.5,38.17,healthy,normal
2025-01-01T04:47:20+00:00,co-7,core_switch,131.12,7.33,46.05,178.82,19.21,99.33,86.62,5.1,73.02,warning,device_overload
2025-01-01T04:47:25+00:00,se-2,server,67.3,2.49,98.09,617.56,15.73,89.63,81.8,5.0,93.76,warning,traffic_spike
2025-01-01T04:47:30+00:00,ac-7,access_switch,15.43,1.35,44.09,312.77,1.1,45.62,52.55,0.9,64.02,healthy,normal
2025-01-01T04:47:35+00:00,da-3,database,21.4,1.32,59.39,237.37,1.69,34.44,24.36,0.47,47.69,healthy,normal
2025-01-01T04:47:40+00:00,ro-3,router,276.7,81.34,0.25,4.46,85.53,59.11,50.45,38.42,14.99,warning,link_failure
2025-01-01T04:47:45+00:00,ro-1,router,34.93,0.28,58.24,288.05,4.81,54.68,61.41,0.3,15.79,healthy,normal
2025-01-01T04:47:50+00:00,co-1,core_switch,33.49,0.81,56.16,159.94,5.49,28.03,28.6,0.39,39.69,healthy,normal
2025-01-01T04:47:55+00:00,da-2,database,354.5,90.11,16.16,7.88,80.68,59.65,52.2,21.58,6.37,warning,link_failure
2025-01-01T04:48:00+00:00,ac-6,access_switch,39.96,0.42,57.93,240.04,5.94,20.24,37.61,0.46,56.52,healthy,normal
2025-01-01T04:48:05+00:00,da-5,database,17.86,1.16,61.51,179.83,4.97,33.59,42.68,0.28,62.56,healthy,normal
2025-01-01T04:48:10+00:00,da-7,database,80.71,3.86,51.56,119.24,9.68,89.7,87.65,6.29,53.2,warning,device_overload
2025-01-01T04:48:15+00:00,da-1,database,318.15,92.87,3.21,6.45,51.01,11.24,0.88,47.85,1.53,warning,device_failure
2025-01-01T04:48:20+00:00,se-4,server,68.53,6.62,94.08,618.48,21.9,70.58,74.06,2.44,99.33,warning,traffic_spike
2025-01-01T04:48:25+00:00,cl-2,client,357.11,88.09,6.81,1.49,58.08,8.99,6.18,75.09,1.72,warning,device_failure
2025-01-01T04:48:30+00:00,ro-2,router,16.97,0.11,64.78,152.41,1.19,30.5,53.65,0.64,56.85,healthy,normal
2025-01-01T04:48:35+00:00,co-2,core_switch,212.6,99.97,10.15,22.2,40.23,40.04,37.0,44.24,15.94,offline,link_failure
2025-01-01T04:48:40+00:00,cl-2,client,264.17,99.0,20.5,19.04,55.05,33.74,67.43,64.54,1.16,warning,link_failure
2025-01-01T04:48:45+00:00,se-6,server,28.96,0.61,28.88,250.16,0.9,39.54,52.47,0.8,28.96,healthy,normal
2025-01-01T04:48:50+00:00,ro-2,router,128.24,12.01,91.06,135.65,35.14,59.97,74.47,1.06,93.41,warning,congestion
2025-01-01T04:48:55+00:00,cl-5,client,38.71,0.76,47.18,275.23,4.29,27.66,65.71,0.73,24.6,healthy,normal
2025-01-01T04:49:00+00:00,co-7,core_switch,94.51,6.46,94.77,44.42,36.42,65.17,49.83,5.85,97.68,warning,congestion
2025-01-01T04:49:05+00:00,da-4,database,32.07,0.77,26.93,310.4,4.77,41.53,32.86,0.67,15.36,healthy,normal
2025-01-01T04:49:10+00:00,cl-4,client,10.11,1.35,42.66,272.46,2.24,20.04,27.56,0.26,36.45,healthy,normal
2025-01-01T04:49:15+00:00,cl-8,client,113.65,12.29,89.92,145.29,17.29,53.65,68.21,4.89,98.43,warning,congestion
2025-01-01T04:49:20+00:00,se-2,server,27.86,0.55,60.21,255.02,1.76,45.98,47.54,0.03,24.1,healthy,normal
2025-01-01T04:49:25+00:00,se-2,server,23.06,0.98,29.48,178.4,5.55,36.31,46.93,0.36,23.04,healthy,normal
2025-01-01T04:49:30+00:00,da-1,database,25.11,0.62,50.47,165.19,3.45,15.17,54.57,0.22,19.58,healthy,normal
2025-01-01T04:49:35+00:00,ro-3,router,26.99,1.0,38.88,249.41,3.93,39.3,63.85,0.51,63.97,healthy,normal
2025-01-01T04:49:40+00:00,da-3,database,141.9,8.34,97.45,746.66,18.34,76.22,71.74,1.62,93.17,warning,traffic_spike
2025-01-01T04:49:45+00:00,se-3,server,295.6,99.6,1.74,3.51,79.78,9.77,5.8,82.29,0.68,offline,device_failure
2025-01-01T04:49:50+00:00,cl-3,client,17.4,0.08,50.67,219.63,0.95,45.56,36.3,0.44,66.74,healthy,normal
2025-01-01T04:49:55+00:00,ro-3,router,27.96,1.49,30.0,206.26,5.96,54.91,30.97,0.89,25.48,healthy,normal
2025-01-01T04:50:00+00:00,ac-8,access_switch,19.84,0.49,26.73,289.58,3.63,58.88,42.73,0.06,63.19,healthy,normal
2025-01-01T04:50:05+00:00,co-8,core_switch,491.59,88.3,4.16,6.06,78.62,7.8,4.65,38.64,1.92,offline,device_failure
2025-01-01T04:50:10+00:00,da-1,database,146.86,13.27,87.96,130.74,27.44,54.29,49.89,6.33,91.67,warning,congestion
2025-01-01T04:50:15+00:00,cl-4,client,114.7,6.84,59.86,160.44,21.5,93.1,89.66,3.4,64.47,warning,device_overload
2025-01-01T04:50:20+00:00,da-3,database,386.4,79.74,7.46,5.61,34.42,63.78,68.65,43.09,12.56,offline,link_failure
2025-01-01T04:50:25+00:00,ac-3,access_switch,16.08,0.93,64.51,118.26,1.48,27.01,24.19,0.32,59.06,healthy,normal
2025-01-01T04:50:30+00:00,ro-3,router,13.86,0.72,42.3,245.93,4.91,41.45,48.05,0.06,35.69,healthy,normal
2025-01-01T04:50:35+00:00,ro-4,router,24.02,0.62,53.91,239.6,0.81,52.53,46.35,0.74,64.76,healthy,normal
2025-01-01T04:50:40+00:00,se-5,server,12.88,0.24,46.71,290.84,5.68,38.06,40.51,0.29,21.25,healthy,normal
2025-01-01T04:50:45+00:00,ro-8,router,218.1,4.04,91.43,134.3,25.06,68.11,49.44,1.48,87.79,warning,congestion
2025-01-01T04:50:50+00:00,co-8,core_switch,35.42,0.88,26.54,308.39,1.14,57.32,40.43,0.33,31.61,healthy,normal
2025-01-01T04:50:55+00:00,se-4,server,30.31,0.83,63.71,260.81,4.26,45.13,57.2,0.71,35.5,healthy,normal
2025-01-01T04:51:00+00:00,ac-8,access_switch,286.75,96.6,7.63,6.7,51.37,6.87,0.09,36.58,3.45,offline,device_failure
2025-01-01T04:51:05+00:00,ro-7,router,38.12,1.21,58.49,255.2,1.81,18.57,40.65,0.02,51.03,healthy,normal
2025-01-01T04:51:10+00:00,cl-6,client,22.05,0.69,45.72,222.26,2.33,25.36,54.38,0.79,35.13,healthy,normal
2025-01-01T04:51:15+00:00,se-6,server,112.69,6.93,59.48,108.08,7.27,93.79,88.29,8.0,62.97,warning,device_overload
2025-01-01T04:51:20+00:00,co-3,core_switch,36.01,0.47,51.11,319.57,3.86,31.97,26.21,0.63,59.46,healthy,normal
2025-01-01T04:51:25+00:00,cl-8,client,407.34,86.49,0.8,2.59,68.37,28.68,71.11,62.2,9.48,warning,link_failure
2025-01-01T04:51:30+00:00,ro-3,router,35.66,0.59,60.67,303.56,5.31,42.56,62.1,0.14,53.61,healthy,normal
2025-01-01T04:51:35+00:00,ro-5,router,127.67,15.33,84.19,61.23,32.57,55.16,72.6,2.94,97.64,warning,congestion
2025-01-01T04:51:40+00:00,da-1,database,218.36,9.71,88.82,90.36,34.15,72.96,59.46,6.63,86.8,warning,congestion
2025-01-01T04:51:45+00:00,se-6,server,111.38,4.69,52.92,149.2,17.36,91.18,99.44,1.37,49.26,warning,device_overload
2025-01-01T04:51:50+00:00,se-8,server,40.54,1.5,46.49,287.0,4.21,43.97,56.71,0.65,21.9,healthy,normal
2025-01-01T04:51:55+00:00,se-8,server,251.48,93.06,3.14,6.24,77.04,1.42,1.85,81.06,2.45,offline,device_failure
2025-01-01T04:52:00+00:00,ro-3,router,27.22,0.94,50.32,308.47,1.86,56.66,47.25,0.34,45.58,healthy,normal
2025-01-01T04:52:05+00:00,ac-2,access_switch,17.54,0.58,40.88,278.64,3.51,52.85,50.59,0.52,46.33,healthy,normal
2025-01-01T04:52:10+00:00,se-7,server,17.42,1.37,64.38,175.34,3.6,25.77,49.7,0.67,61.76,healthy,normal
2025-01-01T04:52:15+00:00,ro-5,router,35.28,0.39,31.11,210.77,3.15,31.3,36.0,0.65,39.98,healthy,normal
2025-01-01T04:52:20+00:00,ro-6,router,18.08,1.24,25.67,214.56,5.51,35.54,67.13,0.78,27.78,healthy,normal
2025-01-01T04:52:25+00:00,ac-7,access_switch,35.53,0.36,43.67,325.95,5.69,16.39,37.82,0.47,46.11,healthy,normal
2025-01-01T04:52:30+00:00,cl-1,client,124.38,5.53,66.4,119.84,7.01,96.07,89.73,1.74,69.76,warning,device_overload
2025-01-01T04:52:35+00:00,co-3,core_switch,173.29,3.76,82.94,168.07,21.89,100.0,91.65,6.4,78.25,warning,device_overload
2025-01-01T04:52:40+00:00,co-8,core_switch,439.98,88.8,4.03,3.25,85.21,8.82,11.91,57.61,3.23,warning,device_failure
2025-01-01T04:52:45+00:00,co-7,core_switch,16.64,0.8,29.36,316.46,1.54,50.97,29.71,0.62,46.98,healthy,normal
2025-01-01T04:52:50+00:00,ro-5,router,22.88,0.55,56.78,234.74,3.15,50.0,33.9,0.27,65.12,healthy,normal
2025-01-01T04:52:55+00:00,ac-6,access_switch,307.56,89.58,6.53,3.04,47.66,6.49,0.44,39.19,1.41,offline,device_failure
2025-01-01T04:53:00+00:00,co-5,core_switch,218.09,5.96,83.16,43.06,29.53,51.03,42.68,2.48,91.39,warning,congestion
2025-01-01T04:53:05+00:00,cl-6,client,22.78,0.64,37.68,118.67,5.62,42.05,62.57,0.17,55.85,healthy,normal
2025-01-01T04:53:10+00:00,ac-1,access_switch,40.39,1.34,23.77,178.92,3.17,38.13,35.74,0.72,39.03,healthy,normal
2025-01-01T04:53:15+00:00,ro-3,router,154.65,13.77,95.38,149.45,31.31,52.3,50.69,2.43,90.6,warning,congestion
2025-01-01T04:53:20+00:00,da-5,database,136.41,2.16,94.62,555.68,14.41,79.81,64.37,2.36,98.26,warning,traffic_spike
2025-01-01T04:53:25+00:00,co-6,core_switch,66.1,3.9,47.61,83.86,15.55,86.88,94.41,7.15,65.93,warning,device_overload
2025-01-01T04:53:30+00:00,co-7,core_switch,21.8,0.21,30.01,329.82,2.72,55.19,39.93,0.39,18.3,healthy,normal
2025-01-01T04:53:35+00:00,ro-5,router,429.11,92.94,6.75,3.48,61.65,0.62,12.22,86.89,6.03,warning,device_failure
2025-01-01T04:53:40+00:00,cl-2,client,162.65,5.76,78.09,187.58,12.43,97.41,88.19,2.26,72.07,warning,device_overload
2025-01-01T04:53:45+00:00,se-3,server,129.65,6.26,98.36,824.99,20.93,82.9,87.61,0.88,97.59,warning,traffic_spike
2025-01-01T04:53:50+00:00,da-8,database,418.53,95.71,5.39,18.35,76.48,40.84,37.84,23.97,15.65,warning,link_failure
2025-01-01T04:53:55+00:00,ac-3,access_switch,31.44,0.08,34.25,315.43,4.8,33.8,39.46,0.12,35.88,healthy,normal
2025-01-01T04:54:00+00:00,cl-7,client,13.48,0.94,54.77,186.73,3.88,24.83,43.34,0.3,56.12,healthy,normal
2025-01-01T04:54:05+00:00,ac-5,access_switch,22.11,0.34,53.9,282.17,2.21,52.53,29.62,0.01,31.66,healthy,normal
2025-01-01T04:54:10+00:00,ro-3,router,149.66,6.12,53.43,132.62,21.95,86.67,91.55,4.48,45.65,warning,device_overload
2025-01-01T04:54:15+00:00,cl-1,client,459.27,90.88,2.72,5.85,79.78,11.35,10.44,43.75,3.11,warning,device_failure
2025-01-01T04:54:20+00:00,ac-6,access_switch,34.61,0.55,34.27,314.26,5.96,51.85,63.08,0.27,40.89,healthy,normal
2025-01-01T04:54:25+00:00,ac-8,access_switch,27.48,0.33,64.26,160.48,2.06,41.12,36.73,0.06,45.07,healthy,normal
2025-01-01T04:54:30+00:00,da-6,database,34.38,0.82,42.95,151.1,5.38,57.31,24.67,0.76,32.69,healthy,normal
2025-01-01T04:54:35+00:00,da-4,database,29.33,0.78,18.57,297.87,3.72,40.31,59.8,0.57,45.6,healthy,normal
2025-01-01T04:54:40+00:00,da-1,database,429.77,93.1,7.51,10.07,70.16,50.55,42.73,41.05,16.13,warning,link_failure
2025-01-01T04:54:45+00:00,se-2,server,139.54,8.46,94.09,604.77,17.04,77.85,80.2,2.98,90.32,warning,traffic_spike
2025-01-01T04:54:50+00:00,se-6,server,38.35,0.99,23.96,165.46,4.92,41.34,26.07,0.42,29.95,healthy,normal
2025-01-01T04:54:55+00:00,cl-7,client,204.75,15.04,87.27,169.43,16.94,51.21,47.37,4.77,89.58,warning,congestion
2025-01-01T04:55:00+00:00,ac-1,access_switch,116.39,3.88,89.21,667.06,26.18,87.58,78.46,0.5,90.68,warning,traffic_spike
2025-01-01T04:55:05+00:00,co-7,core_switch,25.63,0.27,50.01,252.77,4.62,42.83,51.73,0.84,61.45,healthy,normal
2025-01-01T04:55:10+00:00,cl-7,client,23.28,0.63,40.72,328.02,3.34,40.79,39.25,0.4,36.86,healthy,normal
2025-01-01T04:55:15+00:00,cl-1,client,27.4,0.16,50.18,306.91,4.71,15.51,24.23,0.66,19.16,healthy,normal
2025-01-01T04:55:20+00:00,co-6,core_switch,272.75,94.82,0.47,6.71,72.08,0.83,10.34,83.2,5.69,warning,device_failure
2025-01-01T04:55:25+00:00,ro-7,router,10.77,0.45,44.14,255.96,1.3,37.08,33.34,0.77,30.64,healthy,normal
2025-01-01T04:55:30+00:00,ac-8,access_switch,261.23,92.57,7.91,0.49,69.98,7.73,6.88,59.92,4.25,offline,device_failure
2025-01-01T04:55:35+00:00,ro-5,router,74.06,1.83,47.4,76.73,16.73,93.05,88.12,5.34,85.59,warning,device_overload
2025-01-01T04:55:40+00:00,ro-2,router,180.02,9.47,95.49,139.76,19.06,68.6,66.41,5.44,93.55,warning,congestion
2025-01-01T04:55:45+00:00,ac-8,access_switch,28.96,1.33,55.86,159.48,4.07,54.18,38.09,0.53,52.85,healthy,normal
2025-01-01T04:55:50+00:00,se-2,server,36.67,0.03,45.41,245.96,4.02,52.73,33.57,0.74,40.12,healthy,normal
2025-01-01T04:55:55+00:00,cl-7,client,20.06,0.33,20.02,110.98,2.44,24.63,35.64,0.19,28.71,healthy,normal
2025-01-01T04:56:00+00:00,co-8,core_switch,459.14,88.03,1.54,7.62,70.77,4.05,6.25,46.13,5.67,warning,device_failure
2025-01-01T04:56:05+00:00,ac-2,access_switch,169.07,2.48,50.58,65.89,14.54,97.46,97.12,5.44,47.27,warning,device_overload
2025-01-01T04:56:10+00:00,ac-2,access_switch,358.17,99.49,9.82,7.65,82.68,10.39,7.62,84.88,6.26,offline,device_failure
2025-01-01T04:56:15+00:00,ac-1,access_switch,340.58,91.36,15.7,21.13,34.74,27.48,42.26,20.93,5.48,offline,link_failure
2025-01-01T04:56:20+00:00,ro-6,router,413.98,97.35,9.23,1.01,50.5,5.34,9.83,63.41,0.01,offline,device_failure
2025-01-01T04:56:25+00:00,ro-8,router,229.89,14.8,99.56,158.67,15.35,57.35,75.56,3.9,97.59,warning,congestion
2025-01-01T04:56:30+00:00,ro-1,router,24.46,0.01,36.56,200.29,4.15,27.33,67.65,0.75,20.24,healthy,normal
2025-01-01T04:56:35+00:00,co-6,core_switch,38.0,1.26,38.1,235.24,1.8,36.0,66.99,0.31,31.51,healthy,normal
2025-01-01T04:56:40+00:00,se-8,server,32.96,1.22,28.39,292.52,2.74,32.46,63.62,0.03,52.71,healthy,normal
2025-01-01T04:56:45+00:00,cl-4,client,114.09,7.92,88.36,559.87,22.49,94.46,63.41,3.41,90.62,warning,traffic_spike
2025-01-01T04:56:50+00:00,cl-2,client,21.24,1.49,22.59,244.18,2.78,45.03,56.45,0.13,18.01,healthy,normal
2025-01-01T04:56:55+00:00,se-3,server,20.78,0.89,21.54,130.12,4.12,43.91,66.97,0.31,50.61,healthy,normal
2025-01-01T04:57:00+00:00,co-5,core_switch,254.74,89.51,7.57,5.47,76.88,11.67,12.62,35.95,1.48,offline,device_failure
2025-01-01T04:57:05+00:00,da-7,database,299.28,90.53,17.41,4.63,88.22,45.91,27.73,62.37,11.5,warning,link_failure
2025-01-01T04:57:10+00:00,co-5,core_switch,36.1,0.31,29.73,205.73,1.12,59.83,46.98,0.4,47.71,healthy,normal
2025-01-01T04:57:15+00:00,co-3,core_switch,268.44,91.64,2.07,10.19,53.26,24.25,50.23,53.53,4.35,warning,link_failure
2025-01-01T04:57:20+00:00,ac-8,access_switch,94.66,5.22,53.04,107.76,10.78,90.23,91.73,5.23,85.84,warning,device_overload
2025-01-01T04:57:25+00:00,ac-2,access_switch,23.46,0.25,51.35,118.91,2.42,26.92,58.74,0.34,37.78,healthy,normal
2025-01-01T04:57:30+00:00,co-2,core_switch,132.54,3.5,94.25,494.01,23.37,93.24,84.64,2.27,94.02,warning,traffic_spike
2025-01-01T04:57:35+00:00,ac-2,access_switch,29.93,1.46,52.89,167.47,5.93,34.14,55.46,0.76,21.71,healthy,normal
2025-01-01T04:57:40+00:00,da-7,database,26.51,0.5,53.84,200.69,1.73,36.45,27.17,0.09,34.32,healthy,normal
2025-01-01T04:57:45+00:00,cl-5,client,97.69,5.5,46.17,139.53,12.23,94.76,89.67,7.19,56.17,warning,device_overload
2025-01-01T04:57:50+00:00,da-1,database,25.51,0.63,43.13,223.88,1.4,39.55,34.99,0.16,37.66,healthy,normal
2025-01-01T04:57:55+00:00,co-4,core_switch,21.2,0.43,26.29,311.81,4.86,56.41,39.94,0.26,64.58,healthy,normal
2025-01-01T04:58:00+00:00,da-1,database,379.01,96.64,17.75,7.42,59.23,51.51,41.58,38.33,14.53,warning,link_failure
2025-01-01T04:58:05+00:00,cl-2,client,11.04,0.15,49.66,211.74,1.96,43.84,53.94,0.07,23.81,healthy,normal
2025-01-01T04:58:10+00:00,cl-4,client,221.39,7.76,87.26,112.81,35.27,45.3,45.57,3.75,87.03,warning,congestion
2025-01-01T04:58:15+00:00,se-2,server,137.31,5.08,94.02,595.67,24.55,86.05,81.66,0.93,94.51,warning,traffic_spike
2025-01-01T04:58:20+00:00,da-5,database,10.45,0.79,48.88,116.34,4.97,54.51,47.67,0.66,23.66,healthy,normal
2025-01-01T04:58:25+00:00,se-5,server,155.23,5.24,75.55,98.98,18.98,86.46,95.11,2.72,63.09,warning,device_overload
2025-01-01T04:58:30+00:00,se-6,server,27.76,1.45,42.66,314.34,2.04,54.54,38.09,0.16,36.53,healthy,normal
2025-01-01T04:58:35+00:00,da-1,database,87.86,6.35,96.03,488.86,18.51,84.55,50.51,3.65,90.0,warning,traffic_spike
2025-01-01T04:58:40+00:00,co-8,core_switch,27.22,0.82,36.67,225.26,3.29,22.21,55.88,0.76,23.04,healthy,normal
2025-01-01T04:58:45+00:00,co-1,core_switch,95.89,2.49,98.3,460.64,23.27,85.13,56.46,1.25,98.73,warning,traffic_spike
2025-01-01T04:58:50+00:00,se-7,server,109.26,8.4,84.17,150.66,30.12,81.09,77.72,1.36,86.04,warning,congestion
2025-01-01T04:58:55+00:00,co-3,core_switch,365.9,76.67,18.07,14.26,80.93,61.95,56.12,38.4,5.98,offline,link_failure
2025-01-01T04:59:00+00:00,co-3,core_switch,391.05,82.93,12.31,18.51,68.21,44.33,55.31,32.12,5.83,warning,link_failure
2025-01-01T04:59:05+00:00,ro-3,router,196.83,12.96,98.98,86.73,34.08,63.65,58.4,6.8,98.49,warning,congestion
2025-01-01T04:59:10+00:00,ac-7,access_switch,135.3,5.53,77.64,68.16,13.95,95.28,84.43,3.25,84.14,warning,device_overload
2025-01-01T04:59:15+00:00,co-1,core_switch,32.34,0.22,37.24,169.81,3.84,45.12,26.51,0.71,50.18,healthy,normal
2025-01-01T04:59:20+00:00,da-7,database,356.36,91.93,6.59,5.22,55.29,7.15,12.83,68.83,5.84,warning,device_failure
2025-01-01T04:59:25+00:00,ac-5,access_switch,39.51,0.12,21.34,319.52,5.78,36.29,31.12,0.25,55.73,healthy,normal
2025-01-01T04:59:30+00:00,cl-8,client,18.65,0.39,57.56,236.79,1.71,23.27,64.1,0.47,35.69,healthy,normal
2025-01-01T04:59:35+00:00,ro-8,router,377.04,99.64,18.22,13.38,69.72,36.0,62.7,23.62,16.26,offline,link_failure
2025-01-01T04:59:40+00:00,co-6,core_switch,24.28,1.03,48.91,245.72,2.52,59.75,63.8,0.68,60.41,healthy,normal
2025-01-01T04:59:45+00:00,ro-5,router,23.58,0.9,18.62,132.87,4.41,40.3,29.62,0.19,59.57,healthy,normal
2025-01-01T04:59:50+00:00,co-5,core_switch,29.86,1.47,31.42,216.37,0.99,21.09,64.09,0.1,51.02,healthy,normal
2025-01-01T04:59:55+00:00,cl-8,client,38.93,0.46,30.66,203.49,4.03,31.18,66.32,0.62,61.67,healthy,normal
2025-01-01T05:00:00+00:00,da-5,database,353.68,90.91,8.98,0.43,82.74,2.55,6.15,71.81,4.83,offline,device_failure
2025-01-01T05:00:05+00:00,ro-1,router,58.33,7.53,93.01,560.85,17.2,86.83,75.64,2.77,98.2,warning,traffic_spike
2025-01-01T05:00:10+00:00,co-1,core_switch,116.02,3.26,88.18,812.68,19.27,94.27,67.35,1.47,97.77,warning,traffic_spike
2025-01-01T05:00:15+00:00,da-3,database,39.78,1.27,35.77,320.66,2.67,31.08,30.11,0.46,43.99,healthy,normal
2025-01-01T05:00:20+00:00,da-6,database,57.2,9.65,97.15,561.01,27.35,82.31,56.38,2.3,98.75,warning,traffic_spike
2025-01-01T05:00:25+00:00,ro-4,router,91.52,4.65,88.84,73.96,28.67,57.6,50.98,2.71,94.7,warning,congestion
2025-01-01T05:00:30+00:00,da-5,database,30.33,1.46,31.45,210.13,2.29,20.32,54.76,0.33,32.1,healthy,normal
2025-01-01T05:00:35+00:00,co-8,core_switch,192.11,88.89,7.37,2.54,33.94,24.7,43.51,25.43,9.63,offline,link_failure
2025-01-01T05:00:40+00:00,ac-6,access_switch,20.42,0.42,26.37,225.39,1.34,23.59,62.92,0.58,30.02,healthy,normal
2025-01-01T05:00:45+00:00,da-8,database,157.42,7.23,73.75,65.93,7.09,87.51,95.1,4.09,78.7,warning,device_overload
2025-01-01T05:00:50+00:00,co-7,core_switch,11.65,0.4,47.31,110.56,3.88,29.93,30.83,0.09,28.43,healthy,normal
2025-01-01T05:00:55+00:00,da-5,database,114.09,7.99,53.22,140.84,19.41,91.47,99.18,4.73,54.13,warning,device_overload
2025-01-01T05:01:00+00:00,ro-7,router,176.62,5.09,98.68,126.49,32.93,59.17,76.83,2.9,95.43,warning,congestion
2025-01-01T05:01:05+00:00,co-2,core_switch,199.47,8.97,88.41,134.33,35.53,61.54,62.32,1.22,97.03,warning,congestion
2025-01-01T05:01:10+00:00,co-3,core_switch,498.06,88.24,3.19,6.77,61.46,1.68,8.8,78.99,6.02,offline,device_failure
2025-01-01T05:01:15+00:00,ac-6,access_switch,27.21,1.45,38.77,236.11,2.75,54.19,28.14,0.15,41.82,healthy,normal
2025-01-01T05:01:20+00:00,se-4,server,24.43,0.31,54.72,262.88,2.06,41.17,37.51,0.15,27.27,healthy,normal
2025-01-01T05:01:25+00:00,ac-3,access_switch,240.55,94.71,15.25,1.34,74.95,33.0,40.0,42.5,16.51,warning,link_failure
2025-01-01T05:01:30+00:00,co-8,core_switch,261.0,77.81,2.26,18.8,65.82,43.14,44.35,26.02,12.62,offline,link_failure
2025-01-01T05:01:35+00:00,ro-8,router,18.21,1.35,19.56,225.43,1.19,58.3,24.13,0.57,40.2,healthy,normal
2025-01-01T05:01:40+00:00,ac-5,access_switch,16.65,0.42,37.51,149.92,6.0,54.9,40.52,0.86,27.77,healthy,normal
2025-01-01T05:01:45+00:00,ac-2,access_switch,32.73,0.96,45.84,230.4,5.7,16.7,31.53,0.14,33.72,healthy,normal
2025-01-01T05:01:50+00:00,ro-4,router,464.13,95.92,2.1,3.14,41.88,37.16,48.84,21.96,13.14,warning,link_failure
2025-01-01T05:01:55+00:00,ac-3,access_switch,296.54,89.74,16.53,19.73,89.5,35.02,55.79,26.92,3.03,offline,link_failure
2025-01-01T05:02:00+00:00,ac-6,access_switch,35.69,1.34,20.14,199.23,1.2,20.22,33.93,0.02,28.85,healthy,normal
2025-01-01T05:02:05+00:00,da-3,database,114.43,6.92,51.61,91.17,15.11,86.5,89.98,4.94,83.81,warning,device_overload
2025-01-01T05:02:10+00:00,co-4,core_switch,85.1,9.6,92.82,679.47,19.8,69.9,79.27,3.0,98.83,warning,traffic_spike
2025-01-01T05:02:15+00:00,se-5,server,120.94,3.73,67.42,60.91,12.52,91.03,95.38,2.46,82.13,warning,device_overload
2025-01-01T05:02:20+00:00,da-1,database,24.75,1.46,63.56,199.33,2.82,41.01,36.71,0.27,38.71,healthy,normal
2025-01-01T05:02:25+00:00,ro-2,router,95.95,4.52,92.0,762.91,15.83,91.45,69.6,3.94,96.34,warning,traffic_spike
2025-01-01T05:02:30+00:00,cl-7,client,440.26,85.91,17.36,17.08,37.98,29.09,38.61,21.9,4.32,offline,link_failure
2025-01-01T05:02:35+00:00,co-2,core_switch,28.37,1.3,56.85,297.57,3.24,53.06,56.52,0.22,54.46,healthy,normal
2025-01-01T05:02:40+00:00,ro-2,router,37.04,1.47,24.91,120.87,5.15,39.64,28.79,0.73,26.25,healthy,normal
2025-01-01T05:02:45+00:00,cl-2,client,124.09,12.59,85.24,77.38,20.58,50.05,51.4,4.57,88.39,warning,congestion
2025-01-01T05:02:50+00:00,co-4,core_switch,32.12,1.16,20.62,115.99,1.79,35.14,65.28,0.15,49.28,healthy,normal
2025-01-01T05:02:55+00:00,cl-4,client,20.65,0.96,57.3,234.78,4.51,25.5,34.13,0.15,31.78,healthy,normal
2025-01-01T05:03:00+00:00,cl-8,client,41.92,0.28,31.19,272.03,3.5,33.36,45.48,0.34,17.91,healthy,normal
2025-01-01T05:03:05+00:00,da-8,database,354.01,82.16,8.27,21.72,30.21,28.51,55.17,21.79,0.97,offline,link_failure
2025-01-01T05:03:10+00:00,co-7,core_switch,11.75,0.73,26.82,136.84,5.84,34.04,60.94,0.15,18.58,healthy,normal
2025-01-01T05:03:15+00:00,co-3,core_switch,267.44,94.73,14.71,13.73,72.46,58.92,34.19,52.68,3.28,offline,link_failure
2025-01-01T05:03:20+00:00,da-3,database,12.05,0.65,45.92,146.47,5.96,57.58,61.58,0.18,52.48,healthy,normal
2025-01-01T05:03:25+00:00,da-6,database,15.65,0.25,33.88,328.77,2.8,36.84,25.21,0.52,51.68,healthy,normal
2025-01-01T05:03:30+00:00,ro-2,router,144.88,4.39,90.06,595.81,11.21,85.71,55.88,4.15,93.88,warning,traffic_spike
2025-01-01T05:03:35+00:00,da-4,database,126.16,2.59,79.98,141.96,7.55,91.81,86.5,7.76,74.74,warning,device_overload
2025-01-01T05:03:40+00:00,se-5,server,13.61,1.38,58.38,231.62,5.02,54.82,62.01,0.19,42.16,healthy,normal
2025-01-01T05:03:45+00:00,da-6,database,199.23,4.96,98.4,160.41,12.56,53.97,43.16,4.83,89.75,warning,congestion
2025-01-01T05:03:50+00:00,ac-6,access_switch,93.58,12.39,86.15,145.12,24.4,53.32,68.68,5.09,86.2,warning,congestion
2025-01-01T05:03:55+00:00,da-7,database,37.97,0.11,38.48,288.95,3.42,28.41,53.98,0.26,52.39,healthy,normal
2025-01-01T05:04:00+00:00,co-2,core_switch,260.66,78.99,8.07,15.51,82.17,21.86,54.99,37.14,2.45,offline,link_failure
2025-01-01T05:04:05+00:00,se-1,server,431.5,92.0,1.3,5.47,89.16,7.62,9.9,84.08,0.83,offline,device_failure
2025-01-01T05:04:10+00:00,cl-1,client,38.55,1.31,34.69,200.31,4.2,59.03,30.28,0.59,38.18,healthy,normal
2025-01-01T05:04:15+00:00,da-1,database,125.74,9.47,97.93,895.34,22.78,85.05,61.48,0.66,92.0,warning,traffic_spike
2025-01-01T05:04:20+00:00,co-6,core_switch,435.13,99.74,1.56,3.44,59.89,8.72,3.15,88.81,5.07,offline,device_failure
2025-01-01T05:04:25+00:00,co-5,core_switch,37.79,1.04,60.57,295.05,5.97,24.35,27.13,0.13,58.78,healthy,normal
2025-01-01T05:04:30+00:00,ro-1,router,29.48,0.5,57.64,200.48,2.09,55.97,51.24,0.8,33.99,healthy,normal
2025-01-01T05:04:35+00:00,ro-3,router,229.06,82.18,16.23,18.51,46.54,39.99,45.59,40.86,7.83,offline,link_failure
2025-01-01T05:04:40+00:00,cl-7,client,93.4,2.14,61.54,181.42,10.72,92.53,94.54,1.21,67.54,warning,device_overload
2025-01-01T05:04:45+00:00,cl-1,client,212.74,80.24,18.46,6.96,76.28,36.74,53.48,33.38,2.32,warning,link_failure
2025-01-01T05:04:50+00:00,da-8,database,19.84,0.88,18.93,171.48,3.84,52.2,52.95,0.7,18.21,healthy,normal
2025-01-01T05:04:55+00:00,co-2,core_switch,33.42,1.21,61.12,148.06,0.96,40.58,33.15,0.64,36.54,healthy,normal
2025-01-01T05:05:00+00:00,ac-2,access_switch,14.16,0.09,19.88,296.43,4.36,24.31,25.29,0.31,55.86,healthy,normal
2025-01-01T05:05:05+00:00,ac-8,access_switch,27.59,0.06,37.52,279.57,3.11,51.44,52.49,0.24,28.77,healthy,normal
2025-01-01T05:05:10+00:00,ro-6,router,22.9,0.85,23.66,268.26,5.64,36.34,54.15,0.06,55.48,healthy,normal
2025-01-01T05:05:15+00:00,ro-2,router,224.87,5.47,84.35,132.22,16.53,71.82,72.46,2.54,96.52,warning,congestion
2025-01-01T05:05:20+00:00,ac-2,access_switch,64.11,1.74,79.28,185.07,7.17,89.57,95.16,4.49,85.72,warning,device_overload
2025-01-01T05:05:25+00:00,ro-1,router,25.9,0.75,21.5,142.04,3.08,29.49,25.4,0.58,30.92,healthy,normal
2025-01-01T05:05:30+00:00,cl-1,client,378.17,93.24,7.91,5.92,68.57,7.12,4.45,86.99,6.5,warning,device_failure
2025-01-01T05:05:35+00:00,ro-1,router,39.53,0.87,48.78,236.52,4.87,52.49,49.99,0.09,55.2,healthy,normal
2025-01-01T05:05:40+00:00,ro-2,router,274.48,96.63,6.24,7.53,51.08,9.5,1.9,73.54,6.34,warning,device_failure
2025-01-01T05:05:45+00:00,da-8,database,37.44,0.46,21.61,266.2,5.29,26.56,30.6,0.32,48.07,healthy,normal
2025-01-01T05:05:50+00:00,ac-1,access_switch,14.76,0.64,48.3,215.42,3.57,46.94,51.52,0.77,58.67,healthy,normal
2025-01-01T05:05:55+00:00,da-2,database,134.09,2.3,88.84,805.31,19.31,89.89,76.56,2.61,98.19,warning,traffic_spike
2025-01-01T05:06:00+00:00,cl-7,client,25.77,0.75,42.28,255.91,3.17,37.84,24.51,0.0,50.94,healthy,normal
2025-01-01T05:06:05+00:00,ro-4,router,30.26,0.12,50.65,305.01,1.79,49.29,67.71,0.41,24.28,healthy,normal
2025-01-01T05:06:10+00:00,cl-4,client,199.76,8.62,97.09,90.36,16.26,48.05,71.75,6.5,94.25,warning,congestion
2025-01-01T05:06:15+00:00,cl-2,client,116.13,5.05,98.11,626.57,25.63,84.87,82.81,4.78,94.23,warning,traffic_spike
2025-01-01T05:06:20+00:00,ro-1,router,27.75,0.0,29.25,115.93,3.75,44.62,53.55,0.9,35.34,healthy,normal
2025-01-01T05:06:25+00:00,se-1,server,34.78,0.63,59.74,155.49,5.04,41.8,66.69,0.04,35.33,healthy,normal
2025-01-01T05:06:30+00:00,se-7,server,10.27,1.07,34.65,225.75,0.94,16.66,60.59,0.04,46.64,healthy,normal
2025-01-01T05:06:35+00:00,ro-7,router,175.73,6.24,83.82,132.26,31.8,75.69,54.65,6.86,91.19,warning,congestion
2025-01-01T05:06:40+00:00,ac-5,access_switch,35.6,0.88,53.19,280.46,5.19,26.76,42.38,0.35,34.33,healthy,normal
2025-01-01T05:06:45+00:00,da-1,database,110.63,1.65,49.71,140.1,8.75,98.58,88.97,7.14,54.05,warning,device_overload
2025-01-01T05:06:50+00:00,ac-1,access_switch,17.58,1.26,22.4,207.34,3.73,58.0,28.12,0.11,39.87,healthy,normal
2025-01-01T05:06:55+00:00,ac-1,access_switch,41.01,1.5,55.14,171.4,5.09,30.25,62.32,0.66,20.47,healthy,normal
2025-01-01T05:07:00+00:00,ac-3,access_switch,471.15,95.45,0.52,4.31,90.28,4.72,12.7,87.08,0.47,offline,device_failure
2025-01-01T05:07:05+00:00,ac-7,access_switch,24.15,0.54,36.59,319.33,5.24,49.74,38.3,0.07,31.4,healthy,normal
2025-01-01T05:07:10+00:00,cl-8,client,19.1,0.9,24.42,110.23,1.34,17.55,48.01,0.69,52.19,healthy,normal
2025-01-01T05:07:15+00:00,da-2,database,37.4,0.17,29.71,141.53,5.3,37.63,61.27,0.23,20.04,healthy,normal
2025-01-01T05:07:20+00:00,ro-1,router,353.04,81.73,15.49,12.83,77.81,25.12,43.83,23.8,0.33,offline,link_failure
2025-01-01T05:07:25+00:00,ac-5,access_switch,78.93,6.79,91.37,814.2,13.78,88.14,83.89,2.29,90.75,warning,traffic_spike
2025-01-01T05:07:30+00:00,co-3,core_switch,117.05,9.88,96.28,861.96,10.64,71.14,62.94,4.01,97.92,warning,traffic_spike
2025-01-01T05:07:35+00:00,co-7,core_switch,56.74,8.79,94.28,578.11,23.9,78.67,62.58,1.14,90.91,warning,traffic_spike
2025-01-01T05:07:40+00:00,ac-7,access_switch,163.43,13.7,98.35,153.56,28.24,78.21,72.59,5.01,92.3,warning,congestion
2025-01-01T05:07:45+00:00,co-2,core_switch,27.03,0.26,43.43,232.42,2.94,50.32,37.36,0.23,53.06,healthy,normal
2025-01-01T05:07:50+00:00,cl-8,client,474.08,92.53,6.44,0.3,98.3,0.74,4.61,53.67,6.22,offline,device_failure
2025-01-01T05:07:55+00:00,ac-8,access_switch,22.56,0.32,42.85,157.92,2.13,46.97,24.71,0.14,63.49,healthy,normal
2025-01-01T05:08:00+00:00,se-6,server,15.03,0.3,36.78,319.11,1.21,18.12,66.97,0.86,20.79,healthy,normal
2025-01-01T05:08:05+00:00,se-1,server,451.56,99.18,4.09,0.71,65.8,10.71,12.23,62.81,4.97,offline,device_failure
2025-01-01T05:08:10+00:00,co-5,core_switch,103.77,8.43,90.17,111.81,31.64,53.09,71.45,2.5,94.94,warning,congestion
2025-01-01T05:08:15+00:00,cl-5,client,33.1,0.94,18.83,161.16,3.79,32.97,47.19,0.81,53.82,healthy,normal
2025-01-01T05:08:20+00:00,se-1,server,26.74,1.5,31.83,226.83,5.98,21.19,55.29,0.71,66.39,healthy,normal
2025-01-01T05:08:25+00:00,da-4,database,37.71,0.52,61.97,114.88,0.89,55.14,59.11,0.09,17.21,healthy,normal
2025-01-01T05:08:30+00:00,da-8,database,26.52,1.42,21.56,123.67,4.5,43.68,33.94,0.87,63.35,healthy,normal
2025-01-01T05:08:35+00:00,ac-2,access_switch,15.74,0.79,46.34,252.03,2.11,27.3,27.83,0.19,55.49,healthy,normal
2025-01-01T05:08:40+00:00,ro-5,router,179.34,13.03,95.04,58.81,21.1,61.94,74.94,2.33,97.82,warning,congestion
2025-01-01T05:08:45+00:00,co-6,core_switch,36.43,0.09,51.42,122.21,3.44,35.13,62.16,0.3,16.8,healthy,normal
2025-01-01T05:08:50+00:00,cl-6,client,25.49,1.36,47.94,306.4,2.8,17.68,33.68,0.77,25.87,healthy,normal
2025-01-01T05:08:55+00:00,ro-5,router,71.27,4.03,91.37,917.6,23.29,70.79,66.51,1.51,96.16,warning,traffic_spike
2025-01-01T05:09:00+00:00,cl-2,client,30.52,0.76,54.16,285.0,1.61,46.48,52.71,0.37,43.38,healthy,normal
2025-01-01T05:09:05+00:00,da-3,database,32.25,1.02,53.0,214.3,1.11,32.41,35.46,0.82,16.53,healthy,normal
2025-01-01T05:09:10+00:00,ac-2,access_switch,29.05,0.46,60.21,123.24,5.09,41.47,38.41,0.61,56.08,healthy,normal
2025-01-01T05:09:15+00:00,cl-6,client,138.45,7.24,93.12,491.94,18.41,86.78,86.64,2.63,94.79,warning,traffic_spike
2025-01-01T05:09:20+00:00,ro-3,router,17.18,1.41,40.14,136.71,2.59,54.87,43.87,0.59,15.34,healthy,normal
2025-01-01T05:09:25+00:00,cl-3,client,23.38,0.53,56.21,279.73,5.81,23.14,33.8,0.6,39.89,healthy,normal
2025-01-01T05:09:30+00:00,se-6,server,34.37,0.51,56.77,113.05,4.85,41.29,66.62,0.68,65.46,healthy,normal
2025-01-01T05:09:35+00:00,se-6,server,29.85,0.49,36.77,175.65,5.68,23.15,26.16,0.52,37.78,healthy,normal
2025-01-01T05:09:40+00:00,ac-8,access_switch,37.7,0.54,59.19,263.63,3.97,59.03,55.15,0.87,18.54,healthy,normal
2025-01-01T05:09:45+00:00,cl-8,client,140.84,12.29,93.31,148.53,13.62,76.73,60.41,2.99,96.12,warning,congestion
2025-01-01T05:09:50+00:00,da-6,database,437.71,94.21,2.71,7.78,87.8,2.7,1.84,67.07,5.51,offline,device_failure
2025-01-01T05:09:55+00:00,cl-4,client,27.57,0.47,59.02,148.88,2.26,22.01,63.47,0.69,57.65,healthy,normal
2025-01-01T05:10:00+00:00,ro-5,router,186.34,10.19,89.55,134.12,28.32,71.32,62.09,4.73,93.55,warning,congestion
2025-01-01T05:10:05+00:00,co-5,core_switch,40.02,0.26,25.78,206.62,3.22,20.01,43.6,0.41,39.98,healthy,normal
2025-01-01T05:10:10+00:00,ro-6,router,135.03,2.98,98.6,506.86,22.81,74.35,85.43,4.3,92.35,warning,traffic_spike
2025-01-01T05:10:15+00:00,se-4,server,94.14,4.24,93.88,68.02,13.96,70.56,46.23,3.55,98.14,warning,congestion
2025-01-01T05:10:20+00:00,se-7,server,365.2,87.28,15.91,15.43,55.89,59.6,43.48,62.11,1.37,warning,link_failure
2025-01-01T05:10:25+00:00,ac-8,access_switch,28.22,0.94,26.52,166.68,2.91,58.88,64.85,0.38,17.21,healthy,normal
2025-01-01T05:10:30+00:00,ro-7,router,156.84,1.64,55.71,144.85,12.75,94.54,89.34,4.76,74.75,warning,device_overload
2025-01-01T05:10:35+00:00,ac-3,access_switch,29.12,0.08,64.89,282.73,1.78,49.13,33.8,0.4,28.06,healthy,normal
2025-01-01T05:10:40+00:00,ac-8,access_switch,36.63,1.23,22.51,124.41,5.35,38.31,32.17,0.16,18.44,healthy,normal
2025-01-01T05:10:45+00:00,da-6,database,12.7,0.14,46.37,110.42,5.08,34.57,44.77,0.38,49.71,healthy,normal
2025-01-01T05:10:50+00:00,ro-4,router,13.11,1.27,60.38,175.5,2.07,23.84,41.61,0.27,33.14,healthy,normal
2025-01-01T05:10:55+00:00,co-6,core_switch,77.03,7.55,96.85,784.97,11.5,89.98,51.26,1.22,99.48,warning,traffic_spike
2025-01-01T05:11:00+00:00,se-6,server,148.47,5.17,56.69,134.48,16.68,97.89,96.21,6.3,65.26,warning,device_overload
2025-01-01T05:11:05+00:00,cl-8,client,10.06,0.64,48.92,137.71,3.67,23.4,26.95,0.24,62.98,healthy,normal
2025-01-01T05:11:10+00:00,ac-7,access_switch,35.75,1.3,54.92,302.45,4.0,38.2,59.36,0.88,37.72,healthy,normal
2025-01-01T05:11:15+00:00,se-5,server,41.46,0.47,32.54,237.5,5.36,16.37,41.77,0.86,54.08,healthy,normal
2025-01-01T05:11:20+00:00,se-3,server,370.13,82.56,15.61,0.55,38.44,64.65,38.84,47.72,15.55,offline,link_failure
2025-01-01T05:11:25+00:00,ro-3,router,259.91,79.35,4.67,18.27,67.84,22.26,53.3,41.75,16.19,offline,link_failure
2025-01-01T05:11:30+00:00,da-4,database,26.08,0.2,23.58,140.45,0.9,38.02,55.83,0.55,24.98,healthy,normal
2025-01-01T05:11:35+00:00,da-1,database,211.46,96.89,17.18,22.82,70.65,36.54,41.42,33.41,17.72,offline,link_failure
2025-01-01T05:11:40+00:00,da-1,database,33.14,1.47,42.1,319.0,1.0,47.73,61.62,0.01,65.57,healthy,normal
2025-01-01T05:11:45+00:00,cl-5,client,160.07,4.65,48.17,149.6,10.21,97.48,98.44,2.48,55.33,warning,device_overload
2025-01-01T05:11:50+00:00,ac-8,access_switch,18.38,0.28,52.56,133.7,5.53,30.48,49.27,0.56,53.44,healthy,normal
2025-01-01T05:11:55+00:00,co-2,core_switch,147.24,4.32,74.42,69.55,13.06,99.88,98.16,6.6,47.03,warning,device_overload
2025-01-01T05:12:00+00:00,co-2,core_switch,362.33,93.0,9.54,4.55,45.99,10.09,5.16,66.57,4.34,offline,device_failure
2025-01-01T05:12:05+00:00,se-1,server,38.83,1.49,59.82,327.15,2.99,38.39,28.73,0.07,61.48,healthy,normal
2025-01-01T05:12:10+00:00,co-7,core_switch,234.87,92.62,2.1,2.4,79.74,11.8,9.17,84.22,3.94,offline,device_failure
2025-01-01T05:12:15+00:00,ro-7,router,11.07,0.17,27.23,154.32,4.08,58.86,25.27,0.2,56.31,healthy,normal
2025-01-01T05:12:20+00:00,se-3,server,39.67,1.02,64.89,230.29,5.26,44.11,54.29,0.87,15.91,healthy,normal
2025-01-01T05:12:25+00:00,da-5,database,303.54,87.44,15.42,7.74,88.89,24.38,44.01,52.95,2.93,offline,link_failure
2025-01-01T05:12:30+00:00,ac-8,access_switch,34.22,1.01,54.74,131.94,5.54,40.46,40.26,0.51,47.59,healthy,normal
2025-01-01T05:12:35+00:00,cl-2,client,32.2,1.22,36.82,206.93,0.94,54.03,67.29,0.14,66.08,healthy,normal
2025-01-01T05:12:40+00:00,ac-7,access_switch,102.76,7.73,91.13,917.8,20.12,72.33,50.53,4.98,95.15,warning,traffic_spike
2025-01-01T05:12:45+00:00,da-3,database,97.55,7.38,66.59,140.65,14.75,97.07,93.74,6.73,68.41,warning,device_overload
2025-01-01T05:12:50+00:00,ro-4,router,24.47,0.31,21.88,121.38,5.83,50.55,42.02,0.58,30.91,healthy,normal
2025-01-01T05:12:55+00:00,cl-1,client,24.62,0.78,62.53,127.08,1.78,58.88,55.8,0.31,49.0,healthy,normal
2025-01-01T05:13:00+00:00,ro-6,router,60.16,2.58,89.21,778.1,22.19,70.25,83.39,0.51,99.68,warning,traffic_spike
2025-01-01T05:13:05+00:00,ac-5,access_switch,190.58,5.31,97.46,165.51,15.51,52.12,51.03,6.55,86.12,warning,congestion
2025-01-01T05:13:10+00:00,ac-3,access_switch,275.5,96.75,15.39,9.24,49.39,36.25,28.68,32.1,16.86,offline,link_failure
2025-01-01T05:13:15+00:00,cl-8,client,67.04,7.38,47.34,80.75,9.07,90.67,93.42,1.76,79.67,warning,device_overload
2025-01-01T05:13:20+00:00,ro-5,router,26.48,0.35,29.77,264.75,3.91,48.73,64.84,0.12,50.19,healthy,normal
2025-01-01T05:13:25+00:00,co-7,core_switch,498.98,94.76,5.16,7.33,91.49,0.72,1.08,44.06,1.66,warning,device_failure
2025-01-01T05:13:30+00:00,ro-2,router,92.78,6.64,92.58,911.05,20.51,79.71,67.66,1.61,92.21,warning,traffic_spike
2025-01-01T05:13:35+00:00,co-5,core_switch,209.83,78.74,6.19,21.38,40.51,42.74,60.25,31.87,10.85,offline,link_failure
2025-01-01T05:13:40+00:00,co-1,core_switch,20.97,0.92,18.35,277.93,5.58,58.66,31.12,0.58,37.67,healthy,normal
2025-01-01T05:13:45+00:00,co-6,core_switch,40.48,0.74,22.03,264.03,3.35,36.01,65.95,0.11,17.62,healthy,normal
2025-01-01T05:13:50+00:00,da-2,database,137.47,9.31,96.89,873.53,19.45,90.43,78.48,0.88,93.4,warning,traffic_spike
2025-01-01T05:13:55+00:00,ac-6,access_switch,32.98,1.19,25.87,203.32,2.08,29.28,30.06,0.44,21.67,healthy,normal
2025-01-01T05:14:00+00:00,ac-8,access_switch,39.64,1.0,44.63,123.14,1.64,55.1,51.16,0.58,38.87,healthy,normal
2025-01-01T05:14:05+00:00,ac-2,access_switch,30.92,0.37,30.35,117.21,4.05,52.85,46.69,0.1,66.4,healthy,normal
2025-01-01T05:14:10+00:00,ac-7,access_switch,14.39,0.56,20.85,123.3,1.52,53.24,33.66,0.01,20.88,healthy,normal
2025-01-01T05:14:15+00:00,se-5,server,36.65,0.28,31.25,212.29,3.29,45.5,53.79,0.87,34.31,healthy,normal
2025-01-01T05:14:20+00:00,da-3,database,144.98,7.24,83.63,58.18,17.57,91.98,95.85,4.94,62.18,warning,device_overload
2025-01-01T05:14:25+00:00,se-8,server,117.62,4.81,96.06,643.66,23.6,70.34,58.04,0.57,94.48,warning,traffic_spike
2025-01-01T05:14:30+00:00,ac-7,access_switch,24.45,1.05,51.21,151.8,3.74,37.77,65.61,0.4,62.36,healthy,normal
2025-01-01T05:14:35+00:00,ac-8,access_switch,96.13,5.61,76.24,140.72,9.05,87.33,86.3,6.9,80.76,warning,device_overload
2025-01-01T05:14:40+00:00,ro-3,router,264.72,96.4,9.32,5.8,57.95,8.61,1.94,77.02,0.69,offline,device_failure
2025-01-01T05:14:45+00:00,co-2,core_switch,23.0,1.47,21.5,326.66,4.64,42.97,53.24,0.28,30.98,healthy,normal
2025-01-01T05:14:50+00:00,da-8,database,260.91,95.24,5.27,5.74,63.18,0.82,1.54,55.35,4.36,offline,device_failure
2025-01-01T05:14:55+00:00,co-1,core_switch,39.23,0.74,33.13,191.17,5.6,33.03,32.0,0.27,25.93,healthy,normal
2025-01-01T05:15:00+00:00,cl-6,client,445.19,94.45,9.8,5.69,85.74,10.21,6.24,79.68,3.69,offline,device_failure
2025-01-01T05:15:05+00:00,ac-1,access_switch,160.28,4.28,93.98,99.74,13.7,77.89,71.49,3.99,89.61,warning,congestion
2025-01-01T05:15:10+00:00,ro-1,router,15.0,0.73,30.24,221.97,2.13,27.43,65.24,0.4,57.94,healthy,normal
2025-01-01T05:15:15+00:00,se-1,server,19.17,0.81,36.67,329.62,3.18,20.38,47.06,0.37,42.36,healthy,normal
2025-01-01T05:15:20+00:00,cl-4,client,268.75,84.47,6.34,10.02,88.34,53.34,42.62,25.64,16.13,offline,link_failure
2025-01-01T05:15:25+00:00,co-2,core_switch,133.67,6.81,81.14,69.11,13.65,90.58,88.56,6.74,79.02,warning,device_overload
2025-01-01T05:15:30+00:00,cl-6,client,20.99,0.66,39.47,287.57,4.56,42.05,55.64,0.43,37.98,healthy,normal
2025-01-01T05:15:35+00:00,ac-6,access_switch,20.8,0.32,64.58,125.67,1.82,49.93,35.54,0.14,23.95,healthy,normal
2025-01-01T05:15:40+00:00,co-2,core_switch,30.43,0.86,44.05,194.02,4.39,26.62,40.14,0.31,48.58,healthy,normal
2025-01-01T05:15:45+00:00,ac-2,access_switch,117.28,3.02,66.27,113.19,9.5,95.1,88.93,2.09,82.8,warning,device_overload
2025-01-01T05:15:50+00:00,se-5,server,14.94,1.12,54.76,115.21,1.46,27.38,24.16,0.26,44.68,healthy,normal
2025-01-01T05:15:55+00:00,co-7,core_switch,20.89,1.07,62.84,302.75,1.36,27.54,44.3,0.04,36.38,healthy,normal
2025-01-01T05:16:00+00:00,se-3,server,88.65,2.44,90.86,508.79,10.34,85.19,64.81,4.28,96.22,warning,traffic_spike
2025-01-01T05:16:05+00:00,ro-1,router,306.74,81.73,8.73,13.64,84.62,25.11,58.88,64.14,16.47,offline,link_failure
2025-01-01T05:16:10+00:00,ac-6,access_switch,103.36,8.76,92.87,74.37,14.69,72.48,70.81,5.77,95.48,warning,congestion
2025-01-01T05:16:15+00:00,da-7,database,25.73,1.12,31.98,318.48,2.94,26.02,32.21,0.75,21.23,healthy,normal
2025-01-01T05:16:20+00:00,se-6,server,66.21,5.01,95.08,517.63,19.53,68.82,69.87,2.09,90.81,warning,traffic_spike
2025-01-01T05:16:25+00:00,co-5,core_switch,38.76,0.27,41.28,120.27,2.29,18.54,54.13,0.84,38.79,healthy,normal
2025-01-01T05:16:30+00:00,da-8,database,18.12,1.4,46.08,183.14,3.43,23.66,41.61,0.84,23.55,healthy,normal
2025-01-01T05:16:35+00:00,ro-7,router,475.34,91.35,10.37,20.8,57.01,29.6,48.63,59.39,1.03,warning,link_failure
2025-01-01T05:16:40+00:00,co-1,core_switch,30.89,0.26,61.91,143.09,1.88,25.01,64.65,0.15,25.94,healthy,normal
2025-01-01T05:16:45+00:00,ro-5,router,19.17,0.79,19.41,253.66,4.07,26.88,48.21,0.55,43.54,healthy,normal
2025-01-01T05:16:50+00:00,ac-2,access_switch,39.64,1.07,37.65,197.12,4.67,29.62,37.68,0.42,27.88,healthy,normal
2025-01-01T05:16:55+00:00,da-8,database,66.4,1.85,80.35,145.5,8.24,91.4,97.27,6.31,58.41,warning,device_overload
2025-01-01T05:17:00+00:00,ro-1,router,77.11,5.28,62.09,157.31,17.39,91.13,88.7,5.11,46.91,warning,device_overload
2025-01-01T05:17:05+00:00,co-1,core_switch,230.09,90.49,10.08,21.09,49.81,29.25,44.44,57.21,3.03,offline,link_failure
2025-01-01T05:17:10+00:00,co-5,core_switch,90.73,4.15,91.91,915.48,15.94,76.82,78.88,4.51,98.72,warning,traffic_spike
2025-01-01T05:17:15+00:00,da-1,database,39.17,0.48,36.47,161.77,5.28,45.3,45.35,0.06,21.0,healthy,normal
2025-01-01T05:17:20+00:00,da-3,database,323.86,96.54,6.82,1.43,98.21,0.93,8.36,86.93,6.1,warning,device_failure
2025-01-01T05:17:25+00:00,da-3,database,39.57,0.37,30.09,231.43,2.52,53.75,66.53,0.35,40.48,healthy,normal
2025-01-01T05:17:30+00:00,se-3,server,15.12,0.39,60.95,190.09,3.51,51.82,66.98,0.79,37.67,healthy,normal
2025-01-01T05:17:35+00:00,da-4,database,17.52,0.99,20.24,154.22,5.03,23.75,46.49,0.35,48.05,healthy,normal
2025-01-01T05:17:40+00:00,cl-3,client,37.26,0.62,37.07,251.78,0.92,57.51,45.18,0.33,32.47,healthy,normal
2025-01-01T05:17:45+00:00,ro-3,router,35.97,0.73,35.14,245.5,4.4,44.66,24.69,0.42,15.3,healthy,normal
2025-01-01T05:17:50+00:00,ro-4,router,38.63,0.68,22.09,141.24,1.38,51.2,36.7,0.74,40.94,healthy,normal
2025-01-01T05:17:55+00:00,da-3,database,176.47,12.22,99.82,131.44,28.17,77.34,53.8,1.95,97.53,warning,congestion
2025-01-01T05:18:00+00:00,co-4,core_switch,461.97,92.47,19.19,12.26,38.48,33.92,56.92,27.82,16.5,offline,link_failure
2025-01-01T05:18:05+00:00,da-6,database,29.57,0.16,60.77,201.62,1.19,37.55,49.94,0.46,54.06,healthy,normal
2025-01-01T05:18:10+00:00,da-1,database,123.1,11.5,86.93,134.01,23.38,81.83,70.0,2.98,87.78,warning,congestion
2025-01-01T05:18:15+00:00,da-5,database,14.35,0.73,55.47,261.69,4.5,36.8,32.16,0.13,56.62,healthy,normal
2025-01-01T05:18:20+00:00,co-3,core_switch,83.81,8.22,92.71,853.89,11.75,94.21,71.53,4.58,92.54,warning,traffic_spike
2025-01-01T05:18:25+00:00,cl-7,client,20.82,1.05,54.69,125.07,0.82,32.95,58.1,0.27,45.83,healthy,normal
2025-01-01T05:18:30+00:00,ro-4,router,16.38,0.64,56.23,111.02,4.62,30.35,44.43,0.76,48.35,healthy,normal
2025-01-01T05:18:35+00:00,cl-5,client,39.02,0.72,63.88,130.57,1.25,56.07,29.92,0.0,23.06,healthy,normal
2025-01-01T05:18:40+00:00,ro-2,router,341.2,99.25,7.25,8.76,33.25,38.49,35.21,46.11,11.96,offline,link_failure
2025-01-01T05:18:45+00:00,ro-7,router,151.43,12.85,90.15,153.62,21.24,67.89,69.08,1.45,99.41,warning,congestion
2025-01-01T05:18:50+00:00,se-8,server,22.99,1.11,24.48,193.21,5.91,40.74,49.23,0.72,50.69,healthy,normal
2025-01-01T05:18:55+00:00,co-1,core_switch,429.25,90.37,6.8,7.79,61.32,1.24,5.85,58.64,0.96,offline,device_failure
2025-01-01T05:19:00+00:00,ac-5,access_switch,14.73,0.22,58.32,259.54,1.48,44.06,59.64,0.71,58.75,healthy,normal
2025-01-01T05:19:05+00:00,da-2,database,31.38,1.31,50.08,116.22,2.01,34.97,28.57,0.29,16.63,healthy,normal
2025-01-01T05:19:10+00:00,ac-4,access_switch,33.32,0.49,41.79,155.27,1.68,19.55,37.13,0.19,64.71,healthy,normal
2025-01-01T05:19:15+00:00,co-6,core_switch,30.81,1.1,64.28,265.97,5.98,17.94,43.34,0.07,50.03,healthy,normal
2025-01-01T05:19:20+00:00,ro-7,router,86.48,6.64,75.39,90.26,17.05,95.82,97.95,7.06,54.08,warning,device_overload
2025-01-01T05:19:25+00:00,cl-3,client,84.13,2.86,97.61,696.81,27.28,88.68,55.59,2.29,95.39,warning,traffic_spike
2025-01-01T05:19:30+00:00,cl-5,client,134.44,10.61,83.71,160.8,36.21,57.82,46.27,4.34,94.02,warning,congestion
2025-01-01T05:19:35+00:00,ro-2,router,109.13,2.23,82.66,135.58,10.13,98.88,89.16,6.11,59.56,warning,device_overload
2025-01-01T05:19:40+00:00,da-7,database,13.55,0.33,39.9,173.97,2.81,34.4,42.89,0.01,29.18,healthy,normal
2025-01-01T05:19:45+00:00,cl-1,client,25.49,1.0,50.63,162.12,3.24,20.72,54.83,0.44,36.72,healthy,normal
2025-01-01T05:19:50+00:00,ac-2,access_switch,232.22,84.7,11.63,18.38,48.15,20.02,57.31,47.98,8.12,offline,link_failure
2025-01-01T05:19:55+00:00,se-8,server,143.74,8.83,91.27,701.76,11.39,73.86,73.4,4.9,96.45,warning,traffic_spike
2025-01-01T05:20:00+00:00,da-8,database,83.22,7.52,94.7,768.22,17.83,75.75,83.77,4.48,96.08,warning,traffic_spike
2025-01-01T05:20:05+00:00,ac-6,access_switch,17.9,0.18,63.8,181.76,0.81,32.6,28.52,0.1,51.71,healthy,normal
2025-01-01T05:20:10+00:00,cl-5,client,92.09,11.24,90.92,149.9,24.4,55.41,57.84,5.91,94.85,warning,congestion
2025-01-01T05:20:15+00:00,ro-5,router,103.78,15.2,95.79,120.15,22.2,60.12,68.32,2.31,90.62,warning,congestion
2025-01-01T05:20:20+00:00,da-3,database,16.07,1.41,24.98,246.33,3.02,38.03,63.34,0.77,25.54,healthy,normal
2025-01-01T05:20:25+00:00,cl-6,client,29.76,0.16,46.5,304.05,3.22,26.13,39.93,0.84,51.59,healthy,normal
2025-01-01T05:20:30+00:00,co-3,core_switch,98.42,5.53,84.53,85.59,18.08,88.75,90.48,4.52,49.17,warning,device_overload
2025-01-01T05:20:35+00:00,ro-7,router,21.87,0.32,47.94,241.33,2.53,58.98,50.64,0.83,56.95,healthy,normal
2025-01-01T05:20:40+00:00,da-6,database,26.08,0.99,46.53,228.39,2.02,51.1,50.7,0.66,51.6,healthy,normal
2025-01-01T05:20:45+00:00,ac-5,access_switch,102.6,10.96,94.91,139.94,19.78,53.12,53.24,4.4,87.66,warning,congestion
2025-01-01T05:20:50+00:00,ro-6,router,18.08,1.08,64.0,117.3,2.89,52.92,30.47,0.82,43.61,healthy,normal
2025-01-01T05:20:55+00:00,se-5,server,57.97,2.18,97.34,507.85,21.39,82.55,76.25,4.96,97.9,warning,traffic_spike
2025-01-01T05:21:00+00:00,ac-8,access_switch,23.79,1.4,55.59,160.92,5.82,50.52,52.99,0.4,57.22,healthy,normal
2025-01-01T05:21:05+00:00,ro-1,router,28.65,0.59,48.81,278.64,5.82,19.43,61.44,0.02,23.82,healthy,normal
2025-01-01T05:21:10+00:00,co-7,core_switch,210.76,92.34,5.98,17.09,33.75,22.24,32.19,26.82,0.95,warning,link_failure
2025-01-01T05:21:15+00:00,ac-2,access_switch,34.23,0.32,19.33,149.45,4.38,17.01,58.45,0.08,37.94,healthy,normal
2025-01-01T05:21:20+00:00,se-3,server,110.52,2.44,92.17,611.37,10.53,82.45,57.14,3.28,92.52,warning,traffic_spike
2025-01-01T05:21:25+00:00,se-6,server,98.21,8.16,91.76,884.85,13.66,72.09,64.52,1.38,98.23,warning,traffic_spike
2025-01-01T05:21:30+00:00,cl-5,client,38.3,1.3,34.1,235.56,1.02,47.08,48.7,0.71,44.08,healthy,normal
2025-01-01T05:21:35+00:00,co-1,core_switch,13.76,1.19,37.06,279.61,2.12,53.6,35.57,0.52,25.47,healthy,normal
2025-01-01T05:21:40+00:00,da-4,database,160.56,3.03,82.31,185.3,17.93,96.35,94.0,2.36,57.24,warning,device_overload
2025-01-01T05:21:45+00:00,co-1,core_switch,170.07,5.92,81.66,116.27,15.75,97.45,97.31,1.7,81.58,warning,device_overload
2025-01-01T05:21:50+00:00,se-1,server,38.31,1.0,44.74,321.55,1.15,56.79,44.3,0.57,42.09,healthy,normal
2025-01-01T05:21:55+00:00,cl-1,client,122.56,7.64,47.43,179.93,10.77,93.58,87.86,3.79,69.82,warning,device_overload
2025-01-01T05:22:00+00:00,ro-3,router,35.53,1.01,34.73,243.79,2.45,50.21,42.62,0.24,18.32,healthy,normal
2025-01-01T05:22:05+00:00,cl-4,client,21.16,1.36,39.21,150.66,2.83,41.63,48.88,0.35,30.92,healthy,normal
2025-01-01T05:22:10+00:00,co-4,core_switch,26.07,0.39,47.28,122.67,1.17,43.52,51.41,0.24,15.52,healthy,normal
2025-01-01T05:22:15+00:00,cl-1,client,30.96,0.93,35.17,215.44,3.51,31.93,34.63,0.31,44.97,healthy,normal
2025-01-01T05:22:20+00:00,ro-1,router,104.04,6.03,54.06,83.76,15.32,92.23,99.52,3.24,54.31,warning,device_overload
2025-01-01T05:22:25+00:00,da-3,database,387.68,88.14,8.61,14.78,72.26,30.6,51.19,44.65,13.04,offline,link_failure
2025-01-01T05:22:30+00:00,ro-2,router,474.6,91.58,19.88,22.19,70.79,50.53,39.23,33.87,15.29,warning,link_failure
2025-01-01T05:22:35+00:00,co-1,core_switch,24.29,0.09,22.93,270.12,4.4,53.5,44.51,0.88,50.28,healthy,normal
2025-01-01T05:22:40+00:00,cl-8,client,24.6,0.92,20.57,185.77,2.11,55.36,50.27,0.9,27.54,healthy,normal
2025-01-01T05:22:45+00:00,co-3,core_switch,10.2,0.41,51.99,160.5,3.33,37.87,26.97,0.89,62.27,healthy,normal
2025-01-01T05:22:50+00:00,se-3,server,108.59,8.54,93.38,916.84,25.69,71.43,66.39,2.58,96.44,warning,traffic_spike
2025-01-01T05:22:55+00:00,da-7,database,34.64,1.4,53.0,155.73,0.92,23.13,39.35,0.42,37.33,healthy,normal
2025-01-01T05:23:00+00:00,da-2,database,474.65,93.87,4.18,0.79,56.43,3.63,8.08,74.44,4.49,offline,device_failure
2025-01-01T05:23:05+00:00,ac-7,access_switch,167.72,3.78,47.56,183.84,16.57,96.16,97.52,1.23,83.54,warning,device_overload
2025-01-01T05:23:10+00:00,ac-2,access_switch,193.85,9.98,98.62,138.93,23.12,52.25,58.27,4.33,95.94,warning,congestion
2025-01-01T05:23:15+00:00,ac-5,access_switch,437.8,92.25,4.28,2.49,72.37,5.01,5.01,71.52,5.42,offline,device_failure
2025-01-01T05:23:20+00:00,ro-6,router,13.76,0.61,35.17,292.96,2.86,41.96,58.06,0.37,29.56,healthy,normal
2025-01-01T05:23:25+00:00,ro-6,router,28.75,0.01,46.96,302.17,5.19,33.58,44.08,0.28,23.62,healthy,normal
2025-01-01T05:23:30+00:00,da-8,database,29.75,0.07,52.29,120.36,4.84,45.99,41.92,0.01,64.5,healthy,normal
2025-01-01T05:23:35+00:00,da-3,database,26.14,0.05,31.9,201.86,4.77,29.86,61.79,0.57,23.46,healthy,normal
2025-01-01T05:23:40+00:00,co-3,core_switch,98.48,1.77,75.64,164.82,15.98,88.44,97.07,6.05,56.41,warning,device_overload
2025-01-01T05:23:45+00:00,co-7,core_switch,295.74,99.48,0.96,6.97,73.13,3.16,11.94,69.65,2.52,offline,device_failure
2025-01-01T05:23:50+00:00,cl-6,client,18.83,1.13,44.33,162.89,5.92,29.09,63.49,0.89,26.81,healthy,normal
2025-01-01T05:23:55+00:00,cl-5,client,167.72,11.53,93.25,119.84,31.56,61.03,54.51,6.66,98.91,warning,congestion
2025-01-01T05:24:00+00:00,da-6,database,76.46,4.85,63.94,146.74,8.27,99.88,93.14,1.31,68.57,warning,device_overload
2025-01-01T05:24:05+00:00,ac-8,access_switch,17.98,0.09,21.74,306.61,3.0,24.45,61.43,0.51,46.73,healthy,normal
2025-01-01T05:24:10+00:00,ro-6,router,31.42,0.42,64.78,180.89,4.71,43.58,28.49,0.59,61.79,healthy,normal
2025-01-01T05:24:15+00:00,ro-1,router,131.22,4.9,93.89,810.51,12.16,95.33,87.7,2.11,97.35,warning,traffic_spike
2025-01-01T05:24:20+00:00,ro-5,router,15.21,1.01,60.53,289.0,5.36,23.41,51.6,0.85,31.67,healthy,normal
2025-01-01T05:24:25+00:00,se-8,server,110.24,7.95,95.0,80.41,20.7,77.81,63.82,4.44,92.41,warning,congestion
2025-01-01T05:24:30+00:00,se-8,server,453.67,94.95,3.79,7.22,99.28,8.18,1.3,71.87,4.7,offline,device_failure
2025-01-01T05:24:35+00:00,ac-2,access_switch,15.5,0.81,55.04,232.45,2.78,42.04,67.04,0.71,45.57,healthy,normal
2025-01-01T05:24:40+00:00,co-8,core_switch,24.82,0.09,37.23,246.26,1.48,21.14,50.36,0.59,57.67,healthy,normal
2025-01-01T05:24:45+00:00,cl-5,client,29.14,0.65,18.98,225.22,1.73,34.11,24.86,0.15,26.72,healthy,normal
2025-01-01T05:24:50+00:00,cl-5,client,328.67,95.04,7.78,4.67,63.39,9.37,2.88,49.35,2.09,warning,device_failure
2025-01-01T05:24:55+00:00,ac-7,access_switch,16.41,0.71,44.65,222.62,4.55,41.65,27.74,0.66,53.24,healthy,normal
2025-01-01T05:25:00+00:00,da-8,database,133.36,2.9,94.19,738.64,21.25,93.65,75.87,1.04,92.3,warning,traffic_spike
2025-01-01T05:25:05+00:00,da-3,database,242.54,74.63,5.17,6.61,67.77,39.9,56.45,59.52,13.72,warning,link_failure
2025-01-01T05:25:10+00:00,da-8,database,34.7,0.62,29.55,222.18,4.75,42.73,25.8,0.46,18.57,healthy,normal
2025-01-01T05:25:15+00:00,co-3,core_switch,144.68,6.81,82.53,79.44,7.87,89.95,88.7,6.7,55.29,warning,device_overload
2025-01-01T05:25:20+00:00,da-8,database,26.48,1.32,44.4,201.38,2.13,30.9,28.9,0.68,56.66,healthy,normal
2025-01-01T05:25:25+00:00,cl-6,client,144.25,6.73,88.18,813.05,20.64,83.34,56.23,1.74,90.97,warning,traffic_spike
2025-01-01T05:25:30+00:00,ro-4,router,37.26,1.18,29.21,218.28,2.23,26.59,33.86,0.8,18.08,healthy,normal
2025-01-01T05:25:35+00:00,cl-8,client,28.37,0.5,55.92,129.99,1.96,26.07,39.29,0.1,36.24,healthy,normal
2025-01-01T05:25:40+00:00,co-1,core_switch,12.61,1.32,58.26,244.9,5.62,36.89,42.41,0.33,29.96,healthy,normal
2025-01-01T05:25:45+00:00,ro-7,router,40.5,0.01,20.52,146.11,3.47,57.53,60.23,0.24,38.77,healthy,normal
2025-01-01T05:25:50+00:00,se-6,server,380.35,77.97,3.35,13.8,36.98,51.33,66.77,34.97,11.39,offline,link_failure
2025-01-01T05:25:55+00:00,co-5,core_switch,18.2,0.91,43.46,261.51,5.92,51.92,38.35,0.53,57.63,healthy,normal
2025-01-01T05:26:00+00:00,da-5,database,26.28,0.88,45.89,188.31,4.28,47.47,36.23,0.53,22.32,healthy,normal
2025-01-01T05:26:05+00:00,co-1,core_switch,19.24,0.38,57.22,328.16,4.33,35.15,39.87,0.21,28.37,healthy,normal
2025-01-01T05:26:10+00:00,ac-7,access_switch,20.42,1.31,32.15,177.14,4.41,31.34,37.62,0.06,30.21,healthy,normal
2025-01-01T05:26:15+00:00,ac-3,access_switch,32.51,0.77,42.01,256.6,2.85,32.05,62.04,0.8,46.74,healthy,normal
2025-01-01T05:26:20+00:00,ac-4,access_switch,143.31,5.81,94.7,506.08,12.75,85.88,58.5,2.47,96.09,warning,traffic_spike
2025-01-01T05:26:25+00:00,ac-5,access_switch,102.42,6.92,93.85,667.02,27.99,90.45,87.87,3.82,99.99,warning,traffic_spike
2025-01-01T05:26:30+00:00,co-3,core_switch,18.24,0.25,32.91,277.76,4.94,47.25,61.48,0.61,29.3,healthy,normal
2025-01-01T05:26:35+00:00,ac-8,access_switch,14.4,0.34,58.65,210.17,1.56,35.0,64.22,0.54,32.97,healthy,normal
2025-01-01T05:26:40+00:00,ro-1,router,461.09,90.83,2.35,7.34,78.23,7.97,7.78,61.93,3.65,offline,device_failure
2025-01-01T05:26:45+00:00,ac-3,access_switch,13.1,0.0,34.05,226.48,5.83,35.7,39.68,0.84,61.41,healthy,normal
2025-01-01T05:26:50+00:00,se-3,server,464.25,86.77,6.19,23.71,75.95,59.56,59.18,45.05,6.24,offline,link_failure
2025-01-01T05:26:55+00:00,cl-2,client,161.53,14.94,96.58,118.21,19.03,65.77,59.89,6.33,93.84,warning,congestion
2025-01-01T05:27:00+00:00,cl-1,client,23.18,0.28,48.93,239.41,4.21,59.19,38.93,0.73,25.16,healthy,normal
2025-01-01T05:27:05+00:00,cl-8,client,32.79,1.15,38.91,247.6,2.21,52.29,62.35,0.61,26.22,healthy,normal
2025-01-01T05:27:10+00:00,ac-4,access_switch,36.49,1.46,57.31,117.03,0.93,44.03,53.95,0.87,38.9,healthy,normal
2025-01-01T05:27:15+00:00,co-4,core_switch,14.28,0.97,18.18,223.47,4.94,37.41,66.27,0.28,39.97,healthy,normal
2025-01-01T05:27:20+00:00,da-1,database,39.53,0.18,24.36,310.36,1.67,37.31,59.69,0.85,37.45,healthy,normal
2025-01-01T05:27:25+00:00,ro-1,router,106.24,14.22,92.67,105.41,33.2,51.63,69.55,6.98,90.07,warning,congestion
2025-01-01T05:27:30+00:00,co-1,core_switch,110.68,4.99,70.14,65.41,9.29,98.68,87.37,1.63,78.29,warning,device_overload
2025-01-01T05:27:35+00:00,da-6,database,13.42,0.61,58.16,122.4,1.35,39.07,26.32,0.25,65.62,healthy,normal
2025-01-01T05:27:40+00:00,se-1,server,215.14,96.23,4.89,9.34,50.37,41.21,29.33,64.23,0.35,offline,link_failure
2025-01-01T05:27:45+00:00,se-6,server,25.09,0.47,45.52,314.88,3.27,43.93,48.14,0.77,38.45,healthy,normal
2025-01-01T05:27:50+00:00,ro-5,router,152.22,3.56,47.98,107.43,20.78,98.96,85.71,5.15,48.34,warning,device_overload
2025-01-01T05:27:55+00:00,se-4,server,41.43,0.71,24.3,291.58,1.29,41.81,46.94,0.03,60.27,healthy,normal
2025-01-01T05:28:00+00:00,cl-2,client,59.74,5.05,90.79,442.07,8.74,91.47,75.59,3.01,99.33,warning,traffic_spike
2025-01-01T05:28:05+00:00,co-3,core_switch,126.21,3.28,78.95,163.2,12.39,97.44,95.26,2.95,61.17,warning,device_overload
2025-01-01T05:28:10+00:00,se-5,server,330.06,98.79,9.52,0.43,66.17,2.7,13.99,85.9,7.11,offline,device_failure
2025-01-01T05:28:15+00:00,co-8,core_switch,15.09,1.47,38.54,209.42,2.8,53.03,31.36,0.82,40.06,healthy,normal
2025-01-01T05:28:20+00:00,ac-8,access_switch,28.82,0.42,34.72,275.35,5.69,49.03,36.95,0.68,50.99,healthy,normal
2025-01-01T05:28:25+00:00,se-5,server,41.04,0.22,31.58,208.98,1.07,27.23,45.22,0.56,64.02,healthy,normal
2025-01-01T05:28:30+00:00,se-1,server,139.88,2.32,79.02,163.49,16.96,98.78,87.55,1.76,46.99,warning,device_overload
2025-01-01T05:28:35+00:00,ac-4,access_switch,38.42,0.85,35.41,313.94,1.3,48.4,56.17,0.61,29.56,healthy,normal
2025-01-01T05:28:40+00:00,ro-2,router,21.11,1.01,30.27,294.94,3.22,58.91,26.68,0.47,58.56,healthy,normal
2025-01-01T05:28:45+00:00,da-4,database,20.83,1.08,35.35,187.5,3.41,57.63,33.87,0.23,28.67,healthy,normal
2025-01-01T05:28:50+00:00,ac-8,access_switch,168.3,13.26,95.09,73.79,21.09,55.82,47.83,4.49,99.77,warning,congestion
2025-01-01T05:28:55+00:00,ac-3,access_switch,419.18,81.15,11.33,14.04,59.68,50.24,40.41,56.31,16.02,warning,link_failure
2025-01-01T05:29:00+00:00,cl-7,client,39.04,0.72,26.52,179.84,1.09,38.02,38.68,0.01,59.64,healthy,normal
2025-01-01T05:29:05+00:00,da-5,database,88.58,2.86,99.45,725.2,12.45,95.17,56.03,1.78,94.82,warning,traffic_spike
2025-01-01T05:29:10+00:00,cl-3,client,113.38,2.2,62.56,69.24,21.03,96.13,95.65,5.36,79.06,warning,device_overload
2025-01-01T05:29:15+00:00,cl-6,client,249.91,97.2,8.47,2.81,48.06,2.45,2.54,65.95,1.97,offline,device_failure
2025-01-01T05:29:20+00:00,cl-1,client,12.08,0.47,37.15,283.89,1.36,58.1,30.94,0.51,65.44,healthy,normal
2025-01-01T05:29:25+00:00,cl-1,client,16.76,0.74,42.94,113.13,3.76,47.4,30.76,0.66,55.2,healthy,normal
2025-01-01T05:29:30+00:00,da-5,database,90.77,15.52,90.75,148.22,35.0,72.77,76.19,3.91,94.67,warning,congestion
2025-01-01T05:29:35+00:00,ac-7,access_switch,36.67,0.89,43.94,214.74,4.43,36.41,66.73,0.1,36.64,healthy,normal
2025-01-01T05:29:40+00:00,co-8,core_switch,135.03,6.03,88.26,160.44,14.19,45.6,56.39,4.66,95.13,warning,congestion
2025-01-01T05:29:45+00:00,ac-1,access_switch,10.05,1.03,20.59,223.0,1.49,43.34,54.32,0.36,53.67,healthy,normal
2025-01-01T05:29:50+00:00,ro-7,router,13.0,0.79,33.92,163.61,3.16,15.29,26.74,0.02,15.32,healthy,normal
2025-01-01T05:29:55+00:00,co-3,core_switch,33.2,0.25,36.6,292.33,5.34,57.48,25.84,0.09,53.75,healthy,normal
2025-01-01T05:30:00+00:00,ro-2,router,33.49,0.85,55.12,269.78,1.38,50.23,64.3,0.39,41.94,healthy,normal
2025-01-01T05:30:05+00:00,ro-1,router,36.84,0.16,46.85,127.46,4.92,57.31,67.66,0.21,24.33,healthy,normal
2025-01-01T05:30:10+00:00,co-6,core_switch,13.59,0.57,54.33,310.66,5.57,57.16,46.3,0.35,37.5,healthy,normal
2025-01-01T05:30:15+00:00,ro-8,router,10.63,1.17,56.2,165.7,2.37,51.65,41.18,0.29,65.55,healthy,normal
2025-01-01T05:30:20+00:00,cl-3,client,163.62,1.59,65.73,185.2,9.27,90.56,96.79,5.46,47.17,warning,device_overload
2025-01-01T05:30:25+00:00,ac-6,access_switch,60.23,7.16,56.78,185.73,17.41,87.94,87.44,7.75,52.72,warning,device_overload
2025-01-01T05:30:30+00:00,se-6,server,19.2,0.66,62.32,295.65,5.8,21.91,30.8,0.36,50.89,healthy,normal
2025-01-01T05:30:35+00:00,cl-3,client,61.65,1.74,65.96,115.7,20.31,97.0,91.4,3.15,83.03,warning,device_overload
2025-01-01T05:30:40+00:00,cl-8,client,27.75,0.75,27.18,123.59,5.59,55.43,50.93,0.21,51.29,healthy,normal
2025-01-01T05:30:45+00:00,se-7,server,133.03,8.06,93.24,708.15,8.63,72.7,80.1,3.24,94.34,warning,traffic_spike
2025-01-01T05:30:50+00:00,da-2,database,164.3,5.46,55.28,151.49,8.97,91.81,97.15,5.17,82.19,warning,device_overload
2025-01-01T05:30:55+00:00,ac-5,access_switch,120.96,9.27,92.13,656.29,26.93,75.35,80.98,3.35,91.11,warning,traffic_spike
2025-01-01T05:31:00+00:00,co-8,core_switch,26.06,0.87,47.87,148.39,5.53,35.89,33.46,0.84,55.4,healthy,normal
2025-01-01T05:31:05+00:00,se-6,server,299.41,96.8,6.32,1.02,92.37,9.22,10.79,50.93,3.43,offline,device_failure
2025-01-01T05:31:10+00:00,cl-5,client,30.72,0.28,52.29,268.42,1.61,19.51,37.21,0.35,31.97,healthy,normal
2025-01-01T05:31:15+00:00,da-4,database,379.61,94.64,9.83,1.72,98.91,3.67,13.39,74.78,1.75,warning,device_failure
2025-01-01T05:31:20+00:00,da-3,database,41.55,1.16,42.62,321.92,4.78,51.72,57.9,0.6,30.77,healthy,normal
2025-01-01T05:31:25+00:00,co-1,core_switch,142.59,9.82,98.1,731.23,8.01,74.06,80.76,2.6,93.97,warning,traffic_spike
2025-01-01T05:31:30+00:00,ro-8,router,324.55,72.22,20.11,21.04,36.91,23.55,60.19,43.77,11.46,offline,link_failure
2025-01-01T05:31:35+00:00,co-4,core_switch,394.58,89.93,0.73,2.87,70.45,8.67,5.67,37.15,6.21,warning,device_failure
2025-01-01T05:31:40+00:00,da-8,database,38.18,0.55,35.35,206.62,4.66,48.89,57.43,0.11,56.73,healthy,normal
2025-01-01T05:31:45+00:00,cl-2,client,11.99,0.97,58.18,174.88,0.88,21.26,45.48,0.12,15.74,healthy,normal
2025-01-01T05:31:50+00:00,se-5,server,14.67,0.96,47.54,231.79,5.14,38.68,40.84,0.18,23.58,healthy,normal
2025-01-01T05:31:55+00:00,se-7,server,33.57,1.04,22.72,178.07,1.21,17.76,38.95,0.77,41.15,healthy,normal
2025-01-01T05:32:00+00:00,se-5,server,259.37,98.21,9.65,3.45,94.23,1.61,3.09,78.68,5.36,offline,device_failure
2025-01-01T05:32:05+00:00,cl-2,client,305.95,90.39,7.34,6.67,85.03,10.46,0.89,62.35,5.67,offline,device_failure
2025-01-01T05:32:10+00:00,da-6,database,39.06,1.31,34.72,172.56,3.27,26.08,58.78,0.26,60.61,healthy,normal
2025-01-01T05:32:15+00:00,da-8,database,35.64,0.24,32.34,289.71,3.18,40.38,65.47,0.49,24.73,healthy,normal
2025-01-01T05:32:20+00:00,ac-5,access_switch,187.91,90.23,6.15,2.93,30.57,33.51,52.8,37.98,1.97,warning,link_failure
2025-01-01T05:32:25+00:00,se-6,server,446.06,92.46,5.66,6.69,46.72,4.16,9.85,65.05,3.07,offline,device_failure
2025-01-01T05:32:30+00:00,cl-7,client,29.03,1.27,28.1,234.63,4.97,56.69,56.16,0.01,53.79,healthy,normal
2025-01-01T05:32:35+00:00,co-6,core_switch,144.9,7.6,68.79,171.19,9.93,94.95,90.4,2.44,81.23,warning,device_overload
2025-01-01T05:32:40+00:00,cl-4,client,13.38,1.23,25.43,189.67,4.54,37.03,25.41,0.2,19.94,healthy,normal
2025-01-01T05:32:45+00:00,ro-2,router,362.44,96.0,3.65,1.57,52.81,3.53,7.88,44.7,2.7,offline,device_failure
2025-01-01T05:32:50+00:00,da-5,database,19.97,0.83,59.64,214.63,3.18,18.08,38.24,0.62,46.65,healthy,normal
2025-01-01T05:32:55+00:00,cl-2,client,39.22,1.37,54.82,171.29,5.46,49.93,31.66,0.39,52.52,healthy,normal
2025-01-01T05:33:00+00:00,da-7,database,35.15,0.3,54.6,298.24,3.04,49.53,24.01,0.54,22.34,healthy,normal
2025-01-01T05:33:05+00:00,cl-8,client,165.96,5.84,94.81,102.58,14.68,53.22,65.66,5.74,86.66,warning,congestion
2025-01-01T05:33:10+00:00,cl-6,client,90.24,8.61,93.47,53.5,36.26,49.75,68.38,2.88,97.97,warning,congestion
2025-01-01T05:33:15+00:00,ac-5,access_switch,19.32,0.63,56.62,162.05,1.32,55.74,27.83,0.34,48.14,healthy,normal
2025-01-01T05:33:20+00:00,ac-1,access_switch,109.67,12.98,85.13,107.33,22.22,70.65,70.26,5.29,96.5,warning,congestion
2025-01-01T05:33:25+00:00,co-4,core_switch,31.91,1.11,43.84,300.73,1.55,44.66,42.81,0.32,19.85,healthy,normal
2025-01-01T05:33:30+00:00,ro-8,router,144.49,2.68,69.8,183.89,8.26,95.38,92.18,5.77,85.99,warning,device_overload
2025-01-01T05:33:35+00:00,co-1,core_switch,10.13,0.97,54.78,289.27,4.77,58.51,56.48,0.42,30.13,healthy,normal
2025-01-01T05:33:40+00:00,ac-7,access_switch,154.51,6.24,76.66,172.16,15.02,87.36,87.91,6.3,83.08,warning,device_overload
2025-01-01T05:33:45+00:00,co-7,core_switch,16.3,0.5,52.53,211.93,3.43,32.09,62.49,0.41,18.03,healthy,normal
2025-01-01T05:33:50+00:00,ac-7,access_switch,345.47,88.54,3.87,5.13,64.64,6.19,5.05,43.14,0.66,warning,device_failure
2025-01-01T05:33:55+00:00,da-7,database,21.92,1.29,52.56,139.91,4.77,26.46,35.93,0.1,51.88,healthy,normal
2025-01-01T05:34:00+00:00,cl-5,client,10.45,1.13,30.22,235.14,3.51,38.17,33.26,0.52,55.14,healthy,normal
2025-01-01T05:34:05+00:00,ro-2,router,27.67,1.03,18.36,223.0,1.35,43.45,47.37,0.5,45.81,healthy,normal
2025-01-01T05:34:10+00:00,da-3,database,323.03,87.86,11.13,13.82,43.22,57.85,29.97,47.47,8.6,offline,link_failure
2025-01-01T05:34:15+00:00,ro-7,router,133.21,5.17,91.92,49.62,31.16,61.89,68.8,1.62,86.45,warning,congestion
2025-01-01T05:34:20+00:00,cl-8,client,184.13,7.83,85.13,93.49,19.96,73.96,54.02,5.12,94.61,warning,congestion
2025-01-01T05:34:25+00:00,ro-7,router,37.91,0.51,53.22,217.25,3.34,18.5,27.67,0.55,56.8,healthy,normal
2025-01-01T05:34:30+00:00,da-4,database,65.41,4.61,96.56,818.62,17.78,96.51,80.4,4.03,93.45,warning,traffic_spike
2025-01-01T05:34:35+00:00,se-7,server,135.81,1.44,79.45,173.55,12.13,96.55,90.78,6.42,49.74,warning,device_overload
2025-01-01T05:34:40+00:00,ro-8,router,15.42,0.14,33.5,227.66,1.81,22.75,28.09,0.66,64.14,healthy,normal
2025-01-01T05:34:45+00:00,co-6,core_switch,10.75,0.3,36.91,266.99,2.42,41.67,61.2,0.87,37.93,healthy,normal
2025-01-01T05:34:50+00:00,cl-5,client,23.69,0.47,51.32,228.55,1.4,53.13,61.62,0.44,46.97,healthy,normal
2025-01-01T05:34:55+00:00,co-2,core_switch,194.93,14.73,98.39,106.31,36.43,80.46,52.06,1.24,96.91,warning,congestion
2025-01-01T05:35:00+00:00,ro-6,router,12.12,0.47,49.27,192.15,3.64,44.82,38.22,0.38,44.26,healthy,normal
2025-01-01T05:35:05+00:00,cl-4,client,27.46,1.18,31.78,304.61,1.21,28.86,31.28,0.67,48.34,healthy,normal
2025-01-01T05:35:10+00:00,cl-4,client,123.23,13.97,83.43,87.92,23.93,78.2,63.99,5.35,99.64,warning,congestion
2025-01-01T05:35:15+00:00,se-7,server,88.0,8.12,99.39,808.93,25.53,92.54,74.01,4.4,98.92,warning,traffic_spike
2025-01-01T05:35:20+00:00,se-8,server,37.36,0.73,30.03,296.32,0.97,48.09,67.64,0.5,25.55,healthy,normal
2025-01-01T05:35:25+00:00,ro-2,router,26.63,1.48,20.58,112.69,4.29,56.16,25.55,0.66,32.44,healthy,normal
2025-01-01T05:35:30+00:00,co-2,core_switch,455.85,85.6,15.12,22.1,78.93,61.18,34.92,49.89,7.87,offline,link_failure
2025-01-01T05:35:35+00:00,se-6,server,13.09,1.42,61.81,214.48,4.91,37.43,63.86,0.56,42.35,healthy,normal
2025-01-01T05:35:40+00:00,ac-6,access_switch,208.77,11.51,95.33,120.5,34.86,62.21,62.92,1.51,90.09,warning,congestion
2025-01-01T05:35:45+00:00,se-5,server,145.43,11.77,93.41,161.03,27.31,78.59,48.37,2.35,96.05,warning,congestion
2025-01-01T05:35:50+00:00,ro-4,router,486.03,97.14,6.71,7.7,66.59,10.28,7.59,71.32,4.85,warning,device_failure
2025-01-01T05:35:55+00:00,co-1,core_switch,88.03,6.25,89.55,145.33,13.57,53.45,43.79,2.9,87.96,warning,congestion
2025-01-01T05:36:00+00:00,ac-3,access_switch,11.26,0.66,37.13,295.66,5.99,25.03,38.84,0.76,29.68,healthy,normal
2025-01-01T05:36:05+00:00,se-1,server,17.96,1.48,53.4,201.87,4.38,59.72,47.76,0.71,63.98,healthy,normal
2025-01-01T05:36:10+00:00,co-8,core_switch,66.18,6.41,53.24,184.18,15.68,91.58,86.3,6.26,64.29,warning,device_overload
2025-01-01T05:36:15+00:00,co-2,core_switch,40.39,1.41,27.22,176.0,2.47,48.78,67.69,0.65,66.33,healthy,normal
2025-01-01T05:36:20+00:00,cl-4,client,39.9,1.37,47.47,260.47,2.38,52.04,52.19,0.78,52.09,healthy,normal
2025-01-01T05:36:25+00:00,ro-3,router,37.84,1.37,19.5,278.51,3.8,16.91,26.1,0.7,60.12,healthy,normal
2025-01-01T05:36:30+00:00,cl-8,client,11.02,0.61,29.82,304.58,4.95,47.53,33.58,0.18,57.5,healthy,normal
2025-01-01T05:36:35+00:00,ro-5,router,38.3,0.66,55.69,235.92,3.31,52.19,31.15,0.07,39.98,healthy,normal
2025-01-01T05:36:40+00:00,da-5,database,120.48,9.69,95.7,517.05,8.7,71.11,55.16,4.52,95.42,warning,traffic_spike
2025-01-01T05:36:45+00:00,cl-6,client,38.59,1.35,54.03,326.6,4.61,37.07,48.97,0.21,26.7,healthy,normal
2025-01-01T05:36:50+00:00,ro-5,router,28.78,1.22,47.25,202.34,4.15,43.49,28.05,0.36,23.93,healthy,normal
2025-01-01T05:36:55+00:00,ac-8,access_switch,11.65,0.64,61.52,226.88,4.38,50.05,43.18,0.75,63.0,healthy,normal
2025-01-01T05:37:00+00:00,da-6,database,32.28,0.67,22.54,304.54,3.21,23.01,49.31,0.51,25.14,healthy,normal
2025-01-01T05:37:05+00:00,da-2,database,116.66,6.05,64.13,144.89,19.03,92.85,84.18,1.89,72.81,warning,device_overload
2025-01-01T05:37:10+00:00,se-3,server,191.8,7.67,86.11,105.75,34.04,80.11,42.0,6.82,89.07,warning,congestion
2025-01-01T05:37:15+00:00,da-1,database,145.91,13.4,87.88,156.75,20.85,65.87,68.56,1.53,96.68,warning,congestion
2025-01-01T05:37:20+00:00,da-5,database,172.15,10.13,94.85,118.29,17.03,51.6,49.54,4.49,88.34,warning,congestion
2025-01-01T05:37:25+00:00,se-8,server,88.72,12.22,91.0,88.38,37.7,74.32,61.13,5.72,90.02,warning,congestion
2025-01-01T05:37:30+00:00,cl-7,client,38.38,0.32,45.26,167.35,5.76,27.95,24.79,0.45,26.57,healthy,normal
2025-01-01T05:37:35+00:00,ac-8,access_switch,21.86,0.39,24.49,202.74,2.39,25.73,59.1,0.66,15.16,healthy,normal
2025-01-01T05:37:40+00:00,ac-6,access_switch,40.97,0.97,38.85,131.57,4.8,21.78,66.12,0.38,22.57,healthy,normal
2025-01-01T05:37:45+00:00,se-8,server,109.27,2.41,67.22,163.74,22.47,86.83,99.39,1.43,51.21,warning,device_overload
2025-01-01T05:37:50+00:00,cl-7,client,18.73,0.94,48.8,162.64,3.94,32.51,45.05,0.22,60.42,healthy,normal
2025-01-01T05:37:55+00:00,cl-4,client,253.73,77.48,4.31,10.71,55.77,43.06,50.93,55.84,9.4,warning,link_failure
2025-01-01T05:38:00+00:00,co-2,core_switch,467.88,77.89,19.15,10.41,62.31,61.0,42.81,28.12,2.56,warning,link_failure
2025-01-01T05:38:05+00:00,se-4,server,25.36,1.46,28.94,249.0,1.49,41.09,47.0,0.34,41.85,healthy,normal
2025-01-01T05:38:10+00:00,da-7,database,57.74,3.58,90.5,571.76,19.89,93.13,73.44,2.08,95.41,warning,traffic_spike
2025-01-01T05:38:15+00:00,cl-3,client,23.07,0.95,26.7,129.4,1.09,33.19,44.1,0.88,56.94,healthy,normal
2025-01-01T05:38:20+00:00,se-8,server,182.25,6.75,93.23,49.78,37.89,81.38,43.63,4.91,92.13,warning,congestion
2025-01-01T05:38:25+00:00,da-4,database,74.55,4.89,96.31,567.51,21.37,72.73,59.74,2.25,90.55,warning,traffic_spike
2025-01-01T05:38:30+00:00,co-5,core_switch,41.49,1.04,41.41,195.7,1.37,39.14,58.32,0.1,42.9,healthy,normal
2025-01-01T05:38:35+00:00,se-2,server,16.77,0.87,19.01,162.41,2.69,36.26,35.63,0.36,25.6,healthy,normal
2025-01-01T05:38:40+00:00,se-3,server,202.16,11.93,91.9,44.49,24.09,65.45,66.37,2.79,89.17,warning,congestion
2025-01-01T05:38:45+00:00,cl-6,client,120.34,7.11,45.33,133.16,19.99,98.78,90.86,7.3,85.11,warning,device_overload
2025-01-01T05:38:50+00:00,cl-5,client,178.51,14.52,88.32,42.13,20.5,77.24,64.19,2.86,96.58,warning,congestion
2025-01-01T05:38:55+00:00,ac-8,access_switch,292.41,78.32,6.32,19.08,44.09,37.18,38.8,45.44,1.81,offline,link_failure
2025-01-01T05:39:00+00:00,se-8,server,24.61,0.22,24.65,204.44,5.33,32.05,53.7,0.68,31.84,healthy,normal
2025-01-01T05:39:05+00:00,ro-1,router,14.73,0.02,39.63,189.93,1.11,53.11,61.06,0.72,66.15,healthy,normal
2025-01-01T05:39:10+00:00,cl-7,client,139.79,2.7,66.5,60.22,12.11,89.53,87.85,4.88,72.91,warning,device_overload
2025-01-01T05:39:15+00:00,ro-7,router,119.31,7.11,51.2,184.14,7.6,90.79,84.1,1.18,71.31,warning,device_overload
2025-01-01T05:39:20+00:00,da-6,database,289.78,96.77,7.62,13.64,82.0,60.22,32.37,26.46,4.65,offline,link_failure
2025-01-01T05:39:25+00:00,se-6,server,15.85,0.27,22.51,273.47,3.59,42.68,36.3,0.08,47.34,healthy,normal
2025-01-01T05:39:30+00:00,da-2,database,452.98,83.26,13.19,5.01,33.11,44.82,39.89,46.27,10.57,offline,link_failure
2025-01-01T05:39:35+00:00,ro-6,router,33.62,1.01,38.46,191.25,1.14,52.78,60.18,0.19,61.98,healthy,normal
2025-01-01T05:39:40+00:00,ro-3,router,119.67,4.39,46.64,163.93,17.37,86.89,97.24,7.87,74.53,warning,device_overload
2025-01-01T05:39:45+00:00,da-4,database,205.76,5.74,87.68,57.2,23.46,81.97,60.7,4.61,94.13,warning,congestion
2025-01-01T05:39:50+00:00,co-4,core_switch,86.08,11.7,92.39,47.33,15.76,63.59,43.7,3.3,86.73,warning,congestion
2025-01-01T05:39:55+00:00,cl-2,client,106.39,3.2,92.9,558.71,22.59,78.62,87.96,3.05,93.26,warning,traffic_spike
2025-01-01T05:40:00+00:00,da-2,database,123.01,2.9,83.45,135.22,10.87,99.21,97.28,3.47,58.24,warning,device_overload
2025-01-01T05:40:05+00:00,co-8,core_switch,30.53,1.41,50.3,192.01,3.45,28.77,44.76,0.3,34.79,healthy,normal
2025-01-01T05:40:10+00:00,cl-1,client,36.68,0.59,18.32,252.72,2.41,43.18,62.35,0.32,59.67,healthy,normal
2025-01-01T05:40:15+00:00,cl-4,client,39.34,0.08,36.55,192.49,2.76,52.64,61.24,0.75,16.51,healthy,normal
2025-01-01T05:40:20+00:00,ro-6,router,30.61,1.04,38.13,216.63,5.43,24.57,59.39,0.52,65.3,healthy,normal
2025-01-01T05:40:25+00:00,da-5,database,155.69,6.71,85.58,113.7,27.43,71.08,53.72,1.91,95.71,warning,congestion
2025-01-01T05:40:30+00:00,da-7,database,422.41,72.51,2.74,3.31,55.36,55.18,48.36,60.92,13.85,offline,link_failure
2025-01-01T05:40:35+00:00,ac-4,access_switch,15.39,0.15,56.23,237.8,1.48,44.16,57.52,0.12,40.22,healthy,normal
2025-01-01T05:40:40+00:00,cl-2,client,35.05,1.42,55.08,111.64,5.51,39.18,28.3,0.24,65.87,healthy,normal
2025-01-01T05:40:45+00:00,da-1,database,16.63,0.58,55.61,272.32,1.74,34.93,51.86,0.72,36.68,healthy,normal
2025-01-01T05:40:50+00:00,da-7,database,23.25,0.8,53.15,320.86,5.58,16.83,26.18,0.32,43.92,healthy,normal
2025-01-01T05:40:55+00:00,cl-4,client,122.61,3.29,78.29,171.8,7.85,87.3,89.02,2.55,68.37,warning,device_overload
2025-01-01T05:41:00+00:00,ac-8,access_switch,122.15,4.92,46.97,119.92,16.94,98.75,96.8,5.33,76.13,warning,device_overload
2025-01-01T05:41:05+00:00,ac-2,access_switch,21.12,1.14,47.83,283.16,1.39,28.27,42.82,0.08,46.02,healthy,normal
2025-01-01T05:41:10+00:00,ac-2,access_switch,150.85,4.43,97.75,92.87,21.45,76.21,74.79,3.35,93.51,warning,congestion
2025-01-01T05:41:15+00:00,ac-6,access_switch,17.52,1.31,50.19,158.36,5.64,37.33,43.08,0.54,61.25,healthy,normal
2025-01-01T05:41:20+00:00,ro-3,router,136.21,2.93,81.91,162.67,10.73,97.23,85.64,4.0,52.94,warning,device_overload
2025-01-01T05:41:25+00:00,ac-5,access_switch,29.64,0.16,48.46,131.27,2.8,22.21,46.74,0.36,52.04,healthy,normal
2025-01-01T05:41:30+00:00,ro-6,router,194.02,6.41,94.19,50.67,17.19,70.07,49.09,3.59,97.41,warning,congestion
2025-01-01T05:41:35+00:00,ro-3,router,98.66,4.32,90.25,580.29,27.56,85.33,57.27,1.27,91.76,warning,traffic_spike
2025-01-01T05:41:40+00:00,cl-7,client,202.84,91.57,19.09,13.38,82.87,35.58,50.68,49.98,9.41,warning,link_failure
2025-01-01T05:41:45+00:00,ac-4,access_switch,65.81,7.08,97.02,771.15,21.62,77.13,70.05,1.88,92.74,warning,traffic_spike
2025-01-01T05:41:50+00:00,co-3,core_switch,385.17,93.04,7.46,2.78,63.79,5.82,8.0,81.67,3.08,offline,device_failure
2025-01-01T05:41:55+00:00,co-5,core_switch,123.07,7.95,84.47,44.89,20.22,57.35,44.81,6.39,95.28,warning,congestion
2025-01-01T05:42:00+00:00,ac-3,access_switch,26.44,0.65,32.63,165.24,1.15,34.17,58.03,0.6,17.49,healthy,normal
2025-01-01T05:42:05+00:00,cl-2,client,312.16,91.91,9.99,3.94,97.82,10.12,0.28,80.04,3.05,offline,device_failure
2025-01-01T05:42:10+00:00,se-2,server,22.15,1.42,64.71,187.15,3.26,23.45,42.72,0.87,29.05,healthy,normal
2025-01-01T05:42:15+00:00,ro-2,router,368.79,86.19,0.34,0.14,36.68,36.85,55.19,49.56,5.38,warning,link_failure
2025-01-01T05:42:20+00:00,ac-6,access_switch,13.16,0.87,50.46,189.01,3.57,23.52,45.4,0.19,43.55,healthy,normal
2025-01-01T05:42:25+00:00,se-3,server,108.53,5.41,88.93,855.78,8.99,75.72,84.0,2.83,90.69,warning,traffic_spike
2025-01-01T05:42:30+00:00,ac-8,access_switch,422.65,99.75,6.52,0.19,77.7,0.38,12.99,78.32,5.79,offline,device_failure
2025-01-01T05:42:35+00:00,ac-6,access_switch,10.1,0.03,18.32,257.74,2.16,47.09,29.47,0.55,17.47,healthy,normal
2025-01-01T05:42:40+00:00,da-8,database,17.38,0.08,26.34,250.39,2.76,47.15,30.1,0.9,24.53,healthy,normal
2025-01-01T05:42:45+00:00,se-4,server,36.65,0.92,33.23,167.58,1.88,56.26,40.98,0.04,45.43,healthy,normal
2025-01-01T05:42:50+00:00,co-6,core_switch,16.75,1.27,25.72,276.68,4.22,31.47,49.95,0.05,56.28,healthy,normal
2025-01-01T05:42:55+00:00,co-8,core_switch,446.59,93.53,18.56,2.32,70.62,35.6,53.89,39.55,2.61,offline,link_failure
2025-01-01T05:43:00+00:00,se-1,server,32.88,0.92,47.24,210.85,3.23,54.71,54.83,0.08,49.05,healthy,normal
2025-01-01T05:43:05+00:00,se-5,server,12.92,0.1,46.9,129.58,1.84,31.52,37.66,0.04,48.33,healthy,normal
2025-01-01T05:43:10+00:00,cl-5,client,445.57,76.85,0.9,9.91,62.4,49.07,55.97,27.53,9.37,offline,link_failure
2025-01-01T05:43:15+00:00,se-4,server,27.21,0.9,61.42,176.13,5.36,40.3,31.36,0.29,48.33,healthy,normal
2025-01-01T05:43:20+00:00,se-6,server,15.63,0.41,38.92,188.18,2.7,19.6,46.66,0.7,41.68,healthy,normal
2025-01-01T05:43:25+00:00,cl-6,client,144.57,3.61,90.26,670.32,16.47,91.17,52.21,0.86,90.03,warning,traffic_spike
2025-01-01T05:43:30+00:00,cl-2,client,17.85,0.97,61.84,322.44,3.36,50.37,52.2,0.61,28.61,healthy,normal
2025-01-01T05:43:35+00:00,ac-4,access_switch,36.38,0.5,49.77,276.73,4.72,35.43,48.81,0.47,47.69,healthy,normal
2025-01-01T05:43:40+00:00,da-4,database,124.62,1.89,51.03,172.13,10.44,94.73,87.08,3.39,55.7,warning,device_overload
2025-01-01T05:43:45+00:00,co-6,core_switch,198.95,77.48,21.67,18.95,55.2,58.24,69.2,39.46,9.59,offline,link_failure
2025-01-01T05:43:50+00:00,da-3,database,225.96,7.07,84.73,86.53,32.27,60.36,45.79,4.27,95.3,warning,congestion
2025-01-01T05:43:55+00:00,co-1,core_switch,15.19,1.34,51.64,156.12,2.56,31.35,31.87,0.77,36.71,healthy,normal
2025-01-01T05:44:00+00:00,co-4,core_switch,107.23,8.26,87.41,74.03,15.29,51.08,71.48,4.77,91.77,warning,congestion
2025-01-01T05:44:05+00:00,co-2,core_switch,81.55,4.56,98.9,482.14,20.92,76.0,54.74,3.28,94.88,warning,traffic_spike
2025-01-01T05:44:10+00:00,se-1,server,436.76,99.52,6.79,5.11,86.89,1.21,2.5,64.52,1.49,offline,device_failure
2025-01-01T05:44:15+00:00,cl-7,client,72.12,4.84,91.22,729.31,8.81,73.77,64.7,3.81,97.06,warning,traffic_spike
2025-01-01T05:44:20+00:00,ac-8,access_switch,12.65,0.68,26.27,264.7,1.32,28.2,38.9,0.41,66.38,healthy,normal
2025-01-01T05:44:25+00:00,se-7,server,177.63,5.94,89.48,154.33,34.85,57.2,52.23,6.92,94.17,warning,congestion
2025-01-01T05:44:30+00:00,da-7,database,26.28,1.47,46.19,192.08,3.3,40.23,45.8,0.51,35.38,healthy,normal
2025-01-01T05:44:35+00:00,da-4,database,181.84,15.41,99.98,169.76,15.21,78.1,62.45,4.37,97.45,warning,congestion
2025-01-01T05:44:40+00:00,ac-7,access_switch,73.54,2.64,71.38,135.81,17.59,86.51,88.63,3.54,49.86,warning,device_overload
2025-01-01T05:44:45+00:00,ac-7,access_switch,474.63,98.78,9.21,1.69,56.24,1.99,6.63,42.18,6.2,offline,device_failure
2025-01-01T05:44:50+00:00,se-7,server,224.6,10.02,96.76,161.58,21.59,64.96,68.86,2.28,87.24,warning,congestion
2025-01-01T05:44:55+00:00,ro-1,router,32.8,1.04,34.66,296.63,1.24,46.53,35.13,0.42,55.93,healthy,normal
2025-01-01T05:45:00+00:00,cl-6,client,116.6,4.32,90.41,438.92,15.07,82.86,75.19,4.7,96.8,warning,traffic_spike
2025-01-01T05:45:05+00:00,co-8,core_switch,84.75,5.31,94.69,738.52,27.79,90.9,70.82,3.24,96.08,warning,traffic_spike
2025-01-01T05:45:10+00:00,da-5,database,73.34,9.21,90.26,558.25,13.53,78.0,78.19,1.26,97.07,warning,traffic_spike
2025-01-01T05:45:15+00:00,da-7,database,59.08,3.11,99.63,432.4,20.49,83.37,70.96,3.57,90.48,warning,traffic_spike
2025-01-01T05:45:20+00:00,cl-2,client,130.96,13.58,88.13,53.5,12.06,74.14,62.1,1.09,87.11,warning,congestion
2025-01-01T05:45:25+00:00,ac-8,access_switch,30.14,1.07,63.6,261.37,5.53,50.26,35.2,0.8,23.93,healthy,normal
2025-01-01T05:45:30+00:00,se-3,server,20.25,0.4,28.3,236.48,5.29,27.84,33.32,0.84,35.69,healthy,normal
2025-01-01T05:45:35+00:00,co-2,core_switch,352.46,96.49,2.76,2.94,58.05,6.85,9.83,75.27,6.81,warning,device_failure
2025-01-01T05:45:40+00:00,ac-3,access_switch,150.57,13.76,99.92,105.4,16.6,66.03,61.73,4.29,88.32,warning,congestion
2025-01-01T05:45:45+00:00,se-7,server,13.93,0.39,25.5,278.75,1.0,51.19,24.07,0.01,54.62,healthy,normal
2025-01-01T05:45:50+00:00,cl-1,client,29.44,1.01,34.82,311.04,5.12,45.88,51.4,0.07,32.76,healthy,normal
2025-01-01T05:45:55+00:00,ro-8,router,11.76,1.01,34.46,154.84,3.39,36.33,47.38,0.05,61.7,healthy,normal
2025-01-01T05:46:00+00:00,se-6,server,27.61,0.27,35.29,212.78,3.36,16.6,29.05,0.21,26.81,healthy,normal
2025-01-01T05:46:05+00:00,co-6,core_switch,40.43,0.86,55.97,169.75,4.77,56.23,26.95,0.83,27.27,healthy,normal
2025-01-01T05:46:10+00:00,ac-2,access_switch,108.54,6.03,95.32,913.59,23.01,88.77,56.0,2.36,94.32,warning,traffic_spike
2025-01-01T05:46:15+00:00,ac-4,access_switch,10.56,1.32,46.9,329.3,4.14,44.39,37.69,0.51,27.83,healthy,normal
2025-01-01T05:46:20+00:00,se-6,server,16.27,1.23,35.82,219.15,1.88,28.78,62.79,0.64,32.09,healthy,normal
2025-01-01T05:46:25+00:00,ac-3,access_switch,334.51,89.89,4.68,21.15,71.22,57.38,49.04,34.44,3.37,warning,link_failure
2025-01-01T05:46:30+00:00,se-4,server,393.61,88.69,8.94,23.36,57.36,44.74,71.93,29.95,3.17,offline,link_failure
2025-01-01T05:46:35+00:00,se-1,server,172.62,3.71,45.26,113.48,8.41,88.75,95.07,6.51,72.55,warning,device_overload
2025-01-01T05:46:40+00:00,ro-3,router,19.86,1.47,41.64,111.84,5.72,55.05,24.64,0.36,22.37,healthy,normal
2025-01-01T05:46:45+00:00,co-5,core_switch,125.68,2.77,79.63,146.23,9.01,99.28,94.06,2.41,84.93,warning,device_overload
2025-01-01T05:46:50+00:00,co-8,core_switch,138.93,7.84,90.25,858.13,26.94,75.85,61.91,1.78,93.88,warning,traffic_spike
2025-01-01T05:46:55+00:00,cl-8,client,29.56,0.65,48.98,195.77,4.07,56.71,41.0,0.46,51.88,healthy,normal
2025-01-01T05:47:00+00:00,ro-4,router,16.6,0.2,46.91,233.41,4.97,47.34,65.76,0.73,58.15,healthy,normal
2025-01-01T05:47:05+00:00,cl-7,client,31.32,0.73,46.34,194.66,2.34,42.13,51.42,0.77,33.3,healthy,normal
2025-01-01T05:47:10+00:00,se-6,server,23.52,0.18,37.54,119.16,1.89,27.74,65.74,0.88,22.81,healthy,normal
2025-01-01T05:47:15+00:00,se-3,server,36.9,1.46,39.55,178.94,2.9,28.81,27.72,0.01,62.51,healthy,normal
2025-01-01T05:47:20+00:00,cl-6,client,29.68,0.93,26.93,270.98,5.76,35.33,50.36,0.82,41.24,healthy,normal
2025-01-01T05:47:25+00:00,ro-1,router,237.37,94.79,19.33,5.34,74.16,63.01,59.63,56.82,17.28,offline,link_failure
2025-01-01T05:47:30+00:00,ro-3,router,320.63,72.69,18.55,3.34,44.06,43.77,63.31,36.32,10.32,warning,link_failure
2025-01-01T05:47:35+00:00,ro-3,router,28.96,0.23,62.76,212.23,1.57,17.06,33.0,0.33,43.78,healthy,normal
2025-01-01T05:47:40+00:00,da-6,database,12.16,1.05,62.99,247.82,5.96,41.22,57.58,0.42,56.36,healthy,normal
2025-01-01T05:47:45+00:00,cl-8,client,172.23,9.27,99.85,90.7,23.38,64.74,47.63,3.35,94.89,warning,congestion
2025-01-01T05:47:50+00:00,co-7,core_switch,422.94,93.22,18.39,7.9,48.28,50.88,62.42,36.96,8.27,warning,link_failure
2025-01-01T05:47:55+00:00,se-3,server,36.24,0.57,21.04,258.71,5.86,40.07,37.15,0.51,47.56,healthy,normal
2025-01-01T05:48:00+00:00,cl-8,client,105.48,6.08,93.03,50.29,17.42,73.09,60.64,2.43,95.06,warning,congestion
2025-01-01T05:48:05+00:00,ac-2,access_switch,168.98,10.6,95.83,49.81,36.96,61.21,56.77,6.36,86.3,warning,congestion
2025-01-01T05:48:10+00:00,ro-8,router,34.1,0.42,63.1,121.62,2.27,25.76,62.43,0.4,57.94,healthy,normal
2025-01-01T05:48:15+00:00,da-1,database,105.6,10.24,99.6,124.48,31.82,49.12,70.23,1.52,91.29,warning,congestion
2025-01-01T05:48:20+00:00,cl-7,client,35.89,0.41,20.74,273.01,4.79,59.18,29.05,0.8,48.89,healthy,normal
2025-01-01T05:48:25+00:00,co-2,core_switch,16.27,0.02,60.31,180.43,4.5,28.24,25.66,0.43,63.21,healthy,normal
2025-01-01T05:48:30+00:00,cl-6,client,29.23,0.18,33.34,189.23,5.36,39.03,47.16,0.08,37.45,healthy,normal
2025-01-01T05:48:35+00:00,da-2,database,41.79,0.18,31.29,280.8,4.52,33.47,46.02,0.73,20.53,healthy,normal
2025-01-01T05:48:40+00:00,cl-1,client,35.35,0.15,20.77,149.11,3.94,19.55,38.89,0.7,63.03,healthy,normal
2025-01-01T05:48:45+00:00,ac-2,access_switch,156.49,4.86,66.03,178.62,20.23,86.74,88.56,1.32,53.23,warning,device_overload
2025-01-01T05:48:50+00:00,co-7,core_switch,332.81,86.29,0.32,18.83,87.71,44.2,64.91,51.2,6.06,offline,link_failure
2025-01-01T05:48:55+00:00,ro-7,router,25.85,0.57,20.31,209.66,2.86,41.24,44.38,0.81,43.85,healthy,normal
2025-01-01T05:49:00+00:00,se-8,server,40.67,0.82,58.13,153.73,5.76,25.33,45.94,0.81,53.85,healthy,normal
2025-01-01T05:49:05+00:00,ro-1,router,30.75,1.14,51.68,214.35,5.96,59.54,48.41,0.17,41.89,healthy,normal
2025-01-01T05:49:10+00:00,co-2,core_switch,118.39,7.58,98.06,514.62,20.58,93.67,81.58,1.85,92.34,warning,traffic_spike
2025-01-01T05:49:15+00:00,ac-5,access_switch,22.22,0.7,47.46,175.27,4.94,40.32,33.73,0.52,58.49,healthy,normal
2025-01-01T05:49:20+00:00,ro-2,router,28.9,0.63,51.84,243.99,2.08,31.19,26.69,0.09,33.93,healthy,normal
2025-01-01T05:49:25+00:00,co-1,core_switch,84.66,4.1,60.56,107.68,14.63,91.42,98.88,3.71,76.1,warning,device_overload
2025-01-01T05:49:30+00:00,ac-7,access_switch,130.07,12.28,94.46,57.61,28.67,46.15,63.58,3.93,93.43,warning,congestion
2025-01-01T05:49:35+00:00,ro-7,router,352.23,88.92,4.98,6.74,83.81,22.51,42.38,26.4,16.63,offline,link_failure
2025-01-01T05:49:40+00:00,se-3,server,12.65,0.33,44.82,297.76,4.18,33.17,25.13,0.87,18.87,healthy,normal
2025-01-01T05:49:45+00:00,cl-5,client,28.69,1.38,62.75,214.95,4.44,53.89,27.0,0.56,18.25,healthy,normal
2025-01-01T05:49:50+00:00,se-7,server,41.64,0.79,35.67,289.91,1.5,46.39,58.93,0.71,44.95,healthy,normal
2025-01-01T05:49:55+00:00,da-1,database,447.81,91.66,0.39,6.92,65.14,5.48,11.58,79.22,6.65,offline,device_failure
2025-01-01T05:50:00+00:00,ac-7,access_switch,37.42,1.04,22.74,204.25,2.85,33.88,28.19,0.41,56.22,healthy,normal
2025-01-01T05:50:05+00:00,ro-2,router,14.49,1.41,18.84,224.91,4.22,46.17,51.54,0.69,24.97,healthy,normal
2025-01-01T05:50:10+00:00,se-8,server,30.2,1.21,55.79,304.52,1.75,47.46,38.92,0.31,36.89,healthy,normal
2025-01-01T05:50:15+00:00,cl-4,client,16.0,1.31,46.55,248.18,4.16,39.1,60.98,0.38,41.21,healthy,normal
2025-01-01T05:50:20+00:00,cl-4,client,146.46,6.73,53.17,183.75,9.58,94.44,94.65,4.47,61.07,warning,device_overload
2025-01-01T05:50:25+00:00,ro-1,router,12.07,0.36,60.35,229.71,5.1,15.43,24.6,0.01,27.86,healthy,normal
2025-01-01T05:50:30+00:00,se-6,server,104.87,8.67,99.04,751.6,21.23,68.48,83.88,0.69,93.39,warning,traffic_spike
2025-01-01T05:50:35+00:00,ro-3,router,36.69,0.68,40.96,257.97,5.05,41.9,50.87,0.55,22.44,healthy,normal
2025-01-01T05:50:40+00:00,cl-1,client,79.41,3.54,95.26,463.32,19.9,85.26,54.23,3.94,97.68,warning,traffic_spike
2025-01-01T05:50:45+00:00,ac-4,access_switch,22.17,0.61,60.74,201.23,2.95,23.72,65.96,0.6,39.7,healthy,normal
2025-01-01T05:50:50+00:00,cl-8,client,20.18,0.9,51.65,259.84,4.47,57.0,58.7,0.62,47.38,healthy,normal
2025-01-01T05:50:55+00:00,ac-8,access_switch,39.6,0.82,22.13,250.04,1.3,21.22,38.43,0.15,38.12,healthy,normal
2025-01-01T05:51:00+00:00,ro-8,router,321.22,92.06,3.22,1.3,61.24,9.88,1.12,75.85,6.39,offline,device_failure
2025-01-01T05:51:05+00:00,cl-7,client,312.57,98.91,15.74,20.73,36.09,59.92,30.31,45.96,9.46,offline,link_failure
2025-01-01T05:51:10+00:00,ac-2,access_switch,19.56,0.25,22.76,170.83,4.04,44.53,47.67,0.28,43.71,healthy,normal
2025-01-01T05:51:15+00:00,co-2,core_switch,139.2,4.49,91.52,516.68,17.5,81.12,77.65,4.08,98.41,warning,traffic_spike
2025-01-01T05:51:20+00:00,co-4,core_switch,91.95,3.3,98.99,543.97,18.03,85.11,59.19,1.93,92.97,warning,traffic_spike
2025-01-01T05:51:25+00:00,da-5,database,35.71,0.37,53.78,293.72,5.88,57.37,25.85,0.82,31.74,healthy,normal
2025-01-01T05:51:30+00:00,se-7,server,64.16,5.68,96.62,522.21,23.64,82.17,85.41,3.08,90.76,warning,traffic_spike
2025-01-01T05:51:35+00:00,da-5,database,337.13,93.03,4.65,4.77,65.47,1.11,0.55,74.31,2.81,offline,device_failure
2025-01-01T05:51:40+00:00,co-7,core_switch,219.9,73.59,21.9,15.02,32.02,43.7,41.28,54.11,15.49,warning,link_failure
2025-01-01T05:51:45+00:00,ac-6,access_switch,57.1,8.43,97.18,575.93,9.47,80.79,82.03,3.96,96.8,warning,traffic_spike
2025-01-01T05:51:50+00:00,ac-8,access_switch,38.67,0.75,38.39,286.43,5.51,23.43,31.21,0.41,43.12,healthy,normal
2025-01-01T05:51:55+00:00,da-4,database,28.06,0.03,27.11,116.43,4.67,43.89,55.19,0.63,16.5,healthy,normal
2025-01-01T05:52:00+00:00,se-3,server,55.43,8.67,89.83,788.6,18.39,86.24,81.57,1.13,96.48,warning,traffic_spike
2025-01-01T05:52:05+00:00,se-6,server,92.84,5.81,99.09,888.4,15.76,84.36,57.77,1.34,91.17,warning,traffic_spike
2025-01-01T05:52:10+00:00,da-7,database,374.86,87.72,11.18,13.21,32.12,41.9,41.87,59.07,16.84,warning,link_failure
2025-01-01T05:52:15+00:00,ac-6,access_switch,31.66,0.66,35.47,290.75,2.71,49.91,49.6,0.25,38.32,healthy,normal
2025-01-01T05:52:20+00:00,se-3,server,37.12,0.93,44.3,189.91,2.87,21.5,53.35,0.44,61.01,healthy,normal
2025-01-01T05:52:25+00:00,ro-8,router,25.38,0.59,30.2,247.95,2.22,40.19,45.05,0.44,30.63,healthy,normal
2025-01-01T05:52:30+00:00,co-8,core_switch,114.3,2.62,99.63,438.93,9.35,84.11,82.4,4.99,99.54,warning,traffic_spike
2025-01-01T05:52:35+00:00,se-7,server,41.0,1.31,49.37,221.21,3.51,32.19,53.38,0.7,52.98,healthy,normal
2025-01-01T05:52:40+00:00,ro-6,router,31.95,0.05,56.56,181.37,3.58,28.32,31.72,0.74,36.07,healthy,normal
2025-01-01T05:52:45+00:00,se-6,server,12.96,1.08,58.31,279.82,2.6,18.87,26.8,0.8,50.19,healthy,normal
2025-01-01T05:52:50+00:00,da-3,database,30.12,0.75,57.56,247.18,3.56,52.39,42.93,0.46,31.38,healthy,normal
2025-01-01T05:52:55+00:00,cl-5,client,23.97,0.61,20.49,283.51,3.37,50.99,56.47,0.51,46.93,healthy,normal
2025-01-01T05:53:00+00:00,ro-6,router,21.83,1.3,26.65,177.81,4.64,26.83,40.98,0.81,32.41,healthy,normal
2025-01-01T05:53:05+00:00,cl-6,client,142.6,4.93,83.64,185.69,10.13,90.44,90.07,2.67,45.24,warning,device_overload
2025-01-01T05:53:10+00:00,co-8,core_switch,423.48,88.99,6.53,4.0,48.29,0.99,3.89,63.54,0.25,offline,device_failure
2025-01-01T05:53:15+00:00,da-6,database,424.66,81.32,9.83,11.66,47.41,49.03,32.03,28.12,15.9,warning,link_failure
2025-01-01T05:53:20+00:00,co-2,core_switch,27.59,1.23,29.33,195.85,5.02,59.66,51.44,0.22,45.56,healthy,normal
2025-01-01T05:53:25+00:00,da-5,database,104.85,4.61,75.16,82.85,16.24,96.94,98.28,4.57,77.55,warning,device_overload
2025-01-01T05:53:30+00:00,se-2,server,38.82,0.28,20.51,141.6,5.56,32.66,50.85,0.25,44.33,healthy,normal
2025-01-01T05:53:35+00:00,cl-1,client,109.17,5.04,99.16,443.77,13.94,83.73,87.0,4.17,91.47,warning,traffic_spike
2025-01-01T05:53:40+00:00,ac-6,access_switch,365.55,94.38,5.66,4.43,54.76,3.21,10.63,56.39,7.67,offline,device_failure
2025-01-01T05:53:45+00:00,co-5,core_switch,35.49,1.03,20.02,318.31,3.18,41.37,54.16,0.74,45.62,healthy,normal
2025-01-01T05:53:50+00:00,ro-3,router,14.43,0.27,53.34,185.07,1.3,21.23,54.13,0.32,25.93,healthy,normal
2025-01-01T05:53:55+00:00,ro-6,router,127.15,5.3,89.59,83.15,37.9,63.08,42.04,4.22,98.68,warning,congestion
2025-01-01T05:54:00+00:00,ac-2,access_switch,29.66,1.13,27.67,144.85,4.57,16.2,34.64,0.68,39.14,healthy,normal
2025-01-01T05:54:05+00:00,co-8,core_switch,466.54,96.66,6.81,6.53,68.15,23.49,27.91,56.25,3.76,warning,link_failure
2025-01-01T05:54:10+00:00,co-6,core_switch,35.95,0.36,51.62,320.88,3.3,17.48,39.64,0.31,24.05,healthy,normal
2025-01-01T05:54:15+00:00,cl-5,client,147.64,5.22,69.51,128.65,9.22,88.88,98.58,5.76,82.81,warning,device_overload
2025-01-01T05:54:20+00:00,ac-4,access_switch,33.53,0.25,27.68,214.98,1.42,20.0,64.62,0.69,39.3,healthy,normal
2025-01-01T05:54:25+00:00,se-1,server,112.59,6.82,73.14,153.62,18.51,97.44,86.98,6.89,55.91,warning,device_overload
2025-01-01T05:54:30+00:00,ac-8,access_switch,277.76,88.87,9.64,2.47,80.38,36.82,60.47,64.77,14.41,warning,link_failure
2025-01-01T05:54:35+00:00,co-1,core_switch,265.24,89.89,8.04,2.54,84.89,5.15,3.23,87.02,7.73,warning,device_failure
2025-01-01T05:54:40+00:00,ac-4,access_switch,187.77,13.69,96.61,41.89,34.28,65.53,54.42,5.27,87.89,warning,congestion
2025-01-01T05:54:45+00:00,co-8,core_switch,21.2,1.26,41.07,125.61,1.6,28.76,28.86,0.01,27.24,healthy,normal
2025-01-01T05:54:50+00:00,co-1,core_switch,326.58,84.17,9.11,17.7,76.59,48.69,51.75,42.21,6.82,offline,link_failure
2025-01-01T05:54:55+00:00,ac-1,access_switch,143.74,5.78,49.68,165.93,17.61,97.44,87.53,5.63,75.58,warning,device_overload
2025-01-01T05:55:00+00:00,co-4,core_switch,28.6,1.18,26.09,305.74,5.28,54.72,67.46,0.42,50.7,healthy,normal
2025-01-01T05:55:05+00:00,ro-3,router,71.09,9.91,92.31,494.32,11.34,84.25,58.93,3.73,93.83,warning,traffic_spike
2025-01-01T05:55:10+00:00,da-1,database,267.44,82.72,18.68,2.8,80.95,58.9,38.44,58.85,3.26,offline,link_failure
2025-01-01T05:55:15+00:00,ac-2,access_switch,437.62,98.85,1.91,0.35,66.57,3.89,10.31,63.32,5.04,offline,device_failure
2025-01-01T05:55:20+00:00,se-7,server,197.93,6.19,99.12,65.59,23.04,53.83,77.54,1.32,95.64,warning,congestion
2025-01-01T05:55:25+00:00,ac-1,access_switch,90.45,9.74,90.39,793.58,23.69,96.54,85.46,3.63,93.49,warning,traffic_spike
2025-01-01T05:55:30+00:00,ac-7,access_switch,394.27,91.09,7.67,5.95,68.72,3.6,7.52,55.84,3.17,offline,device_failure
2025-01-01T05:55:35+00:00,cl-5,client,107.35,7.0,49.8,77.39,15.08,86.12,84.08,7.33,45.58,warning,device_overload
2025-01-01T05:55:40+00:00,co-8,core_switch,90.26,4.13,55.85,153.77,7.28,92.65,92.12,2.25,86.23,warning,device_overload
2025-01-01T05:55:45+00:00,cl-4,client,17.14,0.64,54.22,146.18,4.6,54.19,33.2,0.21,32.13,healthy,normal
2025-01-01T05:55:50+00:00,ac-2,access_switch,25.06,0.61,39.71,329.83,5.99,34.67,25.86,0.59,16.86,healthy,normal
2025-01-01T05:55:55+00:00,da-2,database,131.72,2.98,98.77,509.71,22.63,82.99,78.58,3.3,96.25,warning,traffic_spike
2025-01-01T05:56:00+00:00,ac-2,access_switch,19.13,0.19,63.61,251.27,2.82,56.35,33.91,0.86,65.45,healthy,normal
2025-01-01T05:56:05+00:00,ac-1,access_switch,30.75,0.76,35.42,279.91,3.2,19.43,54.34,0.1,63.31,healthy,normal
2025-01-01T05:56:10+00:00,cl-3,client,40.01,0.74,49.27,228.25,2.23,32.47,65.04,0.29,20.48,healthy,normal
2025-01-01T05:56:15+00:00,da-2,database,17.83,0.55,64.44,258.79,5.23,39.71,37.58,0.55,23.36,healthy,normal
2025-01-01T05:56:20+00:00,ac-6,access_switch,24.51,0.1,58.5,321.04,5.8,26.23,61.0,0.44,16.98,healthy,normal
2025-01-01T05:56:25+00:00,ac-4,access_switch,22.85,0.52,55.13,291.77,3.33,23.27,49.41,0.07,16.98,healthy,normal
2025-01-01T05:56:30+00:00,se-3,server,30.71,0.72,32.74,296.85,5.61,41.9,54.96,0.67,37.58,healthy,normal
2025-01-01T05:56:35+00:00,ro-7,router,29.72,0.58,46.7,189.07,2.9,52.84,27.74,0.66,43.92,healthy,normal
2025-01-01T05:56:40+00:00,co-2,core_switch,187.39,15.84,88.32,96.0,17.7,65.8,50.55,4.51,90.5,warning,congestion
2025-01-01T05:56:45+00:00,cl-7,client,72.84,9.66,94.94,911.15,10.69,86.88,65.51,3.1,95.16,warning,traffic_spike
2025-01-01T05:56:50+00:00,cl-8,client,20.23,0.59,38.3,165.07,2.45,27.37,50.02,0.34,29.55,healthy,normal
2025-01-01T05:56:55+00:00,co-1,core_switch,107.85,6.79,67.71,157.61,17.63,90.74,89.49,6.42,47.34,warning,device_overload
2025-01-01T05:57:00+00:00,ac-1,access_switch,31.24,1.06,54.52,191.01,4.06,57.93,35.17,0.26,20.04,healthy,normal
2025-01-01T05:57:05+00:00,ro-6,router,457.56,91.48,5.58,4.37,95.67,10.72,11.67,84.67,3.53,offline,device_failure
2025-01-01T05:57:10+00:00,se-8,server,100.55,3.68,88.56,715.64,21.71,92.3,55.23,4.81,90.79,warning,traffic_spike
2025-01-01T05:57:15+00:00,se-8,server,97.47,15.69,90.68,52.19,12.18,55.53,48.28,6.79,92.88,warning,congestion
2025-01-01T05:57:20+00:00,ro-8,router,19.95,0.68,64.74,133.21,4.06,17.99,35.97,0.48,15.93,healthy,normal
2025-01-01T05:57:25+00:00,ro-2,router,17.29,0.09,57.39,250.4,4.55,27.43,48.09,0.02,62.62,healthy,normal
2025-01-01T05:57:30+00:00,cl-4,client,36.71,1.16,44.82,133.97,4.23,40.14,55.97,0.07,22.8,healthy,normal
2025-01-01T05:57:35+00:00,co-4,core_switch,373.53,91.9,20.91,7.74,34.53,52.91,59.86,61.4,7.67,warning,link_failure
2025-01-01T05:57:40+00:00,ro-6,router,216.06,11.62,95.65,65.49,35.71,79.93,64.36,3.66,92.82,warning,congestion
2025-01-01T05:57:45+00:00,cl-2,client,19.33,0.69,64.79,136.11,1.76,45.3,57.17,0.78,55.99,healthy,normal
2025-01-01T05:57:50+00:00,da-3,database,36.97,0.56,37.84,234.64,3.58,51.15,49.55,0.49,18.67,healthy,normal
2025-01-01T05:57:55+00:00,se-2,server,22.32,1.27,57.66,301.91,4.59,59.01,62.25,0.61,50.1,healthy,normal
2025-01-01T05:58:00+00:00,cl-7,client,185.92,8.52,90.75,157.67,19.71,64.94,57.27,6.04,92.3,warning,congestion
2025-01-01T05:58:05+00:00,ac-8,access_switch,116.4,4.38,72.67,161.96,17.03,86.22,98.44,3.23,76.49,warning,device_overload
2025-01-01T05:58:10+00:00,co-4,core_switch,30.98,0.37,40.32,294.33,1.96,25.75,44.58,0.25,19.85,healthy,normal
2025-01-01T05:58:15+00:00,co-7,core_switch,117.36,4.5,77.64,115.59,14.15,95.03,92.71,7.58,56.25,warning,device_overload
2025-01-01T05:58:20+00:00,cl-6,client,14.97,1.46,64.76,316.55,1.5,26.18,24.13,0.3,56.5,healthy,normal
2025-01-01T05:58:25+00:00,da-3,database,151.88,4.56,80.49,187.72,22.73,96.86,99.08,5.12,80.12,warning,device_overload
2025-01-01T05:58:30+00:00,se-7,server,29.79,0.33,42.07,228.25,3.39,45.77,43.3,0.66,52.73,healthy,normal
2025-01-01T05:58:35+00:00,cl-1,client,342.71,90.26,6.62,0.66,85.75,2.7,4.29,69.36,4.5,offline,device_failure
2025-01-01T05:58:40+00:00,se-1,server,30.42,1.46,31.41,273.36,3.34,20.03,43.35,0.69,30.24,healthy,normal
2025-01-01T05:58:45+00:00,ac-7,access_switch,119.74,6.42,89.35,142.38,30.83,46.74,64.21,1.63,99.07,warning,congestion
2025-01-01T05:58:50+00:00,cl-7,client,170.85,2.25,45.43,136.93,9.62,95.31,84.91,7.23,55.6,warning,device_overload
2025-01-01T05:58:55+00:00,ac-7,access_switch,344.44,88.74,6.77,4.96,73.09,1.43,1.56,49.73,2.67,offline,device_failure
2025-01-01T05:59:00+00:00,da-3,database,142.39,1.32,77.4,177.86,20.86,93.7,94.69,1.16,52.42,warning,device_overload
2025-01-01T05:59:05+00:00,da-7,database,11.04,0.05,61.19,194.65,5.31,43.53,44.84,0.27,63.79,healthy,normal
2025-01-01T05:59:10+00:00,cl-5,client,39.16,0.42,57.26,186.0,2.36,18.87,67.39,0.86,59.69,healthy,normal
2025-01-01T05:59:15+00:00,ac-6,access_switch,107.83,5.32,99.85,577.83,20.39,78.47,65.61,1.37,96.9,warning,traffic_spike
2025-01-01T05:59:20+00:00,co-7,core_switch,32.88,0.76,33.64,121.99,5.67,26.79,38.33,0.81,31.49,healthy,normal
2025-01-01T05:59:25+00:00,ro-2,router,107.52,2.62,55.39,57.66,13.29,92.09,90.83,6.66,78.53,warning,device_overload
2025-01-01T05:59:30+00:00,da-2,database,36.31,0.31,21.03,285.29,1.58,57.67,36.12,0.84,29.28,healthy,normal
2025-01-01T05:59:35+00:00,cl-6,client,116.33,15.01,92.7,126.92,17.1,57.99,69.25,6.0,89.88,warning,congestion
2025-01-01T05:59:40+00:00,se-4,server,108.87,6.81,91.09,788.59,15.28,91.39,57.77,4.63,90.86,warning,traffic_spike
2025-01-01T05:59:45+00:00,da-2,database,37.7,0.64,62.82,308.92,2.26,48.88,66.5,0.24,39.55,healthy,normal
2025-01-01T05:59:50+00:00,da-2,database,28.43,0.24,18.81,120.71,3.95,59.72,61.79,0.22,50.16,healthy,normal
2025-01-01T05:59:55+00:00,cl-4,client,128.64,8.41,89.52,715.44,12.4,94.14,66.28,2.7,97.85,warning,traffic_spike
2025-01-01T06:00:00+00:00,cl-3,client,32.67,1.47,52.93,140.8,4.8,55.96,33.32,0.8,37.24,healthy,normal
2025-01-01T06:00:05+00:00,da-4,database,476.08,99.91,6.23,2.15,51.38,5.93,1.25,59.76,0.98,warning,device_failure
2025-01-01T06:00:10+00:00,se-2,server,208.47,75.94,20.87,20.81,44.23,62.57,58.05,45.43,4.48,warning,link_failure
2025-01-01T06:00:15+00:00,co-2,core_switch,38.98,0.37,38.29,266.61,3.63,35.72,30.04,0.28,33.41,healthy,normal
2025-01-01T06:00:20+00:00,ro-1,router,385.12,89.24,7.93,5.32,49.95,9.99,7.71,64.25,4.88,offline,device_failure
2025-01-01T06:00:25+00:00,da-3,database,19.29,0.58,25.57,311.83,2.88,31.89,50.31,0.0,42.21,healthy,normal
2025-01-01T06:00:30+00:00,ac-8,access_switch,467.1,89.7,7.17,1.74,52.65,1.66,2.22,58.8,3.62,offline,device_failure
2025-01-01T06:00:35+00:00,cl-2,client,272.81,91.02,2.94,7.99,96.36,9.33,13.18,64.78,3.81,warning,device_failure
2025-01-01T06:00:40+00:00,ac-5,access_switch,113.54,5.88,62.71,97.15,11.37,87.09,89.51,5.1,73.71,warning,device_overload
2025-01-01T06:00:45+00:00,cl-6,client,15.84,0.52,26.3,164.28,1.47,28.45,35.82,0.48,27.06,healthy,normal
2025-01-01T06:00:50+00:00,ro-6,router,275.78,72.14,12.1,16.74,56.97,34.32,63.03,42.23,12.91,offline,link_failure
2025-01-01T06:00:55+00:00,cl-8,client,188.28,83.98,3.91,19.0,30.03,51.77,69.13,28.42,5.41,warning,link_failure
2025-01-01T06:01:00+00:00,se-8,server,173.72,2.81,79.64,128.97,14.61,89.94,88.01,7.77,63.47,warning,device_overload
2025-01-01T06:01:05+00:00,da-4,database,10.19,1.13,43.83,270.19,5.27,40.19,26.07,0.16,52.68,healthy,normal
2025-01-01T06:01:10+00:00,ro-3,router,79.67,1.25,78.09,103.12,17.02,86.05,95.25,5.15,77.99,warning,device_overload
2025-01-01T06:01:15+00:00,ac-5,access_switch,25.72,0.12,20.33,144.5,5.3,41.15,49.85,0.86,15.58,healthy,normal
2025-01-01T06:01:20+00:00,ro-1,router,35.45,1.37,25.96,241.49,5.61,21.13,39.89,0.42,65.74,healthy,normal
2025-01-01T06:01:25+00:00,da-4,database,133.28,11.35,96.76,126.77,36.14,51.25,70.44,2.39,97.77,warning,congestion
2025-01-01T06:01:30+00:00,da-1,database,37.38,0.7,48.17,112.76,3.3,39.04,45.59,0.71,17.56,healthy,normal
2025-01-01T06:01:35+00:00,ac-3,access_switch,19.4,0.02,41.97,329.72,4.94,31.61,49.34,0.86,17.6,healthy,normal
2025-01-01T06:01:40+00:00,ac-2,access_switch,34.98,0.21,58.43,201.66,2.79,17.04,66.4,0.53,52.37,healthy,normal
2025-01-01T06:01:45+00:00,ac-5,access_switch,137.65,2.82,93.3,612.91,19.65,69.87,65.42,4.25,95.01,warning,traffic_spike
2025-01-01T06:01:50+00:00,se-3,server,32.3,0.92,55.68,280.99,4.73,21.57,50.5,0.38,29.52,healthy,normal
2025-01-01T06:01:55+00:00,ac-4,access_switch,140.34,7.9,82.25,147.84,15.66,95.25,94.06,1.52,58.43,warning,device_overload
2025-01-01T06:02:00+00:00,cl-3,client,127.85,7.86,94.8,803.7,14.8,86.63,83.73,3.91,93.24,warning,traffic_spike
2025-01-01T06:02:05+00:00,da-5,database,24.06,1.3,41.34,119.78,5.92,42.01,27.67,0.58,53.72,healthy,normal
2025-01-01T06:02:10+00:00,ac-4,access_switch,17.01,1.22,60.43,247.3,1.39,57.0,31.9,0.24,64.8,healthy,normal
2025-01-01T06:02:15+00:00,ro-7,router,306.14,94.9,2.42,15.81,46.33,29.96,46.92,36.89,1.16,offline,link_failure
2025-01-01T06:02:20+00:00,ro-2,router,37.01,1.05,53.71,246.55,2.56,26.56,55.22,0.1,22.69,healthy,normal
2025-01-01T06:02:25+00:00,ac-6,access_switch,73.52,2.44,60.76,107.65,11.89,87.68,87.57,2.53,64.37,warning,device_overload
2025-01-01T06:02:30+00:00,cl-1,client,32.4,0.85,20.73,135.76,1.36,55.37,34.91,0.15,29.23,healthy,normal
2025-01-01T06:02:35+00:00,co-7,core_switch,21.11,0.4,61.23,291.07,2.43,44.97,50.75,0.59,21.27,healthy,normal
2025-01-01T06:02:40+00:00,da-6,database,209.51,4.78,90.65,54.66,19.41,53.82,62.85,6.42,86.57,warning,congestion
2025-01-01T06:02:45+00:00,co-5,core_switch,102.23,6.0,66.35,135.25,7.46,99.94,93.87,1.35,47.01,warning,device_overload
2025-01-01T06:02:50+00:00,ro-7,router,388.37,92.81,5.41,4.82,83.58,2.26,13.6,84.23,0.69,offline,device_failure
2025-01-01T06:02:55+00:00,co-7,core_switch,35.58,0.43,53.83,293.91,2.04,17.17,39.27,0.3,57.57,healthy,normal
2025-01-01T06:03:00+00:00,cl-7,client,125.32,10.19,84.02,98.16,13.49,48.87,64.46,3.22,86.25,warning,congestion
2025-01-01T06:03:05+00:00,ac-1,access_switch,375.88,91.94,7.24,2.31,59.93,8.29,9.98,45.76,1.51,offline,device_failure
2025-01-01T06:03:10+00:00,cl-7,client,140.86,12.6,87.35,113.41,18.39,78.99,76.4,1.64,88.07,warning,congestion
2025-01-01T06:03:15+00:00,da-2,database,55.65,7.02,97.57,793.32,25.46,97.8,76.79,3.52,91.76,warning,traffic_spike
2025-01-01T06:03:20+00:00,se-1,server,30.1,0.33,41.05,280.83,1.43,48.24,29.66,0.87,23.99,healthy,normal
2025-01-01T06:03:25+00:00,da-2,database,12.72,1.11,57.23,253.06,1.66,34.79,42.42,0.79,59.27,healthy,normal
2025-01-01T06:03:30+00:00,se-5,server,130.1,7.16,90.96,141.81,32.71,45.72,51.14,4.95,87.95,warning,congestion
2025-01-01T06:03:35+00:00,da-8,database,134.35,4.52,89.11,595.92,13.97,78.5,61.45,4.93,95.68,warning,traffic_spike
2025-01-01T06:03:40+00:00,ac-2,access_switch,108.56,2.51,94.88,871.97,8.36,93.35,87.48,3.47,92.65,warning,traffic_spike
2025-01-01T06:03:45+00:00,da-1,database,98.49,7.52,57.03,170.56,13.76,95.09,98.78,2.01,49.71,warning,device_overload
2025-01-01T06:03:50+00:00,da-8,database,36.13,1.43,52.8,284.71,5.88,50.72,53.61,0.41,35.99,healthy,normal
2025-01-01T06:03:55+00:00,se-3,server,434.05,90.04,4.0,23.22,44.44,57.7,61.02,41.64,10.69,offline,link_failure
2025-01-01T06:04:00+00:00,ac-2,access_switch,13.28,0.2,35.33,122.85,3.26,39.78,43.16,0.29,50.13,healthy,normal
2025-01-01T06:04:05+00:00,cl-1,client,160.56,4.98,84.67,117.04,19.22,91.86,86.74,7.0,71.11,warning,device_overload
2025-01-01T06:04:10+00:00,co-7,core_switch,10.04,0.69,47.57,208.44,5.27,30.45,46.22,0.75,25.61,healthy,normal
2025-01-01T06:04:15+00:00,se-6,server,376.71,79.28,3.0,10.86,80.72,20.24,56.56,64.44,15.15,warning,link_failure
2025-01-01T06:04:20+00:00,co-3,core_switch,30.6,1.36,20.42,181.34,5.57,25.02,36.12,0.9,52.59,healthy,normal
2025-01-01T06:04:25+00:00,ac-1,access_switch,34.99,0.14,61.43,327.61,4.94,24.9,28.98,0.07,35.99,healthy,normal
2025-01-01T06:04:30+00:00,co-6,core_switch,157.77,2.24,78.62,154.68,21.11,90.75,94.98,6.44,56.12,warning,device_overload
2025-01-01T06:04:35+00:00,co-4,core_switch,89.08,6.5,89.33,503.55,22.07,96.04,65.77,2.14,95.21,warning,traffic_spike
2025-01-01T06:04:40+00:00,se-4,server,395.6,77.81,2.92,2.31,75.49,44.84,61.73,22.09,0.06,offline,link_failure
2025-01-01T06:04:45+00:00,ro-6,router,133.75,7.15,96.81,127.51,35.34,80.07,69.12,1.6,87.45,warning,congestion
2025-01-01T06:04:50+00:00,cl-4,client,127.1,14.26,84.33,114.76,13.88,78.36,51.58,5.18,90.79,warning,congestion
2025-01-01T06:04:55+00:00,se-7,server,33.58,1.39,53.49,192.9,2.59,33.49,60.66,0.09,21.39,healthy,normal
2025-01-01T06:05:00+00:00,co-5,core_switch,41.21,1.03,40.54,169.05,4.09,58.57,38.99,0.31,59.86,healthy,normal
2025-01-01T06:05:05+00:00,co-4,core_switch,174.36,1.33,50.22,94.49,9.85,89.23,99.35,1.64,87.63,warning,device_overload
2025-01-01T06:05:10+00:00,co-4,core_switch,33.55,1.28,50.61,311.54,5.02,43.02,43.87,0.67,62.73,healthy,normal
2025-01-01T06:05:15+00:00,ac-3,access_switch,40.67,0.92,38.77,295.81,5.16,58.8,64.97,0.52,52.72,healthy,normal
2025-01-01T06:05:20+00:00,se-7,server,30.18,0.19,47.82,267.09,4.9,47.75,28.11,0.83,58.42,healthy,normal
2025-01-01T06:05:25+00:00,co-2,core_switch,240.83,98.42,0.31,5.45,59.43,0.43,11.49,45.23,7.39,warning,device_failure
2025-01-01T06:05:30+00:00,ac-7,access_switch,38.75,0.8,36.82,186.21,0.91,39.67,50.28,0.19,50.65,healthy,normal
2025-01-01T06:05:35+00:00,se-4,server,36.43,1.36,52.68,111.8,2.57,24.65,37.53,0.48,43.31,healthy,normal
2025-01-01T06:05:40+00:00,se-7,server,108.87,7.8,93.23,656.7,23.89,77.43,58.11,2.09,95.96,warning,traffic_spike
2025-01-01T06:05:45+00:00,da-2,database,18.2,0.35,21.43,302.18,4.81,30.41,34.4,0.41,45.26,healthy,normal
2025-01-01T06:05:50+00:00,ro-2,router,106.71,6.09,55.61,163.86,15.71,99.28,92.93,2.01,54.18,warning,device_overload
2025-01-01T06:05:55+00:00,cl-5,client,263.53,94.09,14.69,7.25,48.23,35.98,56.25,55.02,14.24,warning,link_failure
2025-01-01T06:06:00+00:00,ac-2,access_switch,389.89,76.96,13.85,11.12,67.24,46.39,37.07,37.07,1.0,offline,link_failure
2025-01-01T06:06:05+00:00,co-2,core_switch,18.63,1.36,24.09,198.71,2.26,32.85,65.44,0.12,53.13,healthy,normal
2025-01-01T06:06:10+00:00,ac-6,access_switch,33.67,1.43,61.27,307.19,4.57,50.02,60.78,0.4,58.62,healthy,normal
2025-01-01T06:06:15+00:00,se-8,server,24.12,1.29,28.23,317.64,5.81,35.74,25.16,0.77,46.82,healthy,normal
2025-01-01T06:06:20+00:00,se-7,server,15.15,1.07,34.15,318.39,1.9,20.21,50.37,0.68,55.72,healthy,normal
2025-01-01T06:06:25+00:00,co-3,core_switch,159.96,12.21,96.99,106.31,30.75,77.68,68.04,1.08,89.31,warning,congestion
2025-01-01T06:06:30+00:00,da-6,database,134.26,8.36,89.65,55.47,14.44,48.21,56.92,3.76,93.03,warning,congestion
2025-01-01T06:06:35+00:00,cl-7,client,15.15,0.7,62.1,275.78,5.62,45.37,62.52,0.16,26.96,healthy,normal
2025-01-01T06:06:40+00:00,ro-5,router,124.02,8.35,97.76,168.23,14.17,76.3,51.67,4.62,90.8,warning,congestion
2025-01-01T06:06:45+00:00,ro-5,router,89.85,6.25,54.76,90.32,12.19,90.67,84.05,1.88,51.12,warning,device_overload
2025-01-01T06:06:50+00:00,da-5,database,27.91,0.31,24.02,121.81,2.66,42.3,26.46,0.52,47.12,healthy,normal
2025-01-01T06:06:55+00:00,da-3,database,30.92,0.28,51.48,146.28,5.76,28.89,27.04,0.45,36.19,healthy,normal
2025-01-01T06:07:00+00:00,se-7,server,441.24,77.64,12.04,13.26,52.69,38.39,38.61,50.77,0.33,warning,link_failure
2025-01-01T06:07:05+00:00,cl-8,client,25.61,0.49,58.06,237.67,2.93,31.44,60.48,0.32,15.95,healthy,normal
2025-01-01T06:07:10+00:00,ro-4,router,21.66,1.37,20.43,145.59,1.95,45.81,32.74,0.66,35.22,healthy,normal
2025-01-01T06:07:15+00:00,se-1,server,146.8,11.62,98.57,78.8,12.59,68.3,51.64,2.05,87.67,warning,congestion
2025-01-01T06:07:20+00:00,ac-6,access_switch,169.54,6.28,64.75,57.54,20.78,91.25,99.69,2.14,62.06,warning,device_overload
2025-01-01T06:07:25+00:00,cl-6,client,134.13,4.81,88.01,619.88,26.49,76.55,63.96,2.09,95.23,warning,traffic_spike
2025-01-01T06:07:30+00:00,se-1,server,24.8,0.22,44.35,172.02,3.81,23.97,65.88,0.13,52.9,healthy,normal
2025-01-01T06:07:35+00:00,da-7,database,212.09,10.07,91.98,52.73,22.4,70.1,75.86,6.34,96.13,warning,congestion
2025-01-01T06:07:40+00:00,ac-5,access_switch,191.47,4.38,85.97,67.47,37.89,48.82,51.17,6.68,87.34,warning,congestion
2025-01-01T06:07:45+00:00,co-1,core_switch,354.34,89.94,9.12,5.64,94.29,0.54,13.71,83.76,5.1,offline,device_failure
2025-01-01T06:07:50+00:00,co-5,core_switch,35.72,0.01,62.39,235.43,5.98,42.09,43.49,0.66,41.66,healthy,normal
2025-01-01T06:07:55+00:00,ac-6,access_switch,28.74,1.41,54.3,115.44,2.67,26.94,62.81,0.27,54.37,healthy,normal
2025-01-01T06:08:00+00:00,cl-1,client,129.71,13.21,91.49,53.58,12.17,63.95,69.26,5.7,92.48,warning,congestion
2025-01-01T06:08:05+00:00,ac-2,access_switch,317.28,99.29,6.1,6.64,52.36,1.38,9.04,60.09,6.14,offline,device_failure
2025-01-01T06:08:10+00:00,ro-7,router,27.75,0.42,18.65,263.73,5.2,46.03,34.11,0.7,50.96,healthy,normal
2025-01-01T06:08:15+00:00,ac-8,access_switch,124.7,6.77,91.66,872.85,21.09,92.31,57.07,4.8,95.01,warning,traffic_spike
2025-01-01T06:08:20+00:00,se-8,server,36.29,0.69,22.82,183.95,4.85,27.6,41.96,0.34,65.07,healthy,normal
2025-01-01T06:08:25+00:00,se-4,server,184.16,5.22,88.04,91.62,28.98,71.12,45.4,3.43,93.25,warning,congestion
2025-01-01T06:08:30+00:00,ac-3,access_switch,130.05,14.87,85.0,107.88,19.82,65.26,53.32,4.83,89.82,warning,congestion
2025-01-01T06:08:35+00:00,co-1,core_switch,216.77,74.29,3.64,22.17,86.07,43.55,57.6,55.32,10.29,warning,link_failure
2025-01-01T06:08:40+00:00,ac-2,access_switch,206.92,75.62,17.75,15.53,78.73,41.03,57.91,24.2,5.64,warning,link_failure
2025-01-01T06:08:45+00:00,se-2,server,41.81,1.3,30.88,138.48,4.85,17.54,56.51,0.16,31.75,healthy,normal
2025-01-01T06:08:50+00:00,co-5,core_switch,158.42,4.34,45.35,185.74,18.99,86.6,86.89,4.62,78.82,warning,device_overload
2025-01-01T06:08:55+00:00,cl-4,client,23.11,0.43,33.51,149.26,2.41,35.78,65.68,0.35,60.65,healthy,normal
2025-01-01T06:09:00+00:00,cl-5,client,105.83,4.05,70.03,179.45,7.02,96.85,86.79,4.21,50.66,warning,device_overload
2025-01-01T06:09:05+00:00,co-8,core_switch,472.91,86.25,9.03,16.61,42.49,63.83,60.48,32.45,4.15,offline,link_failure
2025-01-01T06:09:10+00:00,ac-1,access_switch,27.57,0.85,48.75,261.4,5.76,47.37,38.18,0.63,45.95,healthy,normal
2025-01-01T06:09:15+00:00,co-5,core_switch,18.91,1.4,25.22,223.86,2.98,20.93,40.66,0.87,52.32,healthy,normal
2025-01-01T06:09:20+00:00,ac-2,access_switch,31.91,1.02,31.79,324.48,3.92,26.88,44.05,0.07,27.19,healthy,normal
2025-01-01T06:09:25+00:00,da-3,database,22.83,0.96,57.32,204.88,5.46,49.66,62.02,0.22,41.91,healthy,normal
2025-01-01T06:09:30+00:00,cl-1,client,10.44,0.95,45.92,227.99,2.99,36.68,58.86,0.13,28.94,healthy,normal
2025-01-01T06:09:35+00:00,ac-4,access_switch,10.15,0.22,26.51,147.41,1.46,39.64,41.54,0.02,56.33,healthy,normal
2025-01-01T06:09:40+00:00,da-4,database,34.75,1.36,51.69,142.89,1.67,21.46,37.42,0.12,18.71,healthy,normal
2025-01-01T06:09:45+00:00,se-4,server,346.86,98.16,14.68,6.1,62.6,49.17,37.74,62.19,3.0,offline,link_failure
2025-01-01T06:09:50+00:00,co-4,core_switch,74.59,4.51,74.09,112.37,20.72,91.53,93.63,4.97,48.49,warning,device_overload
2025-01-01T06:09:55+00:00,ro-7,router,113.54,15.24,98.42,71.19,17.9,79.66,66.94,5.29,95.53,warning,congestion
2025-01-01T06:10:00+00:00,ac-6,access_switch,31.18,1.24,30.1,138.87,3.29,47.15,62.42,0.89,62.22,healthy,normal
2025-01-01T06:10:05+00:00,cl-8,client,127.19,8.18,89.98,515.8,14.86,88.49,67.19,0.64,94.92,warning,traffic_spike
2025-01-01T06:10:10+00:00,ac-1,access_switch,161.08,13.4,90.45,74.95,17.78,72.17,69.06,6.33,99.86,warning,congestion
2025-01-01T06:10:15+00:00,ro-4,router,10.06,1.43,40.91,320.08,4.68,32.18,57.46,0.86,33.5,healthy,normal
2025-01-01T06:10:20+00:00,se-2,server,190.44,14.94,88.39,149.26,17.88,57.3,50.01,2.27,96.72,warning,congestion
2025-01-01T06:10:25+00:00,ro-3,router,120.76,12.68,99.87,116.98,36.98,73.91,44.02,3.62,96.24,warning,congestion
2025-01-01T06:10:30+00:00,se-7,server,147.64,7.66,51.75,181.78,21.18,87.68,95.89,7.31,64.84,warning,device_overload
2025-01-01T06:10:35+00:00,co-5,core_switch,122.21,7.16,76.9,102.68,9.56,95.2,96.07,3.29,49.98,warning,device_overload
2025-01-01T06:10:40+00:00,co-8,core_switch,14.84,0.12,58.0,262.53,5.7,17.86,43.63,0.57,32.31,healthy,normal
2025-01-01T06:10:45+00:00,se-5,server,25.36,0.55,20.03,202.1,4.52,53.99,35.46,0.54,46.49,healthy,normal
2025-01-01T06:10:50+00:00,ro-8,router,222.63,12.41,91.3,103.92,35.3,72.33,60.55,2.41,97.34,warning,congestion
2025-01-01T06:10:55+00:00,da-3,database,74.72,7.41,88.02,880.73,19.2,74.73,54.59,2.9,98.05,warning,traffic_spike
2025-01-01T06:11:00+00:00,ac-6,access_switch,35.28,0.03,56.02,245.75,1.81,49.98,34.11,0.85,63.67,healthy,normal
2025-01-01T06:11:05+00:00,ac-5,access_switch,16.59,1.24,29.72,271.84,1.37,56.93,49.13,0.72,16.5,healthy,normal
2025-01-01T06:11:10+00:00,da-2,database,411.35,87.15,15.44,13.56,89.34,40.81,31.49,27.98,10.5,offline,link_failure
2025-01-01T06:11:15+00:00,se-3,server,474.94,90.82,8.01,5.3,91.41,4.75,12.24,40.18,0.31,offline,device_failure
2025-01-01T06:11:20+00:00,ac-7,access_switch,36.58,0.84,60.8,309.72,4.8,39.43,61.47,0.52,62.49,healthy,normal
2025-01-01T06:11:25+00:00,da-1,database,320.31,82.64,13.47,12.91,54.42,59.3,37.05,57.14,10.56,offline,link_failure
2025-01-01T06:11:30+00:00,ac-2,access_switch,11.35,0.51,49.44,206.88,5.85,29.53,63.07,0.21,53.3,healthy,normal
2025-01-01T06:11:35+00:00,cl-1,client,102.29,3.08,94.04,515.95,12.49,71.94,74.34,2.64,99.76,warning,traffic_spike
2025-01-01T06:11:40+00:00,se-6,server,272.72,96.25,8.43,1.34,87.82,8.76,13.06,71.67,1.93,offline,device_failure
2025-01-01T06:11:45+00:00,cl-5,client,248.3,92.63,9.58,1.87,53.73,5.54,10.6,78.7,3.51,warning,device_failure
2025-01-01T06:11:50+00:00,se-2,server,30.91,0.76,30.93,115.84,1.78,56.62,65.92,0.83,32.23,healthy,normal
2025-01-01T06:11:55+00:00,ac-1,access_switch,110.24,8.34,90.79,768.43,18.68,81.1,73.78,2.77,90.94,warning,traffic_spike
2025-01-01T06:12:00+00:00,se-3,server,130.64,4.95,75.53,119.84,10.09,96.76,89.21,6.29,70.67,warning,device_overload
2025-01-01T06:12:05+00:00,da-2,database,62.69,2.1,88.38,846.33,17.42,75.09,83.34,4.96,95.18,warning,traffic_spike
2025-01-01T06:12:10+00:00,cl-7,client,73.3,7.11,88.85,694.6,21.58,69.43,84.64,1.34,90.57,warning,traffic_spike
2025-01-01T06:12:15+00:00,da-4,database,118.48,12.09,85.74,166.46,18.71,55.77,55.29,4.96,90.9,warning,congestion
2025-01-01T06:12:20+00:00,ac-8,access_switch,140.25,5.55,98.96,777.41,24.73,76.7,80.29,4.17,97.29,warning,traffic_spike
2025-01-01T06:12:25+00:00,ro-8,router,19.98,0.61,36.42,195.25,3.76,41.0,35.48,0.78,50.41,healthy,normal
2025-01-01T06:12:30+00:00,co-8,core_switch,23.73,1.46,58.82,152.04,2.75,52.0,29.76,0.88,46.46,healthy,normal
2025-01-01T06:12:35+00:00,co-1,core_switch,104.01,6.14,97.26,706.22,20.0,73.3,87.34,1.29,90.82,warning,traffic_spike
2025-01-01T06:12:40+00:00,se-4,server,20.11,1.37,51.59,232.18,2.7,36.52,25.48,0.86,35.22,healthy,normal
2025-01-01T06:12:45+00:00,ac-2,access_switch,29.45,0.29,37.71,285.34,4.82,53.94,36.79,0.44,24.53,healthy,normal
2025-01-01T06:12:50+00:00,da-5,database,89.07,14.74,97.74,86.13,30.13,47.16,51.55,2.12,93.88,warning,congestion
2025-01-01T06:12:55+00:00,co-2,core_switch,14.91,0.72,47.04,254.87,3.04,50.94,44.53,0.19,25.02,healthy,normal
2025-01-01T06:13:00+00:00,co-5,core_switch,11.61,0.91,59.15,214.63,1.22,36.91,63.01,0.61,64.18,healthy,normal
2025-01-01T06:13:05+00:00,ro-5,router,33.58,0.15,45.99,193.77,3.73,53.62,66.7,0.5,57.28,healthy,normal
2025-01-01T06:13:10+00:00,co-1,core_switch,26.28,1.47,64.62,274.85,2.62,50.52,38.78,0.82,28.64,healthy,normal
2025-01-01T06:13:15+00:00,se-5,server,34.12,0.52,55.91,238.03,1.91,26.35,65.17,0.09,58.45,healthy,normal
2025-01-01T06:13:20+00:00,co-8,core_switch,32.65,1.46,47.01,146.21,5.29,55.0,44.79,0.66,51.76,healthy,normal
2025-01-01T06:13:25+00:00,co-6,core_switch,29.74,1.34,56.15,255.66,5.41,23.31,44.9,0.34,60.77,healthy,normal
2025-01-01T06:13:30+00:00,da-6,database,166.87,5.38,54.89,56.8,16.23,93.64,89.28,6.47,65.18,warning,device_overload
2025-01-01T06:13:35+00:00,co-7,core_switch,24.14,0.73,26.99,112.41,3.11,55.23,41.91,0.49,35.83,healthy,normal
2025-01-01T06:13:40+00:00,se-5,server,10.42,1.04,57.29,321.06,3.19,36.0,29.99,0.56,52.65,healthy,normal
2025-01-01T06:13:45+00:00,ac-1,access_switch,16.96,0.1,47.82,279.3,2.38,16.14,55.58,0.54,62.47,healthy,normal
2025-01-01T06:13:50+00:00,se-6,server,62.22,6.8,74.9,92.9,11.81,99.73,88.34,2.26,50.45,warning,device_overload
2025-01-01T06:13:55+00:00,ac-7,access_switch,11.09,0.2,57.36,161.5,2.65,17.88,53.18,0.7,60.66,healthy,normal
2025-01-01T06:14:00+00:00,cl-7,client,72.04,6.97,99.11,790.28,15.0,75.6,86.62,2.64,96.61,warning,traffic_spike
2025-01-01T06:14:05+00:00,ac-2,access_switch,326.08,88.97,1.77,3.85,85.76,22.94,70.52,44.35,14.83,warning,link_failure
2025-01-01T06:14:10+00:00,co-2,core_switch,34.18,0.38,50.06,324.16,1.34,23.08,38.77,0.47,52.0,healthy,normal
2025-01-01T06:14:15+00:00,ac-6,access_switch,158.32,7.84,98.09,116.76,29.33,81.79,75.59,6.03,91.96,warning,congestion
2025-01-01T06:14:20+00:00,cl-1,client,29.96,0.5,22.93,230.82,4.7,37.83,43.6,0.58,51.67,healthy,normal
2025-01-01T06:14:25+00:00,co-2,core_switch,25.19,0.68,41.92,181.05,2.45,27.83,44.99,0.61,16.21,healthy,normal
2025-01-01T06:14:30+00:00,cl-6,client,33.6,0.83,41.85,151.98,3.61,31.8,42.22,0.68,52.39,healthy,normal
2025-01-01T06:14:35+00:00,se-6,server,82.74,9.79,88.85,833.93,16.52,72.51,67.25,4.61,99.3,warning,traffic_spike
2025-01-01T06:14:40+00:00,se-3,server,22.47,1.33,47.33,228.31,3.61,52.0,29.53,0.89,45.57,healthy,normal
2025-01-01T06:14:45+00:00,da-6,database,18.15,0.36,22.79,268.19,4.8,56.95,64.75,0.04,65.72,healthy,normal
2025-01-01T06:14:50+00:00,ac-4,access_switch,37.59,0.36,33.73,262.8,3.6,38.19,32.87,0.72,26.79,healthy,normal
2025-01-01T06:14:55+00:00,da-4,database,30.83,0.54,31.42,181.43,3.81,22.41,59.25,0.87,24.04,healthy,normal
2025-01-01T06:15:00+00:00,se-7,server,23.91,0.31,41.5,208.66,4.43,18.95,48.97,0.02,58.9,healthy,normal
2025-01-01T06:15:05+00:00,ro-1,router,56.76,9.17,96.97,625.6,24.98,81.99,50.5,3.73,98.25,warning,traffic_spike
2025-01-01T06:15:10+00:00,ac-2,access_switch,297.44,99.27,20.97,16.67,76.69,35.56,31.94,52.95,13.74,offline,link_failure
2025-01-01T06:15:15+00:00,co-6,core_switch,60.62,2.68,89.6,859.56,10.33,96.7,64.0,2.55,99.87,warning,traffic_spike
2025-01-01T06:15:20+00:00,co-8,core_switch,61.57,6.74,98.37,795.2,26.16,79.28,60.97,3.23,97.87,warning,traffic_spike
2025-01-01T06:15:25+00:00,ro-2,router,36.25,0.07,53.3,304.2,1.03,34.73,57.2,0.82,31.04,healthy,normal
2025-01-01T06:15:30+00:00,co-5,core_switch,41.7,1.37,30.47,135.76,4.67,15.43,48.09,0.77,25.51,healthy,normal
2025-01-01T06:15:35+00:00,co-4,core_switch,65.38,4.55,96.19,563.63,17.97,73.19,81.81,1.79,96.38,warning,traffic_spike
2025-01-01T06:15:40+00:00,cl-6,client,258.24,89.28,2.8,5.86,67.46,4.61,9.59,65.78,7.35,warning,device_failure
2025-01-01T06:15:45+00:00,cl-8,client,31.57,1.32,62.8,138.75,3.55,16.45,59.74,0.26,47.47,healthy,normal
2025-01-01T06:15:50+00:00,se-6,server,328.92,92.27,6.66,0.13,52.76,7.89,9.39,66.17,0.65,warning,device_failure
2025-01-01T06:15:55+00:00,da-6,database,66.63,3.53,98.81,712.58,12.73,68.23,79.4,2.24,92.72,warning,traffic_spike
2025-01-01T06:16:00+00:00,ro-5,router,471.2,82.1,14.58,13.62,45.59,26.65,68.7,20.2,0.68,warning,link_failure
2025-01-01T06:16:05+00:00,da-8,database,180.49,84.66,5.43,17.9,55.77,58.14,69.29,23.0,17.21,offline,link_failure
2025-01-01T06:16:10+00:00,ro-1,router,19.16,0.81,46.61,187.81,1.22,55.41,47.16,0.5,31.31,healthy,normal
2025-01-01T06:16:15+00:00,cl-6,client,32.64,1.41,42.31,288.81,1.75,42.78,65.92,0.58,56.95,healthy,normal
2025-01-01T06:16:20+00:00,ro-8,router,12.83,0.52,58.52,219.53,3.92,21.46,33.53,0.78,48.52,healthy,normal
2025-01-01T06:16:25+00:00,ro-1,router,429.96,79.03,11.36,11.82,72.9,35.05,49.65,54.99,14.01,offline,link_failure
2025-01-01T06:16:30+00:00,da-6,database,204.79,96.54,13.98,1.31,57.88,21.04,39.39,28.79,0.13,offline,link_failure
2025-01-01T06:16:35+00:00,se-3,server,96.59,3.99,90.04,598.0,18.92,81.8,77.73,1.47,92.34,warning,traffic_spike
2025-01-01T06:16:40+00:00,se-3,server,159.6,3.36,62.03,160.89,11.87,88.95,87.77,6.23,76.83,warning,device_overload
2025-01-01T06:16:45+00:00,co-1,core_switch,61.42,9.17,92.93,637.78,15.27,91.36,51.14,2.89,97.94,warning,traffic_spike
2025-01-01T06:16:50+00:00,cl-5,client,135.93,2.68,91.78,511.07,12.24,82.85,82.1,4.16,91.21,warning,traffic_spike
2025-01-01T06:16:55+00:00,ac-5,access_switch,74.47,2.29,97.16,716.12,9.07,85.43,84.01,1.59,92.54,warning,traffic_spike
2025-01-01T06:17:00+00:00,se-1,server,66.31,4.7,64.23,184.17,15.06,95.34,90.28,3.29,73.84,warning,device_overload
2025-01-01T06:17:05+00:00,ac-3,access_switch,37.18,0.66,42.56,212.86,2.7,34.56,57.8,0.26,65.38,healthy,normal
2025-01-01T06:17:10+00:00,se-8,server,134.49,5.04,86.57,144.48,15.39,60.09,57.88,4.66,87.93,warning,congestion
2025-01-01T06:17:15+00:00,co-2,core_switch,23.58,0.09,63.16,188.16,1.79,50.64,66.92,0.55,38.4,healthy,normal
2025-01-01T06:17:20+00:00,co-1,core_switch,144.08,5.9,71.58,116.63,14.98,94.72,85.92,2.77,57.47,warning,device_overload
2025-01-01T06:17:25+00:00,se-4,server,22.0,1.13,64.75,312.37,2.56,30.8,33.6,0.42,47.85,healthy,normal
2025-01-01T06:17:30+00:00,se-7,server,74.59,8.99,96.6,642.87,27.53,78.68,55.43,4.47,94.31,warning,traffic_spike
2025-01-01T06:17:35+00:00,cl-7,client,37.41,1.36,45.58,124.92,4.31,54.62,49.08,0.2,16.48,healthy,normal
2025-01-01T06:17:40+00:00,se-6,server,41.98,1.4,61.23,257.25,4.32,54.44,37.73,0.78,64.11,healthy,normal
2025-01-01T06:17:45+00:00,cl-4,client,144.19,9.61,84.95,42.74,20.14,56.72,44.83,6.58,90.86,warning,congestion
2025-01-01T06:17:50+00:00,ac-1,access_switch,328.12,80.37,13.09,13.08,63.74,38.06,60.5,59.28,15.94,offline,link_failure
2025-01-01T06:17:55+00:00,da-1,database,12.05,0.11,41.63,293.45,3.88,55.67,60.24,0.66,60.87,healthy,normal
2025-01-01T06:18:00+00:00,cl-2,client,136.64,8.87,94.02,73.91,13.57,46.8,65.0,6.86,96.89,warning,congestion
2025-01-01T06:18:05+00:00,se-7,server,29.52,0.51,29.6,278.04,5.24,54.43,58.64,0.66,55.32,healthy,normal
2025-01-01T06:18:10+00:00,ac-8,access_switch,97.12,12.81,94.77,126.6,16.5,71.13,43.16,5.89,92.63,warning,congestion
2025-01-01T06:18:15+00:00,ac-8,access_switch,21.69,1.25,23.66,149.81,5.02,51.31,32.92,0.27,46.88,healthy,normal
2025-01-01T06:18:20+00:00,cl-7,client,393.85,98.74,4.5,23.3,34.9,26.2,69.43,53.17,11.63,warning,link_failure
2025-01-01T06:18:25+00:00,se-4,server,34.67,0.1,21.34,262.22,4.76,47.86,62.35,0.59,44.45,healthy,normal
2025-01-01T06:18:30+00:00,co-6,core_switch,10.64,0.48,61.34,189.56,1.79,39.63,33.78,0.09,33.67,healthy,normal
2025-01-01T06:18:35+00:00,ro-8,router,72.38,8.58,90.83,749.13,24.03,95.97,60.58,0.53,98.98,warning,traffic_spike
2025-01-01T06:18:40+00:00,se-2,server,30.79,1.25,36.08,138.58,3.85,23.63,48.13,0.1,19.58,healthy,normal
2025-01-01T06:18:45+00:00,co-5,core_switch,379.26,88.1,4.69,1.07,46.24,9.93,10.7,81.76,5.84,offline,device_failure
2025-01-01T06:18:50+00:00,da-5,database,20.54,0.45,26.31,145.56,4.54,59.07,54.18,0.12,43.81,healthy,normal
2025-01-01T06:18:55+00:00,se-8,server,14.05,0.27,45.76,275.25,4.6,27.77,63.7,0.32,63.82,healthy,normal
2025-01-01T06:19:00+00:00,da-8,database,326.64,89.94,1.44,20.03,81.04,63.49,34.04,38.71,13.03,warning,link_failure
2025-01-01T06:19:05+00:00,cl-8,client,13.29,1.02,42.39,146.76,3.11,47.71,39.22,0.24,57.19,healthy,normal
2025-01-01T06:19:10+00:00,co-6,core_switch,16.74,0.39,58.1,137.62,2.42,38.47,46.89,0.87,58.64,healthy,normal
2025-01-01T06:19:15+00:00,cl-4,client,79.07,7.28,78.95,172.21,10.54,86.37,99.31,2.27,85.17,warning,device_overload
2025-01-01T06:19:20+00:00,se-1,server,16.16,0.78,41.13,134.35,5.62,54.91,38.94,0.79,60.75,healthy,normal
2025-01-01T06:19:25+00:00,cl-3,client,234.73,74.31,15.02,15.04,39.61,52.56,27.12,53.03,0.22,warning,link_failure
2025-01-01T06:19:30+00:00,cl-5,client,14.25,1.39,20.22,159.74,5.1,36.54,33.28,0.27,62.8,healthy,normal
2025-01-01T06:19:35+00:00,ac-1,access_switch,263.82,91.77,7.28,1.92,55.9,4.53,7.92,70.2,1.51,offline,device_failure
2025-01-01T06:19:40+00:00,da-5,database,396.41,95.27,4.8,5.56,62.66,8.33,11.75,74.04,7.17,offline,device_failure
2025-01-01T06:19:45+00:00,ac-6,access_switch,17.92,0.24,36.32,219.41,3.36,29.19,37.71,0.8,43.16,healthy,normal
2025-01-01T06:19:50+00:00,cl-7,client,13.48,1.43,36.8,163.65,2.36,50.68,59.66,0.54,20.06,healthy,normal
2025-01-01T06:19:55+00:00,ro-7,router,26.34,0.44,55.3,210.39,4.73,45.48,35.4,0.52,18.67,healthy,normal
2025-01-01T06:20:00+00:00,cl-5,client,161.64,7.61,62.14,141.8,22.8,91.55,85.53,2.27,87.88,warning,device_overload
2025-01-01T06:20:05+00:00,cl-5,client,41.24,1.34,39.53,286.75,2.61,24.01,34.92,0.84,36.49,healthy,normal
2025-01-01T06:20:10+00:00,co-6,core_switch,343.93,91.97,3.35,4.26,53.52,11.43,2.99,37.9,6.58,warning,device_failure
2025-01-01T06:20:15+00:00,se-1,server,20.95,0.64,37.19,272.7,2.69,49.33,27.69,0.25,62.6,healthy,normal
2025-01-01T06:20:20+00:00,co-5,core_switch,89.7,3.19,64.43,133.3,13.15,96.25,96.41,4.56,51.44,warning,device_overload
2025-01-01T06:20:25+00:00,da-2,database,152.86,5.5,53.95,118.91,10.41,90.74,94.43,2.12,47.05,warning,device_overload
2025-01-01T06:20:30+00:00,ro-2,router,118.16,7.51,94.18,649.36,13.28,92.78,79.59,2.52,99.87,warning,traffic_spike
2025-01-01T06:20:35+00:00,se-1,server,353.53,94.38,9.76,3.23,58.93,10.05,9.28,89.18,3.15,warning,device_failure
2025-01-01T06:20:40+00:00,cl-2,client,158.13,13.15,94.67,132.76,20.91,71.64,62.02,3.77,99.33,warning,congestion
2025-01-01T06:20:45+00:00,ac-2,access_switch,28.49,0.87,58.21,238.88,2.36,54.94,50.47,0.57,49.15,healthy,normal
2025-01-01T06:20:50+00:00,ro-8,router,19.24,0.59,32.64,141.21,3.11,16.28,39.75,0.89,58.4,healthy,normal
2025-01-01T06:20:55+00:00,ac-4,access_switch,179.21,4.36,84.96,136.63,20.99,70.29,50.06,1.52,93.93,warning,congestion
2025-01-01T06:21:00+00:00,ro-5,router,30.67,0.87,26.43,198.44,5.14,20.42,61.94,0.14,47.59,healthy,normal
2025-01-01T06:21:05+00:00,cl-8,client,38.84,0.6,58.98,132.05,2.54,38.04,24.35,0.39,38.0,healthy,normal
2025-01-01T06:21:10+00:00,cl-3,client,33.59,0.54,50.3,241.73,5.86,29.5,53.51,0.75,35.14,healthy,normal
2025-01-01T06:21:15+00:00,cl-3,client,17.11,0.54,57.88,171.58,3.57,55.98,41.53,0.56,19.09,healthy,normal
2025-01-01T06:21:20+00:00,se-5,server,202.76,76.92,3.27,6.76,52.77,35.76,67.06,29.19,9.0,warning,link_failure
2025-01-01T06:21:25+00:00,co-8,core_switch,76.47,3.34,60.65,151.12,19.65,91.34,85.77,6.92,87.42,warning,device_overload
2025-01-01T06:21:30+00:00,da-6,database,320.79,97.07,9.51,20.1,60.41,42.39,42.57,33.61,8.87,offline,link_failure
2025-01-01T06:21:35+00:00,ro-7,router,18.16,0.18,35.64,244.17,3.48,59.28,58.83,0.78,47.77,healthy,normal
2025-01-01T06:21:40+00:00,ro-2,router,23.91,0.63,33.91,311.96,2.95,59.08,43.34,0.54,27.0,healthy,normal
2025-01-01T06:21:45+00:00,da-8,database,34.52,1.2,46.82,119.06,4.14,56.95,62.48,0.51,25.84,healthy,normal
2025-01-01T06:21:50+00:00,ro-4,router,35.11,1.39,50.33,197.36,1.38,31.7,43.29,0.58,66.72,healthy,normal
2025-01-01T06:21:55+00:00,cl-4,client,132.85,6.28,93.39,687.0,21.49,81.56,67.76,2.97,93.22,warning,traffic_spike
2025-01-01T06:22:00+00:00,ro-8,router,80.64,5.23,89.39,501.83,13.03,80.41,61.49,2.2,94.34,warning,traffic_spike
2025-01-01T06:22:05+00:00,se-4,server,22.5,1.46,43.94,276.18,1.89,42.86,59.04,0.73,61.0,healthy,normal
2025-01-01T06:22:10+00:00,ro-5,router,40.98,0.27,20.66,218.26,4.7,58.54,48.16,0.17,16.59,healthy,normal
2025-01-01T06:22:15+00:00,se-4,server,117.31,1.32,75.26,78.55,10.21,96.81,97.34,4.98,85.06,warning,device_overload
2025-01-01T06:22:20+00:00,se-8,server,32.67,0.52,18.32,149.32,1.48,52.48,51.32,0.56,61.18,healthy,normal
2025-01-01T06:22:25+00:00,co-8,core_switch,10.46,0.43,59.52,304.11,4.51,44.79,63.11,0.04,52.65,healthy,normal
2025-01-01T06:22:30+00:00,ac-2,access_switch,39.61,0.12,28.62,144.19,1.5,54.29,42.11,0.38,31.23,healthy,normal
2025-01-01T06:22:35+00:00,co-7,core_switch,27.95,0.13,43.79,261.3,4.51,24.81,34.99,0.18,27.23,healthy,normal
2025-01-01T06:22:40+00:00,se-4,server,40.22,0.61,32.06,317.27,2.28,45.3,27.37,0.26,33.97,healthy,normal
2025-01-01T06:22:45+00:00,ro-6,router,103.23,6.04,95.74,435.73,21.99,86.29,60.96,4.54,97.99,warning,traffic_spike
2025-01-01T06:22:50+00:00,da-3,database,69.77,3.89,96.91,670.31,18.09,89.36,83.08,3.71,95.23,warning,traffic_spike
2025-01-01T06:22:55+00:00,cl-3,client,91.08,14.88,83.66,128.39,27.58,64.16,44.7,1.04,88.22,warning,congestion
2025-01-01T06:23:00+00:00,co-8,core_switch,19.6,1.11,42.39,286.2,1.27,55.06,37.6,0.11,41.47,healthy,normal
2025-01-01T06:23:05+00:00,ac-5,access_switch,121.3,8.07,91.26,58.03,27.55,56.1,71.07,4.01,93.69,warning,congestion
2025-01-01T06:23:10+00:00,se-1,server,14.97,0.88,41.82,250.84,1.22,42.13,40.46,0.82,46.05,healthy,normal
2025-01-01T06:23:15+00:00,ac-4,access_switch,33.65,0.67,45.17,288.23,5.63,25.79,37.65,0.08,49.81,healthy,normal
2025-01-01T06:23:20+00:00,ac-1,access_switch,316.95,96.24,2.03,0.45,65.71,1.89,11.75,51.14,7.17,warning,device_failure
2025-01-01T06:23:25+00:00,se-8,server,125.88,8.67,99.05,729.38,9.75,82.07,66.25,2.9,97.02,warning,traffic_spike
2025-01-01T06:23:30+00:00,se-3,server,189.96,4.24,85.89,116.27,21.54,71.25,64.62,1.35,87.31,warning,congestion
2025-01-01T06:23:35+00:00,ac-2,access_switch,59.23,2.23,96.73,503.52,26.42,87.06,58.04,2.24,90.97,warning,traffic_spike
2025-01-01T06:23:40+00:00,da-3,database,37.04,0.49,23.59,305.24,5.44,52.4,46.61,0.89,31.12,healthy,normal
2025-01-01T06:23:45+00:00,ro-6,router,79.69,6.51,92.48,451.11,14.01,87.31,78.14,3.46,90.87,warning,traffic_spike
2025-01-01T06:23:50+00:00,ro-3,router,422.19,93.27,10.55,20.15,83.38,57.29,51.27,56.99,5.97,offline,link_failure
2025-01-01T06:23:55+00:00,co-3,core_switch,15.29,1.12,59.01,175.02,2.01,45.54,38.15,0.59,59.81,healthy,normal
2025-01-01T06:24:00+00:00,ro-1,router,84.82,6.24,45.6,74.16,20.21,90.45,86.23,3.31,81.92,warning,device_overload
2025-01-01T06:24:05+00:00,co-8,core_switch,19.93,0.12,56.13,282.47,3.26,17.4,46.35,0.77,57.45,healthy,normal
2025-01-01T06:24:10+00:00,da-7,database,37.29,0.4,35.89,178.55,2.58,27.58,59.58,0.27,62.32,healthy,normal
2025-01-01T06:24:15+00:00,cl-3,client,432.19,95.09,14.62,10.86,47.18,38.93,38.87,30.47,17.81,offline,link_failure
2025-01-01T06:24:20+00:00,ro-4,router,38.81,0.07,49.26,311.99,2.56,49.98,46.04,0.32,41.7,healthy,normal
2025-01-01T06:24:25+00:00,ac-1,access_switch,37.35,0.64,46.31,189.35,5.16,44.86,56.28,0.54,46.04,healthy,normal
2025-01-01T06:24:30+00:00,da-5,database,148.97,4.1,52.83,83.86,9.82,99.85,93.84,2.43,67.81,warning,device_overload
2025-01-01T06:24:35+00:00,ac-6,access_switch,440.27,73.66,3.44,3.28,68.31,20.81,33.93,51.8,13.6,warning,link_failure
2025-01-01T06:24:40+00:00,cl-3,client,95.49,4.96,90.55,520.24,23.56,76.4,62.36,2.96,96.83,warning,traffic_spike
2025-01-01T06:24:45+00:00,da-7,database,260.59,90.01,1.14,2.12,85.09,7.08,7.09,47.42,0.15,warning,device_failure
2025-01-01T06:24:50+00:00,se-2,server,35.65,0.98,47.67,132.0,0.96,47.63,56.23,0.7,59.43,healthy,normal
2025-01-01T06:24:55+00:00,co-5,core_switch,36.64,1.09,38.23,148.52,2.71,24.97,57.49,0.76,55.88,healthy,normal
2025-01-01T06:25:00+00:00,ac-8,access_switch,495.16,89.58,9.84,6.6,65.66,9.55,13.09,43.72,7.99,warning,device_failure
2025-01-01T06:25:05+00:00,cl-1,client,57.96,4.5,90.37,841.19,14.68,84.19,70.26,2.05,96.39,warning,traffic_spike
2025-01-01T06:25:10+00:00,da-8,database,40.5,0.4,63.88,226.71,3.35,59.14,45.48,0.63,52.57,healthy,normal
2025-01-01T06:25:15+00:00,co-1,core_switch,421.04,89.92,4.34,1.45,79.98,7.02,12.2,74.0,2.38,warning,device_failure
2025-01-01T06:25:20+00:00,co-5,core_switch,38.01,0.74,48.55,314.59,3.32,42.97,50.93,0.76,53.67,healthy,normal
2025-01-01T06:25:25+00:00,cl-3,client,10.18,0.55,21.78,324.52,2.71,44.25,24.25,0.23,33.46,healthy,normal
2025-01-01T06:25:30+00:00,cl-1,client,266.84,79.0,5.99,2.68,84.25,45.31,49.04,26.43,7.0,offline,link_failure
2025-01-01T06:25:35+00:00,ac-4,access_switch,17.65,0.74,62.73,134.51,2.17,56.63,30.28,0.02,65.98,healthy,normal
2025-01-01T06:25:40+00:00,ro-1,router,17.11,0.14,23.46,175.93,3.36,31.82,49.13,0.48,37.72,healthy,normal
2025-01-01T06:25:45+00:00,se-4,server,18.08,0.46,52.6,173.35,5.68,30.01,37.25,0.23,54.14,healthy,normal
2025-01-01T06:25:50+00:00,ac-6,access_switch,56.89,6.12,98.75,701.76,18.56,84.0,53.7,2.27,92.33,warning,traffic_spike
2025-01-01T06:25:55+00:00,ro-6,router,31.89,0.8,54.33,217.93,4.91,51.83,64.02,0.11,34.8,healthy,normal
2025-01-01T06:26:00+00:00,ac-3,access_switch,27.09,0.65,42.43,201.1,4.76,43.43,63.98,0.74,38.08,healthy,normal
2025-01-01T06:26:05+00:00,co-4,core_switch,26.81,1.15,53.35,215.92,2.42,26.77,62.57,0.13,65.28,healthy,normal
2025-01-01T06:26:10+00:00,co-7,core_switch,21.28,0.82,47.0,167.71,3.71,17.26,34.37,0.65,21.28,healthy,normal
2025-01-01T06:26:15+00:00,da-6,database,178.92,12.65,95.41,146.31,31.4,74.12,51.11,4.96,93.31,warning,congestion
2025-01-01T06:26:20+00:00,co-8,core_switch,30.34,1.25,60.47,120.15,3.78,44.55,45.88,0.08,60.11,healthy,normal
2025-01-01T06:26:25+00:00,ro-4,router,129.41,3.15,97.12,629.15,25.67,89.67,86.84,0.93,92.17,warning,traffic_spike
2025-01-01T06:26:30+00:00,co-4,core_switch,25.11,0.25,54.08,180.86,4.73,48.76,41.19,0.26,43.57,healthy,normal
2025-01-01T06:26:35+00:00,ro-6,router,96.7,5.64,89.33,703.56,22.94,95.46,71.45,1.15,96.62,warning,traffic_spike
2025-01-01T06:26:40+00:00,co-7,core_switch,92.27,3.09,95.61,774.34,20.78,71.19,50.0,3.91,99.2,warning,traffic_spike
2025-01-01T06:26:45+00:00,se-8,server,262.55,83.52,18.84,13.96,75.22,26.76,42.46,41.95,15.67,warning,link_failure
2025-01-01T06:26:50+00:00,se-4,server,92.39,8.77,90.41,800.3,12.61,71.37,53.73,2.27,90.53,warning,traffic_spike
2025-01-01T06:26:55+00:00,ro-6,router,26.97,1.21,30.09,279.73,5.4,56.55,41.27,0.13,18.44,healthy,normal
2025-01-01T06:27:00+00:00,ac-6,access_switch,40.16,0.75,40.42,260.26,3.94,32.81,45.58,0.29,22.47,healthy,normal
2025-01-01T06:27:05+00:00,da-4,database,19.53,0.25,57.16,240.27,4.98,50.12,51.18,0.69,50.68,healthy,normal
2025-01-01T06:27:10+00:00,da-7,database,18.95,1.21,46.17,153.2,1.94,46.98,62.15,0.78,23.52,healthy,normal
2025-01-01T06:27:15+00:00,ac-5,access_switch,14.79,1.2,24.28,201.01,5.2,57.97,47.7,0.74,61.37,healthy,normal
2025-01-01T06:27:20+00:00,cl-8,client,60.54,3.67,88.78,475.2,15.75,74.56,80.1,1.04,97.36,warning,traffic_spike
2025-01-01T06:27:25+00:00,se-6,server,28.87,1.22,32.03,217.04,4.63,16.09,36.32,0.2,26.64,healthy,normal
2025-01-01T06:27:30+00:00,cl-7,client,107.99,9.58,95.18,771.03,10.75,79.96,80.1,1.73,95.76,warning,traffic_spike
2025-01-01T06:27:35+00:00,ro-7,router,85.39,1.27,63.63,126.64,22.18,88.91,87.46,6.4,76.28,warning,device_overload
2025-01-01T06:27:40+00:00,ro-8,router,157.52,13.06,94.29,87.45,22.89,68.02,44.67,4.02,92.35,warning,congestion
2025-01-01T06:27:45+00:00,ro-7,router,67.78,7.14,98.33,687.72,16.76,77.85,75.54,4.68,93.53,warning,traffic_spike
2025-01-01T06:27:50+00:00,cl-8,client,84.4,3.1,80.99,125.65,19.89,86.03,93.92,4.14,74.09,warning,device_overload
2025-01-01T06:27:55+00:00,cl-3,client,28.73,1.28,36.74,328.78,5.21,19.46,61.62,0.78,62.2,healthy,normal
2025-01-01T06:28:00+00:00,da-1,database,122.63,5.01,80.17,131.88,15.63,98.35,87.72,6.65,63.36,warning,device_overload
2025-01-01T06:28:05+00:00,se-4,server,367.05,82.8,19.0,3.07,44.32,20.52,62.15,40.38,6.62,offline,link_failure
2025-01-01T06:28:10+00:00,cl-5,client,13.66,0.29,41.99,281.78,3.78,19.4,44.22,0.82,56.28,healthy,normal
2025-01-01T06:28:15+00:00,ro-8,router,128.68,7.9,64.33,141.58,16.29,93.04,95.62,5.76,50.32,warning,device_overload
2025-01-01T06:28:20+00:00,ac-7,access_switch,187.4,8.97,87.44,155.38,26.36,45.14,74.05,4.37,88.03,warning,congestion
2025-01-01T06:28:25+00:00,co-5,core_switch,81.48,5.1,89.0,771.31,14.52,82.19,81.45,3.03,93.98,warning,traffic_spike
2025-01-01T06:28:30+00:00,se-6,server,142.62,8.51,91.58,537.01,24.25,74.03,78.66,1.29,99.86,warning,traffic_spike
2025-01-01T06:28:35+00:00,da-5,database,62.91,5.05,49.74,159.54,21.24,87.09,90.48,2.78,68.99,warning,device_overload
2025-01-01T06:28:40+00:00,ac-3,access_switch,24.22,1.26,44.69,320.11,5.75,45.56,53.93,0.79,16.34,healthy,normal
2025-01-01T06:28:45+00:00,ac-3,access_switch,242.98,95.44,4.33,6.78,66.36,3.93,1.98,87.27,3.67,warning,device_failure
2025-01-01T06:28:50+00:00,ac-8,access_switch,101.06,11.25,98.93,131.22,22.65,46.61,50.36,5.29,96.17,warning,congestion
2025-01-01T06:28:55+00:00,ro-8,router,28.21,0.7,36.01,257.08,1.07,22.21,25.1,0.83,50.82,healthy,normal
2025-01-01T06:29:00+00:00,co-4,core_switch,26.37,0.2,34.15,149.75,0.95,28.99,31.27,0.23,32.48,healthy,normal
2025-01-01T06:29:05+00:00,co-2,core_switch,77.0,7.18,45.93,103.74,23.0,95.05,84.42,2.77,48.43,warning,device_overload
2025-01-01T06:29:10+00:00,se-6,server,18.35,0.24,50.64,131.46,4.84,29.38,55.52,0.5,36.93,healthy,normal
2025-01-01T06:29:15+00:00,ac-3,access_switch,340.05,94.13,6.16,3.86,82.2,5.89,0.83,75.11,5.81,warning,device_failure
2025-01-01T06:29:20+00:00,ro-4,router,436.55,83.35,6.59,19.48,60.61,62.62,69.23,45.99,5.22,warning,link_failure
2025-01-01T06:29:25+00:00,cl-1,client,23.27,0.86,52.87,135.0,3.74,25.04,61.1,0.06,28.41,healthy,normal
2025-01-01T06:29:30+00:00,se-2,server,180.25,6.68,90.18,95.11,36.86,47.0,76.57,5.26,98.59,warning,congestion
2025-01-01T06:29:35+00:00,ac-1,access_switch,16.06,0.15,48.29,211.33,5.21,42.81,25.64,0.17,49.91,healthy,normal
2025-01-01T06:29:40+00:00,ac-6,access_switch,243.68,93.3,21.14,23.76,64.65,48.86,27.53,45.58,16.24,warning,link_failure
2025-01-01T06:29:45+00:00,se-1,server,440.15,79.08,1.99,16.02,78.77,27.42,67.66,54.86,7.52,warning,link_failure
2025-01-01T06:29:50+00:00,da-5,database,133.1,1.86,45.32,90.64,9.13,88.87,86.26,1.1,83.43,warning,device_overload
2025-01-01T06:29:55+00:00,cl-7,client,101.89,3.63,72.85,148.71,22.02,89.63,91.77,1.47,54.85,warning,device_overload
2025-01-01T06:30:00+00:00,ro-5,router,348.25,91.39,4.69,6.87,71.75,2.03,4.43,73.96,2.0,warning,device_failure
2025-01-01T06:30:05+00:00,se-2,server,24.6,0.28,22.05,171.56,1.58,47.82,44.16,0.86,28.14,healthy,normal
2025-01-01T06:30:10+00:00,cl-7,client,41.7,0.69,20.28,182.05,4.5,46.85,25.72,0.3,34.95,healthy,normal
2025-01-01T06:30:15+00:00,ro-8,router,69.04,3.68,88.67,706.83,26.1,92.3,59.98,1.52,97.74,warning,traffic_spike
2025-01-01T06:30:20+00:00,cl-1,client,39.21,1.29,61.93,286.87,5.13,56.77,64.08,0.5,48.32,healthy,normal
2025-01-01T06:30:25+00:00,co-4,core_switch,91.5,5.82,84.28,69.18,34.84,46.13,66.03,5.73,86.58,warning,congestion
2025-01-01T06:30:30+00:00,da-7,database,171.75,4.47,69.78,81.17,13.56,93.05,87.0,2.92,50.31,warning,device_overload
2025-01-01T06:30:35+00:00,ro-8,router,182.72,15.95,92.13,83.67,26.11,63.47,67.94,1.72,98.66,warning,congestion
2025-01-01T06:30:40+00:00,co-8,core_switch,26.42,0.29,52.3,175.11,5.62,51.68,58.24,0.33,35.39,healthy,normal
2025-01-01T06:30:45+00:00,ro-3,router,102.69,2.44,99.85,630.03,24.79,78.46,62.08,3.98,98.83,warning,traffic_spike
2025-01-01T06:30:50+00:00,cl-6,client,16.79,0.6,23.17,194.12,2.83,47.27,54.13,0.55,54.23,healthy,normal
2025-01-01T06:30:55+00:00,ro-2,router,41.92,1.24,46.56,249.02,4.36,38.38,24.38,0.15,26.05,healthy,normal
2025-01-01T06:31:00+00:00,ac-3,access_switch,89.15,5.34,57.78,167.6,11.64,90.98,96.9,3.26,56.23,warning,device_overload
2025-01-01T06:31:05+00:00,ac-1,access_switch,141.11,4.6,87.09,141.95,24.35,64.54,76.56,4.47,90.04,warning,congestion
2025-01-01T06:31:10+00:00,da-5,database,148.25,6.91,60.82,74.72,13.21,96.58,84.56,5.45,70.63,warning,device_overload
2025-01-01T06:31:15+00:00,cl-3,client,13.37,0.85,44.97,114.06,5.56,50.78,45.87,0.45,17.66,healthy,normal
2025-01-01T06:31:20+00:00,da-2,database,84.67,2.16,99.64,538.0,12.06,79.62,84.44,2.52,93.46,warning,traffic_spike
2025-01-01T06:31:25+00:00,da-3,database,136.25,10.49,84.72,141.18,36.35,70.76,63.17,1.62,89.14,warning,congestion
2025-01-01T06:31:30+00:00,co-3,core_switch,32.49,0.78,44.35,281.94,4.81,50.12,54.36,0.27,19.11,healthy,normal
2025-01-01T06:31:35+00:00,ac-3,access_switch,14.39,0.19,56.86,129.43,5.17,52.59,38.35,0.59,31.12,healthy,normal
2025-01-01T06:31:40+00:00,ac-1,access_switch,68.11,4.39,92.89,465.86,21.57,70.12,81.61,0.92,90.04,warning,traffic_spike
2025-01-01T06:31:45+00:00,se-8,server,31.71,1.27,41.02,113.25,4.02,43.38,65.36,0.64,47.98,healthy,normal
2025-01-01T06:31:50+00:00,ro-8,router,231.58,80.61,5.35,4.27,70.5,33.43,38.34,61.59,1.85,offline,link_failure
2025-01-01T06:31:55+00:00,da-6,database,40.55,1.44,64.67,304.54,1.87,44.52,37.66,0.36,29.24,healthy,normal
2025-01-01T06:32:00+00:00,ro-2,router,15.0,0.02,29.22,310.69,3.55,34.56,62.36,0.39,37.81,healthy,normal
2025-01-01T06:32:05+00:00,se-4,server,22.25,0.31,64.94,117.65,2.27,48.48,41.88,0.76,24.91,healthy,normal
2025-01-01T06:32:10+00:00,da-1,database,116.9,5.78,99.87,446.28,23.12,79.41,85.27,2.61,99.63,warning,traffic_spike
2025-01-01T06:32:15+00:00,cl-4,client,447.0,75.62,17.58,11.08,76.83,24.01,70.54,55.23,5.04,warning,link_failure
2025-01-01T06:32:20+00:00,ro-3,router,17.61,1.16,47.72,247.33,5.14,34.43,51.58,0.27,52.37,healthy,normal
2025-01-01T06:32:25+00:00,se-4,server,40.37,0.37,25.38,300.29,3.88,47.19,50.6,0.58,27.84,healthy,normal
2025-01-01T06:32:30+00:00,ro-7,router,12.3,0.6,46.87,173.49,0.9,32.83,59.77,0.13,38.29,healthy,normal
2025-01-01T06:32:35+00:00,ro-6,router,119.93,5.25,92.3,686.68,15.65,95.19,83.63,3.82,90.95,warning,traffic_spike
2025-01-01T06:32:40+00:00,co-2,core_switch,15.0,0.51,61.75,150.79,5.3,22.62,50.38,0.24,37.66,healthy,normal
2025-01-01T06:32:45+00:00,ac-1,access_switch,19.51,0.4,31.57,262.44,2.97,31.88,42.59,0.78,17.85,healthy,normal
2025-01-01T06:32:50+00:00,co-1,core_switch,38.12,0.04,25.53,211.87,2.85,32.41,54.34,0.87,33.56,healthy,normal
2025-01-01T06:32:55+00:00,ro-8,router,407.0,77.87,6.25,9.03,77.59,47.15,35.54,41.26,8.67,offline,link_failure
2025-01-01T06:33:00+00:00,ac-3,access_switch,448.37,76.73,11.22,18.78,34.33,58.1,56.35,48.82,13.87,offline,link_failure
2025-01-01T06:33:05+00:00,ro-3,router,122.87,6.04,93.12,481.75,13.59,89.42,73.28,4.28,94.62,warning,traffic_spike
2025-01-01T06:33:10+00:00,da-5,database,180.51,13.97,91.59,115.77,30.02,46.38,67.45,1.73,97.86,warning,congestion
2025-01-01T06:33:15+00:00,ro-1,router,19.42,0.06,37.99,293.32,1.78,29.56,46.93,0.35,64.99,healthy,normal
2025-01-01T06:33:20+00:00,ro-7,router,208.37,7.31,84.26,162.18,21.03,59.49,48.99,6.13,95.78,warning,congestion
2025-01-01T06:33:25+00:00,cl-6,client,200.87,77.11,7.4,2.66,77.49,42.6,59.27,42.55,15.85,offline,link_failure
2025-01-01T06:33:30+00:00,se-1,server,13.63,1.42,35.64,140.47,0.89,48.52,53.19,0.17,21.53,healthy,normal
2025-01-01T06:33:35+00:00,se-6,server,124.15,7.39,88.87,828.08,18.8,77.93,64.71,1.12,92.02,warning,traffic_spike
2025-01-01T06:33:40+00:00,co-6,core_switch,30.79,0.1,45.65,114.21,2.67,50.99,59.74,0.2,43.67,healthy,normal
2025-01-01T06:33:45+00:00,ac-1,access_switch,321.68,88.47,2.78,2.53,49.82,9.53,0.31,56.95,3.05,warning,device_failure
2025-01-01T06:33:50+00:00,ac-1,access_switch,28.52,0.85,48.14,156.45,4.13,44.38,27.75,0.9,47.55,healthy,normal
2025-01-01T06:33:55+00:00,co-6,core_switch,36.45,0.08,23.2,200.58,4.69,33.11,53.23,0.04,57.54,healthy,normal
2025-01-01T06:34:00+00:00,cl-3,client,161.08,14.23,87.37,105.77,22.24,57.94,57.64,4.94,95.27,warning,congestion
2025-01-01T06:34:05+00:00,cl-8,client,27.66,1.43,61.94,312.74,5.95,45.41,48.3,0.17,34.96,healthy,normal
2025-01-01T06:34:10+00:00,ro-6,router,17.72,0.33,62.58,195.5,4.12,49.8,36.54,0.18,39.25,healthy,normal
2025-01-01T06:34:15+00:00,ro-4,router,19.42,0.21,62.3,212.45,4.69,27.07,39.01,0.36,53.06,healthy,normal
2025-01-01T06:34:20+00:00,ro-6,router,337.72,95.74,8.94,7.36,77.79,4.59,9.4,55.35,4.09,offline,device_failure
2025-01-01T06:34:25+00:00,se-2,server,357.17,94.54,6.76,4.98,91.93,10.39,3.98,69.56,1.82,warning,device_failure
2025-01-01T06:34:30+00:00,da-1,database,14.78,0.9,52.34,263.97,5.71,55.61,32.9,0.1,45.55,healthy,normal
2025-01-01T06:34:35+00:00,da-5,database,105.46,3.61,76.29,75.59,14.6,98.25,94.44,3.2,70.03,warning,device_overload
2025-01-01T06:34:40+00:00,da-5,database,82.46,4.87,67.48,166.62,20.48,95.64,84.36,3.74,67.47,warning,device_overload
2025-01-01T06:34:45+00:00,ac-6,access_switch,24.92,0.86,64.93,318.41,5.02,47.48,58.97,0.18,59.96,healthy,normal
2025-01-01T06:34:50+00:00,se-8,server,28.5,0.89,40.03,138.83,1.22,56.84,27.69,0.58,21.51,healthy,normal
2025-01-01T06:34:55+00:00,co-8,core_switch,441.8,83.28,13.09,2.17,72.67,54.96,38.35,47.1,3.71,offline,link_failure
2025-01-01T06:35:00+00:00,da-8,database,383.94,82.73,12.83,9.8,89.11,42.48,50.06,57.85,12.14,offline,link_failure
2025-01-01T06:35:05+00:00,co-5,core_switch,11.25,0.65,64.32,236.34,4.12,34.85,51.75,0.31,19.53,healthy,normal
2025-01-01T06:35:10+00:00,se-4,server,36.3,0.42,31.13,200.74,1.59,16.57,28.46,0.34,55.97,healthy,normal
2025-01-01T06:35:15+00:00,da-7,database,29.86,0.63,40.58,279.81,3.17,59.56,54.66,0.75,27.42,healthy,normal
2025-01-01T06:35:20+00:00,co-7,core_switch,39.52,1.46,27.37,234.19,4.94,22.84,32.51,0.52,64.18,healthy,normal
2025-01-01T06:35:25+00:00,ro-8,router,346.9,89.22,3.47,11.01,89.47,63.43,52.49,48.73,13.04,warning,link_failure
2025-01-01T06:35:30+00:00,ro-2,router,15.05,1.24,43.52,319.45,4.79,48.67,35.24,0.32,19.09,healthy,normal
2025-01-01T06:35:35+00:00,ac-8,access_switch,385.75,81.83,0.03,15.36,70.67,35.63,32.8,34.92,3.6,offline,link_failure
2025-01-01T06:35:40+00:00,ac-6,access_switch,25.02,0.98,59.55,227.47,4.96,42.84,30.6,0.78,60.02,healthy,normal
2025-01-01T06:35:45+00:00,ro-7,router,138.42,4.77,96.15,872.15,20.93,77.17,54.38,1.72,96.39,warning,traffic_spike
2025-01-01T06:35:50+00:00,cl-1,client,16.75,0.43,24.76,267.83,6.0,56.85,44.56,0.83,18.52,healthy,normal
2025-01-01T06:35:55+00:00,ac-7,access_switch,23.37,1.49,48.17,116.06,4.24,47.29,53.5,0.11,40.43,healthy,normal
2025-01-01T06:36:00+00:00,ro-2,router,40.58,0.73,24.9,118.96,2.83,30.43,33.94,0.79,56.94,healthy,normal
2025-01-01T06:36:05+00:00,da-1,database,193.42,12.09,95.27,92.83,22.79,65.2,66.62,5.99,91.91,warning,congestion
2025-01-01T06:36:10+00:00,co-3,core_switch,34.37,0.23,64.1,294.08,3.62,53.86,54.13,0.13,27.36,healthy,normal
2025-01-01T06:36:15+00:00,cl-6,client,10.78,0.86,35.9,161.97,3.78,36.82,32.54,0.27,43.45,healthy,normal
2025-01-01T06:36:20+00:00,se-1,server,147.08,7.89,67.34,90.11,14.1,86.22,95.85,4.96,81.83,warning,device_overload
2025-01-01T06:36:25+00:00,ac-5,access_switch,80.66,2.9,99.65,833.12,15.53,93.43,53.39,4.83,93.98,warning,traffic_spike
2025-01-01T06:36:30+00:00,co-4,core_switch,28.68,0.27,35.55,135.2,4.31,53.27,45.26,0.35,17.07,healthy,normal
2025-01-01T06:36:35+00:00,ro-7,router,20.87,1.21,51.2,324.19,3.19,32.03,44.94,0.03,51.12,healthy,normal
2025-01-01T06:36:40+00:00,cl-2,client,131.3,6.92,66.41,180.54,7.99,86.26,89.47,4.57,61.97,warning,device_overload
2025-01-01T06:36:45+00:00,co-2,core_switch,109.07,3.94,91.25,812.0,8.66,96.76,63.89,0.78,93.5,warning,traffic_spike
2025-01-01T06:36:50+00:00,ro-2,router,34.48,0.66,36.5,301.18,3.35,23.36,36.08,0.14,35.26,healthy,normal
2025-01-01T06:36:55+00:00,ro-4,router,40.74,0.77,23.87,131.11,4.32,30.93,62.73,0.89,47.68,healthy,normal
2025-01-01T06:37:00+00:00,co-5,core_switch,28.73,1.04,30.75,284.14,2.17,47.27,41.6,0.83,62.07,healthy,normal
2025-01-01T06:37:05+00:00,da-3,database,266.25,98.51,4.91,3.08,82.14,9.83,5.41,65.35,5.99,offline,device_failure
2025-01-01T06:37:10+00:00,ac-6,access_switch,184.85,5.43,86.73,144.66,32.68,71.21,48.14,3.1,96.3,warning,congestion
2025-01-01T06:37:15+00:00,ro-1,router,338.15,73.07,9.11,19.39,57.11,43.1,49.74,61.33,3.6,offline,link_failure
2025-01-01T06:37:20+00:00,da-5,database,24.15,0.29,64.19,144.1,1.11,55.1,67.66,0.42,53.83,healthy,normal
2025-01-01T06:37:25+00:00,da-6,database,28.57,0.47,19.21,270.1,4.91,36.58,52.78,0.52,46.27,healthy,normal
2025-01-01T06:37:30+00:00,cl-7,client,145.78,7.67,69.61,157.1,19.94,87.01,98.17,6.82,76.33,warning,device_overload
2025-01-01T06:37:35+00:00,ro-4,router,25.36,0.27,38.26,125.69,3.34,32.38,54.37,0.16,40.87,healthy,normal
2025-01-01T06:37:40+00:00,cl-5,client,12.54,1.18,37.64,131.46,3.58,15.6,33.09,0.17,54.74,healthy,normal
2025-01-01T06:37:45+00:00,da-2,database,82.35,3.81,89.47,712.81,18.72,92.96,59.7,0.8,93.3,warning,traffic_spike
2025-01-01T06:37:50+00:00,ro-3,router,292.04,93.78,2.31,1.84,70.45,6.81,7.27,79.9,4.23,offline,device_failure
2025-01-01T06:37:55+00:00,ro-4,router,137.3,9.79,88.49,498.95,12.65,82.07,65.17,4.53,97.42,warning,traffic_spike
2025-01-01T06:38:00+00:00,cl-8,client,36.03,1.11,46.98,171.98,4.53,54.43,56.43,0.55,39.05,healthy,normal
2025-01-01T06:38:05+00:00,co-2,core_switch,236.47,86.66,18.73,22.76,43.55,58.77,46.65,49.19,4.5,offline,link_failure
2025-01-01T06:38:10+00:00,ac-2,access_switch,151.44,3.51,56.25,78.01,10.57,89.64,84.66,3.61,68.93,warning,device_overload
2025-01-01T06:38:15+00:00,ac-6,access_switch,217.59,4.11,91.92,59.79,33.21,61.42,77.88,6.35,95.3,warning,congestion
2025-01-01T06:38:20+00:00,ac-4,access_switch,12.57,0.9,47.66,282.95,4.69,34.5,53.67,0.36,15.58,healthy,normal
2025-01-01T06:38:25+00:00,cl-6,client,255.27,96.2,21.41,7.93,86.76,54.14,50.71,53.51,14.29,warning,link_failure
2025-01-01T06:38:30+00:00,ac-4,access_switch,103.76,9.66,84.35,149.68,14.91,76.34,65.89,1.71,91.98,warning,congestion
2025-01-01T06:38:35+00:00,da-8,database,18.17,1.5,37.81,279.01,1.85,33.86,54.47,0.73,60.33,healthy,normal
2025-01-01T06:38:40+00:00,ac-2,access_switch,334.85,95.39,7.13,0.15,47.59,3.25,3.89,41.38,5.53,offline,device_failure
2025-01-01T06:38:45+00:00,da-3,database,17.64,0.04,50.65,203.67,5.22,57.51,24.6,0.43,29.13,healthy,normal
2025-01-01T06:38:50+00:00,ac-3,access_switch,225.69,5.94,97.59,149.63,35.98,49.42,49.85,3.3,98.79,warning,congestion
2025-01-01T06:38:55+00:00,ac-8,access_switch,164.92,5.81,45.98,126.42,12.64,90.76,94.46,4.92,51.96,warning,device_overload
2025-01-01T06:39:00+00:00,co-6,core_switch,31.34,1.39,51.99,329.9,5.56,58.9,28.99,0.17,18.6,healthy,normal
2025-01-01T06:39:05+00:00,se-6,server,452.19,77.5,5.38,6.62,64.02,35.78,30.8,47.77,9.93,offline,link_failure
2025-01-01T06:39:10+00:00,cl-8,client,324.57,76.42,1.18,5.52,63.76,42.4,30.67,43.08,12.22,offline,link_failure
2025-01-01T06:39:15+00:00,ro-7,router,33.18,0.64,37.56,314.42,2.67,24.81,50.36,0.9,42.09,healthy,normal
2025-01-01T06:39:20+00:00,co-5,core_switch,25.58,1.4,36.87,273.06,4.41,56.86,37.47,0.38,41.92,healthy,normal
2025-01-01T06:39:25+00:00,cl-5,client,106.68,6.6,91.76,91.6,18.04,77.13,76.16,1.18,87.37,warning,congestion
2025-01-01T06:39:30+00:00,da-8,database,80.11,5.56,67.71,153.14,18.66,98.88,84.57,1.2,60.22,warning,device_overload
2025-01-01T06:39:35+00:00,cl-6,client,24.32,1.24,49.28,228.12,4.27,33.36,26.1,0.49,37.34,healthy,normal
2025-01-01T06:39:40+00:00,co-7,core_switch,183.2,15.71,94.73,117.04,36.59,46.19,76.76,5.47,87.05,warning,congestion
2025-01-01T06:39:45+00:00,ro-8,router,475.25,90.9,0.36,6.46,73.19,6.35,8.22,80.73,0.51,warning,device_failure
2025-01-01T06:39:50+00:00,co-6,core_switch,21.35,1.29,60.83,290.73,2.0,33.34,61.33,0.6,64.62,healthy,normal
2025-01-01T06:39:55+00:00,co-2,core_switch,364.41,94.88,1.34,7.12,51.48,6.7,13.41,66.57,1.98,warning,device_failure
2025-01-01T06:40:00+00:00,ac-3,access_switch,352.41,95.33,3.52,5.13,49.82,5.52,12.14,66.62,5.34,warning,device_failure
2025-01-01T06:40:05+00:00,se-3,server,87.97,7.32,46.41,89.5,16.23,98.78,99.46,3.83,67.16,warning,device_overload
2025-01-01T06:40:10+00:00,ac-4,access_switch,18.36,0.96,55.54,292.27,2.49,22.0,38.26,0.36,25.7,healthy,normal
2025-01-01T06:40:15+00:00,se-4,server,483.03,88.5,7.29,2.18,50.45,8.01,11.37,43.34,2.28,warning,device_failure
2025-01-01T06:40:20+00:00,ac-4,access_switch,145.66,6.82,84.27,177.69,17.13,97.3,96.86,5.15,45.51,warning,device_overload
2025-01-01T06:40:25+00:00,ro-3,router,28.81,0.2,40.94,268.95,1.33,37.28,52.89,0.09,35.09,healthy,normal
2025-01-01T06:40:30+00:00,se-4,server,24.42,0.74,47.69,278.78,2.03,44.68,32.59,0.83,51.6,healthy,normal
2025-01-01T06:40:35+00:00,co-6,core_switch,40.74,1.29,34.52,167.8,4.65,20.67,53.97,0.8,30.63,healthy,normal
2025-01-01T06:40:40+00:00,se-1,server,363.4,80.59,19.95,18.63,30.09,62.74,68.14,49.09,6.85,offline,link_failure
2025-01-01T06:40:45+00:00,ac-2,access_switch,138.47,7.57,92.25,152.88,28.18,78.99,44.04,2.86,93.13,warning,congestion
2025-01-01T06:40:50+00:00,se-6,server,148.04,10.62,89.57,87.96,29.43,67.11,53.3,3.27,95.81,warning,congestion
2025-01-01T06:40:55+00:00,se-8,server,137.28,9.14,97.92,48.64,18.39,45.64,77.41,5.53,90.59,warning,congestion
2025-01-01T06:41:00+00:00,ro-5,router,10.81,0.13,19.2,204.7,3.89,51.47,31.51,0.09,53.76,healthy,normal
2025-01-01T06:41:05+00:00,co-1,core_switch,28.95,0.33,26.18,115.38,5.61,28.37,62.05,0.08,46.14,healthy,normal
2025-01-01T06:41:10+00:00,se-8,server,143.66,4.32,56.55,145.37,10.83,92.24,87.33,6.02,64.65,warning,device_overload
2025-01-01T06:41:15+00:00,ro-4,router,22.49,0.1,38.9,165.89,3.39,55.95,50.06,0.19,60.08,healthy,normal
2025-01-01T06:41:20+00:00,co-6,core_switch,121.35,7.08,77.35,98.69,18.79,93.99,85.92,2.89,86.69,warning,device_overload
2025-01-01T06:41:25+00:00,ro-5,router,17.68,0.74,59.83,161.76,5.92,38.07,48.57,0.36,16.69,healthy,normal
2025-01-01T06:41:30+00:00,cl-5,client,311.07,89.85,7.46,7.09,47.74,10.4,5.34,45.57,6.25,warning,device_failure
2025-01-01T06:41:35+00:00,se-1,server,13.23,1.43,62.99,226.42,0.81,34.26,49.2,0.47,32.28,healthy,normal
2025-01-01T06:41:40+00:00,cl-6,client,38.7,0.99,26.5,311.12,2.82,25.75,26.02,0.78,28.22,healthy,normal
2025-01-01T06:41:45+00:00,da-1,database,29.46,0.53,58.42,230.64,5.53,17.44,28.3,0.47,29.38,healthy,normal
2025-01-01T06:41:50+00:00,co-8,core_switch,87.62,4.09,93.88,455.92,26.24,73.32,84.92,2.03,92.4,warning,traffic_spike
2025-01-01T06:41:55+00:00,da-4,database,22.19,0.34,19.67,302.79,1.44,27.1,37.12,0.51,17.14,healthy,normal
2025-01-01T06:42:00+00:00,cl-5,client,104.73,3.76,52.5,96.36,16.27,86.29,90.77,7.07,84.21,warning,device_overload
2025-01-01T06:42:05+00:00,da-2,database,23.29,1.3,35.57,181.11,3.14,23.56,55.74,0.04,33.66,healthy,normal
2025-01-01T06:42:10+00:00,co-7,core_switch,174.96,6.64,52.72,136.07,17.03,96.98,85.18,2.09,48.2,warning,device_overload
2025-01-01T06:42:15+00:00,ro-2,router,31.82,1.5,28.19,217.6,1.79,47.7,66.54,0.49,61.19,healthy,normal
2025-01-01T06:42:20+00:00,cl-8,client,125.43,6.47,97.41,683.09,25.18,88.74,70.98,4.66,99.17,warning,traffic_spike
2025-01-01T06:42:25+00:00,se-7,server,168.27,4.57,65.28,180.68,20.17,99.13,90.94,1.23,68.35,warning,device_overload
2025-01-01T06:42:30+00:00,da-2,database,31.24,0.74,55.06,243.4,1.03,53.01,35.86,0.32,25.36,healthy,normal
2025-01-01T06:42:35+00:00,ac-7,access_switch,224.64,10.2,91.86,102.2,18.38,77.4,50.93,2.9,89.01,warning,congestion
2025-01-01T06:42:40+00:00,ac-1,access_switch,12.89,1.37,54.22,256.55,2.72,27.66,42.18,0.78,16.83,healthy,normal
2025-01-01T06:42:45+00:00,co-1,core_switch,15.2,0.17,51.86,139.85,4.21,58.19,61.93,0.05,20.75,healthy,normal
2025-01-01T06:42:50+00:00,ac-6,access_switch,32.07,0.55,20.32,130.93,3.63,52.15,65.02,0.42,50.18,healthy,normal
2025-01-01T06:42:55+00:00,ro-5,router,15.09,1.19,24.51,177.25,2.94,36.49,55.08,0.74,47.73,healthy,normal
2025-01-01T06:43:00+00:00,ro-1,router,117.65,1.37,80.49,141.97,13.29,89.86,85.65,7.49,73.22,warning,device_overload
2025-01-01T06:43:05+00:00,da-6,database,40.21,0.4,35.48,218.16,4.67,19.06,45.49,0.53,18.65,healthy,normal
2025-01-01T06:43:10+00:00,co-8,core_switch,15.6,0.54,34.17,159.28,1.88,23.91,35.32,0.76,43.43,healthy,normal
2025-01-01T06:43:15+00:00,da-1,database,88.66,13.97,95.8,160.15,16.38,51.55,74.89,1.43,87.86,warning,congestion
2025-01-01T06:43:20+00:00,ro-7,router,40.77,1.49,24.24,257.36,2.73,49.15,47.94,0.27,20.78,healthy,normal
2025-01-01T06:43:25+00:00,da-5,database,26.04,0.26,40.75,271.64,5.98,36.88,57.85,0.9,22.73,healthy,normal
2025-01-01T06:43:30+00:00,da-5,database,59.95,7.93,91.45,851.42,19.14,84.9,86.32,0.89,94.33,warning,traffic_spike
2025-01-01T06:43:35+00:00,ro-7,router,26.8,0.44,45.64,296.81,4.07,55.53,50.37,0.07,22.94,healthy,normal
2025-01-01T06:43:40+00:00,cl-3,client,351.88,95.13,0.87,2.8,95.34,4.13,8.27,48.16,6.12,offline,device_failure
2025-01-01T06:43:45+00:00,ro-8,router,11.49,1.28,42.16,264.96,5.17,55.97,48.05,0.67,40.8,healthy,normal
2025-01-01T06:43:50+00:00,se-4,server,18.89,1.36,62.37,195.77,1.89,44.65,40.85,0.43,44.6,healthy,normal
2025-01-01T06:43:55+00:00,da-2,database,252.43,88.84,7.78,1.02,54.1,0.89,12.09,64.21,2.81,warning,device_failure
2025-01-01T06:44:00+00:00,ac-2,access_switch,229.18,83.92,21.44,13.46,54.71,21.49,55.89,64.06,4.18,offline,link_failure
2025-01-01T06:44:05+00:00,ac-2,access_switch,12.29,0.98,33.45,146.31,2.48,26.9,54.02,0.26,38.38,healthy,normal
2025-01-01T06:44:10+00:00,se-7,server,27.47,0.15,56.47,290.41,5.97,44.41,60.55,0.25,17.8,healthy,normal
2025-01-01T06:44:15+00:00,ro-2,router,19.36,0.42,62.59,206.57,3.08,27.41,39.11,0.25,58.21,healthy,normal
2025-01-01T06:44:20+00:00,cl-2,client,41.96,0.66,62.52,276.69,1.81,18.02,38.9,0.89,58.73,healthy,normal
2025-01-01T06:44:25+00:00,ac-8,access_switch,26.98,1.44,35.46,233.96,2.99,56.93,66.61,0.7,32.46,healthy,normal
2025-01-01T06:44:30+00:00,ro-8,router,76.68,4.9,55.02,65.33,10.47,86.74,85.82,7.08,58.07,warning,device_overload
2025-01-01T06:44:35+00:00,co-3,core_switch,36.1,0.19,63.25,284.91,4.96,29.88,65.64,0.51,51.72,healthy,normal
2025-01-01T06:44:40+00:00,se-5,server,35.36,1.32,22.63,255.6,4.87,27.06,24.46,0.47,52.77,healthy,normal
2025-01-01T06:44:45+00:00,ro-5,router,196.55,4.23,99.71,100.61,28.01,70.65,67.06,4.55,98.05,warning,congestion
2025-01-01T06:44:50+00:00,da-7,database,97.85,5.03,48.19,68.59,15.9,92.99,99.62,5.64,67.51,warning,device_overload
2025-01-01T06:44:55+00:00,ro-6,router,149.91,7.13,92.94,128.55,22.98,62.98,57.25,2.92,92.61,warning,congestion
2025-01-01T06:45:00+00:00,da-7,database,109.5,6.68,66.87,99.53,18.7,93.71,84.37,7.76,87.72,warning,device_overload
2025-01-01T06:45:05+00:00,co-6,core_switch,356.39,91.59,0.6,6.96,63.54,11.04,13.07,39.59,2.94,offline,device_failure
2025-01-01T06:45:10+00:00,da-6,database,12.86,0.81,48.13,127.71,4.33,49.59,45.57,0.76,40.48,healthy,normal
2025-01-01T06:45:15+00:00,ro-6,router,13.74,0.38,60.08,300.16,3.15,35.61,28.41,0.86,44.71,healthy,normal
2025-01-01T06:45:20+00:00,co-4,core_switch,13.0,1.17,27.44,271.05,5.81,45.89,48.65,0.55,55.51,healthy,normal
2025-01-01T06:45:25+00:00,da-6,database,24.78,1.45,56.22,249.72,3.98,30.89,24.96,0.1,43.44,healthy,normal
2025-01-01T06:45:30+00:00,ro-3,router,15.39,0.41,47.62,123.64,1.95,49.21,59.58,0.48,50.2,healthy,normal
2025-01-01T06:45:35+00:00,co-2,core_switch,38.87,1.1,36.45,291.37,2.23,40.82,62.47,0.79,53.35,healthy,normal
2025-01-01T06:45:40+00:00,da-3,database,14.82,1.17,44.69,329.28,2.66,34.9,31.4,0.77,52.66,healthy,normal
2025-01-01T06:45:45+00:00,ac-4,access_switch,111.28,9.34,90.47,57.65,37.25,61.0,58.67,6.82,98.33,warning,congestion
2025-01-01T06:45:50+00:00,ac-8,access_switch,84.6,1.12,63.27,144.93,14.56,89.58,99.72,6.78,83.62,warning,device_overload
2025-01-01T06:45:55+00:00,cl-4,client,55.36,5.21,97.85,706.2,18.33,93.66,85.08,0.73,99.43,warning,traffic_spike
2025-01-01T06:46:00+00:00,se-3,server,127.14,1.95,73.81,158.26,21.56,99.12,90.86,7.63,86.33,warning,device_overload
2025-01-01T06:46:05+00:00,da-1,database,11.14,1.13,39.03,110.34,4.4,38.88,47.66,0.64,66.43,healthy,normal
2025-01-01T06:46:10+00:00,da-8,database,85.39,10.74,97.89,101.89,34.4,56.69,48.06,5.47,95.61,warning,congestion
2025-01-01T06:46:15+00:00,ac-4,access_switch,62.85,9.39,89.52,711.02,24.23,70.84,84.02,4.98,94.72,warning,traffic_spike
2025-01-01T06:46:20+00:00,ro-3,router,499.73,92.09,7.76,5.87,53.09,0.29,8.25,46.84,5.53,warning,device_failure
2025-01-01T06:46:25+00:00,ro-1,router,119.39,7.34,83.5,99.4,19.85,65.03,61.83,2.3,86.59,warning,congestion
2025-01-01T06:46:30+00:00,ac-6,access_switch,10.8,1.3,43.82,313.38,4.11,45.85,50.36,0.73,35.62,healthy,normal
2025-01-01T06:46:35+00:00,da-2,database,29.04,0.74,41.79,259.56,4.91,33.73,43.33,0.49,23.12,healthy,normal
2025-01-01T06:46:40+00:00,da-7,database,41.06,0.38,56.38,111.83,2.92,58.19,28.12,0.63,58.85,healthy,normal
2025-01-01T06:46:45+00:00,se-5,server,75.95,3.53,77.73,128.55,19.82,98.8,99.48,3.85,79.13,warning,device_overload
2025-01-01T06:46:50+00:00,ac-6,access_switch,57.29,2.56,96.02,827.13,11.14,87.1,76.75,4.96,98.34,warning,traffic_spike
2025-01-01T06:46:55+00:00,cl-7,client,11.69,0.6,52.79,115.05,5.68,32.99,52.57,0.65,36.25,healthy,normal
2025-01-01T06:47:00+00:00,se-5,server,25.01,1.1,25.35,193.53,1.16,29.04,59.43,0.83,21.8,healthy,normal
2025-01-01T06:47:05+00:00,co-6,core_switch,33.91,1.49,18.2,185.69,3.06,38.9,41.19,0.13,44.81,healthy,normal
2025-01-01T06:47:10+00:00,ro-8,router,15.53,0.42,64.96,210.75,4.86,51.17,53.7,0.06,59.8,healthy,normal
2025-01-01T06:47:15+00:00,ro-7,router,217.59,7.7,89.62,42.25,23.52,79.45,68.33,3.85,94.07,warning,congestion
2025-01-01T06:47:20+00:00,se-8,server,16.4,1.05,58.09,126.29,1.55,19.12,36.25,0.42,44.03,healthy,normal
2025-01-01T06:47:25+00:00,co-7,core_switch,31.23,1.23,46.08,291.69,0.85,17.58,46.78,0.2,44.31,healthy,normal
2025-01-01T06:47:30+00:00,ro-4,router,33.27,0.21,41.0,201.54,5.48,44.95,49.03,0.12,21.65,healthy,normal
2025-01-01T06:47:35+00:00,ro-7,router,143.3,3.04,76.75,92.82,15.02,99.32,93.14,6.76,56.34,warning,device_overload
2025-01-01T06:47:40+00:00,cl-5,client,35.17,1.34,51.56,190.02,2.4,56.24,33.6,0.43,57.32,healthy,normal
2025-01-01T06:47:45+00:00,ro-3,router,33.43,0.07,27.75,187.85,5.73,31.05,49.44,0.64,47.22,healthy,normal
2025-01-01T06:47:50+00:00,ac-7,access_switch,151.78,9.02,89.44,94.87,21.81,79.61,70.96,6.79,96.0,warning,congestion
2025-01-01T06:47:55+00:00,cl-2,client,22.58,0.88,64.32,269.8,2.25,15.54,31.31,0.7,23.39,healthy,normal
2025-01-01T06:48:00+00:00,cl-5,client,33.77,0.3,24.38,259.51,4.55,27.91,51.93,0.11,35.75,healthy,normal
2025-01-01T06:48:05+00:00,ac-4,access_switch,20.09,0.93,57.32,183.56,3.41,49.4,66.09,0.17,34.02,healthy,normal
2025-01-01T06:48:10+00:00,se-6,server,358.61,74.4,19.95,11.55,51.21,47.87,52.1,21.49,5.77,offline,link_failure
2025-01-01T06:48:15+00:00,co-5,core_switch,63.21,6.34,93.98,447.58,26.04,77.96,75.0,4.81,99.99,warning,traffic_spike
2025-01-01T06:48:20+00:00,ac-2,access_switch,16.7,0.64,30.94,137.67,4.43,55.05,31.71,0.66,50.8,healthy,normal
2025-01-01T06:48:25+00:00,cl-6,client,28.74,0.0,26.99,284.04,1.55,49.08,60.8,0.32,62.34,healthy,normal
2025-01-01T06:48:30+00:00,da-6,database,28.26,0.26,30.6,243.67,3.09,34.5,38.88,0.82,26.27,healthy,normal
2025-01-01T06:48:35+00:00,ro-2,router,404.39,97.21,2.05,4.38,81.88,1.81,4.97,64.55,3.18,offline,device_failure
2025-01-01T06:48:40+00:00,ac-2,access_switch,356.83,89.87,0.71,3.35,49.03,10.01,13.82,41.64,0.51,offline,device_failure
2025-01-01T06:48:45+00:00,ac-7,access_switch,379.32,99.4,3.79,0.95,57.9,0.17,1.71,46.49,6.66,offline,device_failure
2025-01-01T06:48:50+00:00,ac-1,access_switch,132.83,4.9,95.52,723.43,26.54,74.71,57.56,0.98,91.17,warning,traffic_spike
2025-01-01T06:48:55+00:00,ro-3,router,313.78,91.06,6.66,3.04,66.35,9.94,1.56,46.07,5.56,offline,device_failure
2025-01-01T06:49:00+00:00,co-2,core_switch,20.71,0.89,62.85,166.73,4.77,15.1,60.94,0.26,52.85,healthy,normal
2025-01-01T06:49:05+00:00,ro-6,router,142.64,4.87,68.84,92.99,21.94,91.21,93.91,3.98,47.65,warning,device_overload
2025-01-01T06:49:10+00:00,da-2,database,39.49,1.28,26.88,161.82,5.8,26.01,42.86,0.56,18.28,healthy,normal
2025-01-01T06:49:15+00:00,ro-1,router,31.56,0.67,34.44,190.85,1.54,58.14,35.48,0.66,41.33,healthy,normal
2025-01-01T06:49:20+00:00,se-2,server,105.43,14.7,94.56,139.75,24.65,45.08,54.17,3.88,88.88,warning,congestion
2025-01-01T06:49:25+00:00,da-1,database,115.34,1.89,55.01,147.17,15.46,91.41,96.72,3.71,62.36,warning,device_overload
2025-01-01T06:49:30+00:00,co-7,core_switch,33.96,1.03,36.64,154.94,3.8,30.03,45.53,0.11,19.13,healthy,normal
2025-01-01T06:49:35+00:00,co-6,core_switch,29.45,1.2,26.97,245.96,3.76,22.25,43.58,0.15,57.99,healthy,normal
2025-01-01T06:49:40+00:00,da-2,database,410.54,96.76,8.09,15.0,78.47,20.62,27.53,44.99,8.36,offline,link_failure
2025-01-01T06:49:45+00:00,se-1,server,22.31,0.81,27.66,184.19,3.52,57.04,51.19,0.53,23.07,healthy,normal
2025-01-01T06:49:50+00:00,ac-4,access_switch,470.39,97.3,4.06,4.14,56.84,7.1,8.27,47.26,6.63,offline,device_failure
2025-01-01T06:49:55+00:00,da-7,database,57.39,7.6,98.47,526.2,22.07,74.9,54.17,1.12,92.96,warning,traffic_spike
2025-01-01T06:50:00+00:00,cl-8,client,80.07,8.32,97.66,635.62,21.6,92.17,82.68,3.49,96.49,warning,traffic_spike
2025-01-01T06:50:05+00:00,da-7,database,327.36,90.2,5.97,4.78,62.08,6.19,11.48,44.71,5.13,offline,device_failure
2025-01-01T06:50:10+00:00,ac-3,access_switch,24.74,0.19,52.46,186.48,1.22,43.53,51.44,0.53,20.75,healthy,normal
2025-01-01T06:50:15+00:00,se-8,server,321.22,88.2,2.63,12.06,47.0,33.97,59.49,25.23,4.6,warning,link_failure
2025-01-01T06:50:20+00:00,ro-4,router,206.41,88.56,8.29,11.32,38.59,43.04,50.66,50.72,9.29,offline,link_failure
2025-01-01T06:50:25+00:00,cl-3,client,169.57,7.81,70.57,123.45,7.47,91.06,93.79,1.64,52.56,warning,device_overload
2025-01-01T06:50:30+00:00,da-6,database,101.8,5.31,97.06,168.88,35.47,72.82,64.98,2.85,92.21,warning,congestion
2025-01-01T06:50:35+00:00,se-4,server,22.53,0.19,41.67,282.38,3.24,28.64,25.86,0.15,59.9,healthy,normal
2025-01-01T06:50:40+00:00,cl-6,client,186.79,94.01,4.07,17.59,38.24,61.75,35.29,58.57,6.63,offline,link_failure
2025-01-01T06:50:45+00:00,co-8,core_switch,41.57,0.93,33.56,246.94,5.26,55.51,66.18,0.57,51.51,healthy,normal
2025-01-01T06:50:50+00:00,ac-1,access_switch,21.71,0.76,39.9,161.25,4.78,41.79,58.76,0.51,49.66,healthy,normal
2025-01-01T06:50:55+00:00,da-6,database,197.45,8.3,97.43,118.04,27.9,62.86,43.2,3.19,94.19,warning,congestion
2025-01-01T06:51:00+00:00,ac-6,access_switch,217.42,14.1,85.31,149.4,20.36,71.96,60.07,6.43,99.07,warning,congestion
2025-01-01T06:51:05+00:00,da-7,database,350.94,90.98,3.66,6.92,57.96,0.34,8.85,76.05,1.17,warning,device_failure
2025-01-01T06:51:10+00:00,cl-2,client,24.09,0.91,58.4,187.85,5.95,54.39,44.99,0.39,21.89,healthy,normal
2025-01-01T06:51:15+00:00,cl-2,client,90.37,5.31,88.85,600.49,16.46,93.42,67.96,4.08,97.39,warning,traffic_spike
2025-01-01T06:51:20+00:00,ac-8,access_switch,11.63,0.96,27.99,196.5,5.77,38.24,53.38,0.05,35.07,healthy,normal
2025-01-01T06:51:25+00:00,ro-8,router,133.37,10.03,98.43,42.58,17.89,73.3,61.13,4.31,90.65,warning,congestion
2025-01-01T06:51:30+00:00,co-8,core_switch,22.49,0.18,25.37,169.98,2.97,15.47,62.61,0.08,54.65,healthy,normal
2025-01-01T06:51:35+00:00,da-8,database,237.57,90.83,0.89,0.69,77.35,8.06,9.7,59.47,2.71,warning,device_failure
2025-01-01T06:51:40+00:00,ro-1,router,345.36,99.38,9.97,0.4,98.09,5.67,13.92,70.21,5.44,offline,device_failure
2025-01-01T06:51:45+00:00,ac-7,access_switch,13.4,0.49,57.78,247.71,1.75,54.59,51.7,0.71,64.28,healthy,normal
2025-01-01T06:51:50+00:00,cl-3,client,92.81,8.34,84.09,69.78,12.78,64.02,65.47,2.37,90.91,warning,congestion
2025-01-01T06:51:55+00:00,se-6,server,30.34,1.26,23.8,286.84,1.56,49.0,62.13,0.24,56.19,healthy,normal
2025-01-01T06:52:00+00:00,da-7,database,10.93,1.2,40.57,126.49,4.66,24.76,61.75,0.69,34.92,healthy,normal
2025-01-01T06:52:05+00:00,cl-1,client,22.29,0.01,20.49,185.57,5.36,47.02,36.75,0.32,19.58,healthy,normal
2025-01-01T06:52:10+00:00,da-5,database,10.7,1.05,22.57,174.66,2.26,35.45,24.89,0.18,41.84,healthy,normal
2025-01-01T06:52:15+00:00,co-6,core_switch,117.64,9.45,95.56,152.35,23.26,57.98,66.1,1.94,90.06,warning,congestion
2025-01-01T06:52:20+00:00,ro-4,router,167.13,1.55,80.14,166.19,8.66,91.81,92.79,1.93,80.34,warning,device_overload
2025-01-01T06:52:25+00:00,cl-4,client,20.49,0.95,40.17,228.09,5.22,47.67,65.82,0.37,41.03,healthy,normal
2025-01-01T06:52:30+00:00,ro-7,router,41.02,1.49,30.61,276.19,3.46,53.15,43.32,0.86,59.31,healthy,normal
2025-01-01T06:52:35+00:00,da-7,database,319.21,89.24,9.66,1.95,86.11,10.45,11.46,88.88,6.19,offline,device_failure
2025-01-01T06:52:40+00:00,da-4,database,85.72,11.83,92.4,82.75,34.3,63.58,51.02,4.91,86.87,warning,congestion
2025-01-01T06:52:45+00:00,co-8,core_switch,260.92,99.95,3.1,3.09,63.14,8.25,9.15,72.13,1.2,warning,device_failure
2025-01-01T06:52:50+00:00,ro-2,router,26.24,0.67,57.25,329.94,0.96,18.27,63.6,0.49,46.23,healthy,normal
2025-01-01T06:52:55+00:00,cl-4,client,25.13,0.08,23.21,172.67,0.82,44.46,35.78,0.63,28.16,healthy,normal
2025-01-01T06:53:00+00:00,co-3,core_switch,21.17,0.7,22.2,292.03,4.41,40.33,58.56,0.07,60.82,healthy,normal
2025-01-01T06:53:05+00:00,ac-6,access_switch,33.25,1.02,24.2,187.79,4.73,43.79,29.84,0.37,33.55,healthy,normal
2025-01-01T06:53:10+00:00,se-3,server,31.77,1.3,57.95,111.51,6.0,39.4,46.93,0.88,39.52,healthy,normal
2025-01-01T06:53:15+00:00,cl-2,client,19.87,0.69,38.93,145.22,3.44,29.67,65.86,0.71,65.16,healthy,normal
2025-01-01T06:53:20+00:00,ro-5,router,124.82,3.49,66.45,64.7,7.72,99.04,87.21,4.24,82.05,warning,device_overload
2025-01-01T06:53:25+00:00,ro-1,router,76.32,9.66,93.42,473.32,8.19,73.1,81.67,3.61,91.93,warning,traffic_spike
2025-01-01T06:53:30+00:00,cl-6,client,37.46,0.87,27.8,316.66,2.43,46.26,39.27,0.06,30.37,healthy,normal
2025-01-01T06:53:35+00:00,cl-1,client,25.84,1.38,38.28,297.12,1.5,41.44,57.99,0.73,63.69,healthy,normal
2025-01-01T06:53:40+00:00,ro-2,router,161.09,10.06,84.64,161.14,31.52,61.25,72.79,5.58,86.45,warning,congestion
2025-01-01T06:53:45+00:00,da-6,database,162.58,4.75,70.34,147.33,22.91,86.63,86.31,2.56,63.83,warning,device_overload
2025-01-01T06:53:50+00:00,da-7,database,25.31,0.37,57.48,305.38,3.86,32.19,63.58,0.83,55.81,healthy,normal
2025-01-01T06:53:55+00:00,cl-8,client,16.87,1.13,41.29,137.95,3.66,31.23,29.14,0.14,35.96,healthy,normal
2025-01-01T06:54:00+00:00,se-7,server,411.46,92.63,6.31,5.51,71.27,3.18,7.33,82.8,5.23,warning,device_failure
2025-01-01T06:54:05+00:00,se-6,server,33.63,0.44,36.52,110.66,4.2,47.21,53.08,0.9,42.41,healthy,normal
2025-01-01T06:54:10+00:00,da-4,database,41.49,0.11,21.63,292.11,4.65,23.49,25.39,0.25,21.58,healthy,normal
2025-01-01T06:54:15+00:00,ac-4,access_switch,19.59,1.04,54.61,201.59,5.32,48.66,36.46,0.37,28.43,healthy,normal
2025-01-01T06:54:20+00:00,ac-5,access_switch,499.17,89.16,9.32,0.73,84.86,8.59,10.52,77.24,2.3,offline,device_failure
2025-01-01T06:54:25+00:00,ro-1,router,12.0,0.33,45.55,166.6,5.15,34.83,59.11,0.11,53.92,healthy,normal
2025-01-01T06:54:30+00:00,cl-7,client,10.69,1.31,53.58,115.75,5.12,49.52,42.43,0.83,54.14,healthy,normal
2025-01-01T06:54:35+00:00,cl-8,client,195.64,96.65,11.05,10.53,38.44,26.77,27.92,34.83,0.32,offline,link_failure
2025-01-01T06:54:40+00:00,cl-8,client,223.77,82.62,13.17,18.6,85.05,61.88,35.61,47.87,16.02,offline,link_failure
2025-01-01T06:54:45+00:00,se-1,server,97.95,7.9,83.61,108.8,32.5,56.94,51.76,1.4,90.08,warning,congestion
2025-01-01T06:54:50+00:00,ro-7,router,38.69,1.18,45.47,321.01,1.54,17.93,50.52,0.77,22.37,healthy,normal
2025-01-01T06:54:55+00:00,ro-7,router,25.05,1.0,38.22,162.87,4.43,48.6,44.88,0.79,66.9,healthy,normal
2025-01-01T06:55:00+00:00,ac-6,access_switch,462.26,84.95,5.42,3.22,49.57,24.12,52.5,38.36,4.57,offline,link_failure
2025-01-01T06:55:05+00:00,co-1,core_switch,130.88,4.43,99.62,548.47,15.68,72.31,64.14,4.64,95.67,warning,traffic_spike
2025-01-01T06:55:10+00:00,co-4,core_switch,60.88,4.9,83.12,181.31,14.99,91.32,98.69,1.02,84.67,warning,device_overload
2025-01-01T06:55:15+00:00,ro-2,router,11.12,1.45,60.84,264.67,3.78,48.45,61.71,0.71,19.76,healthy,normal
2025-01-01T06:55:20+00:00,cl-3,client,126.0,4.79,57.97,189.66,22.85,96.83,88.78,1.12,48.3,warning,device_overload
2025-01-01T06:55:25+00:00,se-6,server,37.99,1.44,56.28,176.18,4.51,32.32,27.29,0.31,29.82,healthy,normal
2025-01-01T06:55:30+00:00,cl-7,client,442.5,99.0,20.24,23.13,70.6,25.87,27.98,56.65,2.88,offline,link_failure
2025-01-01T06:55:35+00:00,cl-4,client,35.29,0.32,39.37,113.78,4.35,16.75,34.34,0.14,63.41,healthy,normal
2025-01-01T06:55:40+00:00,se-6,server,222.35,6.73,95.62,100.01,23.33,72.45,66.85,4.78,90.16,warning,congestion
2025-01-01T06:55:45+00:00,da-5,database,21.84,0.05,23.94,279.97,3.97,27.26,24.27,0.45,28.63,healthy,normal
2025-01-01T06:55:50+00:00,ro-4,router,41.36,1.41,61.93,222.76,5.41,26.45,38.05,0.14,62.7,healthy,normal
2025-01-01T06:55:55+00:00,ac-5,access_switch,448.49,90.03,3.41,6.93,48.91,1.09,3.29,56.56,1.62,warning,device_failure
2025-01-01T06:56:00+00:00,ac-7,access_switch,37.42,0.35,52.52,314.1,1.91,30.65,28.38,0.81,61.85,healthy,normal
2025-01-01T06:56:05+00:00,ro-4,router,25.76,1.41,50.74,301.05,2.99,47.26,51.3,0.46,53.61,healthy,normal
2025-01-01T06:56:10+00:00,co-6,core_switch,33.23,0.26,61.44,126.81,1.41,19.67,49.78,0.85,43.56,healthy,normal
2025-01-01T06:56:15+00:00,ro-8,router,127.25,2.49,53.76,61.31,17.44,86.89,92.26,5.54,48.55,warning,device_overload
2025-01-01T06:56:20+00:00,da-7,database,154.52,1.15,45.72,157.35,21.46,88.15,93.02,5.6,73.55,warning,device_overload
2025-01-01T06:56:25+00:00,ro-2,router,123.57,6.45,88.4,169.6,33.0,78.55,57.18,6.91,89.47,warning,congestion
2025-01-01T06:56:30+00:00,da-1,database,87.61,6.34,99.89,651.44,21.18,92.61,66.55,0.66,94.08,warning,traffic_spike
2025-01-01T06:56:35+00:00,ro-3,router,18.94,0.63,30.85,314.18,4.21,57.08,47.3,0.89,52.53,healthy,normal
2025-01-01T06:56:40+00:00,ac-1,access_switch,32.1,1.42,45.44,261.01,3.25,54.63,49.38,0.73,62.18,healthy,normal
2025-01-01T06:56:45+00:00,co-3,core_switch,39.65,0.96,44.06,231.54,1.27,35.86,47.8,0.5,59.2,healthy,normal
2025-01-01T06:56:50+00:00,se-4,server,30.72,0.91,23.06,307.02,2.84,49.41,40.51,0.61,52.46,healthy,normal
2025-01-01T06:56:55+00:00,ro-4,router,36.72,0.81,29.85,184.88,2.24,25.88,44.01,0.74,58.83,healthy,normal
2025-01-01T06:57:00+00:00,co-7,core_switch,81.86,2.82,72.29,62.86,17.71,87.0,91.58,7.86,82.97,warning,device_overload
2025-01-01T06:57:05+00:00,ro-5,router,19.79,0.64,35.54,256.83,5.66,17.64,54.52,0.72,52.04,healthy,normal
2025-01-01T06:57:10+00:00,ro-8,router,11.38,0.17,30.07,113.12,1.71,44.64,60.36,0.31,58.62,healthy,normal
2025-01-01T06:57:15+00:00,ro-7,router,218.64,10.25,97.52,62.57,35.09,66.73,70.9,3.17,94.34,warning,congestion
2025-01-01T06:57:20+00:00,co-7,core_switch,10.59,1.1,43.1,288.59,2.3,44.6,55.38,0.36,54.64,healthy,normal
2025-01-01T06:57:25+00:00,se-5,server,131.85,12.98,90.5,108.02,15.38,69.1,70.65,4.59,95.51,warning,congestion
2025-01-01T06:57:30+00:00,da-8,database,168.46,7.66,70.93,61.38,13.78,99.53,95.2,6.34,65.0,warning,device_overload
2025-01-01T06:57:35+00:00,se-5,server,16.88,0.45,18.3,265.51,3.17,29.42,38.84,0.03,51.14,healthy,normal
2025-01-01T06:57:40+00:00,co-4,core_switch,82.39,7.82,76.0,171.67,22.99,96.45,99.71,4.29,50.77,warning,device_overload
2025-01-01T06:57:45+00:00,cl-5,client,131.58,3.96,53.96,122.63,15.11,89.28,88.12,6.34,61.82,warning,device_overload
2025-01-01T06:57:50+00:00,cl-1,client,13.92,1.12,57.69,322.79,1.59,24.34,31.45,0.83,17.39,healthy,normal
2025-01-01T06:57:55+00:00,da-6,database,114.01,4.6,66.92,111.54,22.46,91.2,88.65,1.13,74.97,warning,device_overload
2025-01-01T06:58:00+00:00,se-7,server,37.99,0.26,25.74,159.91,2.38,18.58,46.41,0.08,44.39,healthy,normal
2025-01-01T06:58:05+00:00,se-2,server,378.43,88.89,5.03,6.93,70.47,7.76,13.36,78.52,7.08,offline,device_failure
2025-01-01T06:58:10+00:00,ro-3,router,402.02,87.69,3.08,9.96,43.14,29.45,53.02,39.45,6.68,offline,link_failure
2025-01-01T06:58:15+00:00,da-7,database,371.04,93.25,6.98,6.72,87.91,57.7,38.42,40.74,5.6,offline,link_failure
2025-01-01T06:58:20+00:00,se-3,server,111.55,7.58,74.76,135.39,10.23,98.26,94.41,5.2,46.11,warning,device_overload
2025-01-01T06:58:25+00:00,co-4,core_switch,23.57,0.77,50.13,269.29,2.52,27.17,59.1,0.14,26.41,healthy,normal
2025-01-01T06:58:30+00:00,cl-8,client,24.47,1.05,18.95,259.16,2.1,46.53,64.36,0.49,61.99,healthy,normal
2025-01-01T06:58:35+00:00,se-5,server,16.23,0.37,44.48,304.03,5.84,32.93,29.61,0.46,38.49,healthy,normal
2025-01-01T06:58:40+00:00,ac-5,access_switch,191.24,72.44,3.3,19.33,88.59,55.22,53.05,41.88,12.53,offline,link_failure
2025-01-01T06:58:45+00:00,se-7,server,187.95,4.83,92.71,133.15,35.76,80.96,66.74,4.43,97.52,warning,congestion
2025-01-01T06:58:50+00:00,co-8,core_switch,218.91,12.08,86.31,122.98,12.83,73.79,72.67,3.96,93.27,warning,congestion
2025-01-01T06:58:55+00:00,da-8,database,33.55,1.4,62.52,248.36,5.03,37.49,63.82,0.52,66.38,healthy,normal
2025-01-01T06:59:00+00:00,cl-4,client,101.83,9.04,89.3,801.0,16.08,71.91,50.21,3.84,90.82,warning,traffic_spike
2025-01-01T06:59:05+00:00,cl-3,client,32.89,1.06,30.26,196.96,2.29,26.35,38.14,0.62,25.05,healthy,normal
2025-01-01T06:59:10+00:00,co-6,core_switch,186.74,80.54,8.4,17.68,81.87,57.34,38.53,59.27,15.16,warning,link_failure
2025-01-01T06:59:15+00:00,ac-5,access_switch,359.37,90.17,0.28,4.27,76.37,1.79,4.25,89.76,5.29,offline,device_failure
2025-01-01T06:59:20+00:00,ro-3,router,459.71,91.41,6.76,5.28,48.31,1.47,12.74,60.37,7.35,offline,device_failure
2025-01-01T06:59:25+00:00,da-3,database,121.58,7.07,78.07,160.63,19.71,91.64,96.32,3.22,54.58,warning,device_overload
2025-01-01T06:59:30+00:00,ac-4,access_switch,132.14,3.2,82.59,78.73,9.42,92.79,85.37,6.99,79.26,warning,device_overload
2025-01-01T06:59:35+00:00,cl-1,client,97.95,1.04,81.58,75.27,14.94,86.5,86.7,7.45,74.66,warning,device_overload
2025-01-01T06:59:40+00:00,cl-4,client,24.85,1.31,18.79,195.44,2.41,42.72,42.0,0.89,22.72,healthy,normal
2025-01-01T06:59:45+00:00,da-6,database,318.19,88.47,6.27,1.51,87.9,10.4,0.1,72.89,5.84,offline,device_failure
2025-01-01T06:59:50+00:00,co-5,core_switch,18.56,1.18,45.85,158.39,4.07,52.96,24.01,0.33,49.14,healthy,normal
2025-01-01T06:59:55+00:00,ac-2,access_switch,28.52,0.61,18.09,275.71,2.79,58.96,40.48,0.1,61.21,healthy,normal
2025-01-01T07:00:00+00:00,co-3,core_switch,126.68,6.69,95.11,61.46,31.06,58.79,44.8,1.76,88.5,warning,congestion
2025-01-01T07:00:05+00:00,co-2,core_switch,288.67,94.93,6.82,7.41,74.71,11.12,11.72,84.17,2.26,offline,device_failure
2025-01-01T07:00:10+00:00,co-6,core_switch,11.16,0.21,51.52,281.94,5.0,18.82,61.32,0.05,54.53,healthy,normal
2025-01-01T07:00:15+00:00,da-6,database,117.43,5.7,84.56,82.72,24.46,68.74,78.0,5.74,97.38,warning,congestion
2025-01-01T07:00:20+00:00,cl-5,client,481.7,98.38,6.36,6.73,84.14,7.43,4.27,73.85,5.0,offline,device_failure
2025-01-01T07:00:25+00:00,da-2,database,155.4,6.9,94.3,117.3,29.04,76.51,69.05,1.65,89.87,warning,congestion
2025-01-01T07:00:30+00:00,cl-2,client,128.25,7.53,99.99,468.39,13.85,96.31,50.05,4.66,93.02,warning,traffic_spike
2025-01-01T07:00:35+00:00,da-3,database,128.36,5.25,95.97,616.42,10.91,86.77,73.93,3.27,91.88,warning,traffic_spike
2025-01-01T07:00:40+00:00,se-4,server,23.87,0.55,48.46,257.03,5.86,42.45,29.76,0.89,52.94,healthy,normal
2025-01-01T07:00:45+00:00,cl-6,client,22.12,0.62,52.33,246.15,1.29,49.29,43.57,0.76,61.46,healthy,normal
2025-01-01T07:00:50+00:00,da-5,database,35.72,1.06,22.56,114.78,5.88,35.27,38.13,0.18,48.73,healthy,normal
2025-01-01T07:00:55+00:00,cl-8,client,35.79,0.69,27.29,197.13,3.01,39.66,44.8,0.5,37.72,healthy,normal
2025-01-01T07:01:00+00:00,co-1,core_switch,32.77,1.43,24.41,262.82,3.62,30.51,25.98,0.01,35.97,healthy,normal
2025-01-01T07:01:05+00:00,se-5,server,20.23,0.09,33.01,204.99,4.19,22.47,59.08,0.24,20.98,healthy,normal
2025-01-01T07:01:10+00:00,se-6,server,428.59,92.96,11.96,16.96,62.96,32.74,47.27,21.6,11.95,warning,link_failure
2025-01-01T07:01:15+00:00,da-8,database,31.67,1.27,24.84,137.25,2.88,38.1,37.8,0.22,29.07,healthy,normal
2025-01-01T07:01:20+00:00,co-4,core_switch,104.0,8.55,88.25,742.06,16.35,81.61,69.38,1.39,91.18,warning,traffic_spike
2025-01-01T07:01:25+00:00,co-1,core_switch,100.3,7.5,88.52,607.98,13.18,86.43,50.37,1.35,92.55,warning,traffic_spike
2025-01-01T07:01:30+00:00,ac-7,access_switch,21.41,0.92,35.14,238.46,3.25,26.57,34.72,0.55,32.98,healthy,normal
2025-01-01T07:01:35+00:00,ac-5,access_switch,37.74,1.06,50.89,271.04,4.93,48.97,24.77,0.33,31.65,healthy,normal
2025-01-01T07:01:40+00:00,da-2,database,15.84,0.79,21.4,131.54,3.15,46.36,61.55,0.84,45.35,healthy,normal
2025-01-01T07:01:45+00:00,co-3,core_switch,130.57,3.89,95.49,710.92,21.34,94.71,87.61,1.83,94.38,warning,traffic_spike
2025-01-01T07:01:50+00:00,da-7,database,121.73,2.03,91.34,850.42,24.47,78.23,71.57,4.06,93.04,warning,traffic_spike
2025-01-01T07:01:55+00:00,cl-7,client,32.73,0.1,38.41,230.19,5.13,37.78,64.4,0.01,52.5,healthy,normal
2025-01-01T07:02:00+00:00,da-3,database,21.13,0.25,23.65,310.18,3.87,54.4,40.77,0.22,20.48,healthy,normal
2025-01-01T07:02:05+00:00,se-6,server,36.52,1.26,36.34,306.01,3.02,25.02,26.13,0.61,57.66,healthy,normal
2025-01-01T07:02:10+00:00,co-1,core_switch,251.29,92.76,2.95,3.67,94.26,4.38,13.77,53.12,3.23,warning,device_failure
2025-01-01T07:02:15+00:00,ro-5,router,39.81,1.46,60.73,329.46,2.57,57.97,30.4,0.45,52.54,healthy,normal
2025-01-01T07:02:20+00:00,se-6,server,433.75,98.44,2.62,0.81,66.62,9.69,12.42,85.62,2.91,offline,device_failure
2025-01-01T07:02:25+00:00,ac-8,access_switch,106.23,1.1,53.51,106.68,12.44,91.49,91.16,1.59,63.16,warning,device_overload
2025-01-01T07:02:30+00:00,se-4,server,396.27,99.63,2.81,4.68,67.37,1.85,4.36,46.05,4.8,offline,device_failure
2025-01-01T07:02:35+00:00,ac-2,access_switch,21.03,0.28,42.76,329.83,3.91,27.8,43.68,0.26,40.99,healthy,normal
2025-01-01T07:02:40+00:00,cl-4,client,23.27,1.41,23.44,320.23,5.73,57.44,45.03,0.7,17.35,healthy,normal
2025-01-01T07:02:45+00:00,cl-6,client,11.17,0.49,43.74,262.0,5.86,34.27,56.54,0.6,33.85,healthy,normal
2025-01-01T07:02:50+00:00,cl-1,client,30.09,0.59,42.03,178.58,2.37,50.48,45.74,0.01,42.2,healthy,normal
2025-01-01T07:02:55+00:00,se-7,server,82.53,8.39,88.31,847.46,25.53,74.08,56.42,1.77,95.37,warning,traffic_spike
2025-01-01T07:03:00+00:00,co-3,core_switch,25.98,1.37,63.49,141.18,3.18,33.45,56.9,0.3,37.63,healthy,normal
2025-01-01T07:03:05+00:00,da-1,database,22.09,1.02,57.52,314.93,5.5,37.4,45.77,0.15,55.96,healthy,normal
2025-01-01T07:03:10+00:00,ac-8,access_switch,23.19,1.41,39.6,205.15,2.63,51.08,67.55,0.42,21.15,healthy,normal
2025-01-01T07:03:15+00:00,co-3,core_switch,22.64,1.42,48.98,322.4,5.05,26.49,64.26,0.63,57.35,healthy,normal
2025-01-01T07:03:20+00:00,se-3,server,18.53,0.39,64.29,210.19,2.21,47.3,32.09,0.09,56.59,healthy,normal
2025-01-01T07:03:25+00:00,ro-6,router,165.6,4.35,77.27,185.11,10.91,93.27,96.18,4.44,45.54,warning,device_overload
2025-01-01T07:03:30+00:00,cl-2,client,100.33,6.35,83.78,56.28,10.09,89.48,99.71,5.69,67.91,warning,device_overload
2025-01-01T07:03:35+00:00,da-4,database,27.38,0.58,36.67,198.57,1.75,59.75,48.09,0.54,36.67,healthy,normal
2025-01-01T07:03:40+00:00,ro-1,router,207.15,4.16,92.22,158.33,23.46,58.26,55.86,4.33,95.18,warning,congestion
2025-01-01T07:03:45+00:00,ac-1,access_switch,35.82,1.15,22.59,195.51,2.86,43.62,67.39,0.09,56.58,healthy,normal
2025-01-01T07:03:50+00:00,ac-5,access_switch,26.84,0.29,61.97,129.39,5.01,50.19,65.07,0.26,41.78,healthy,normal
2025-01-01T07:03:55+00:00,da-1,database,20.06,0.98,60.05,329.01,4.34,38.53,55.31,0.32,51.84,healthy,normal
2025-01-01T07:04:00+00:00,cl-1,client,15.42,1.14,29.46,211.16,5.1,39.23,50.33,0.13,44.54,healthy,normal
2025-01-01T07:04:05+00:00,cl-5,client,34.2,1.24,50.25,184.06,5.57,55.75,62.67,0.56,32.78,healthy,normal
2025-01-01T07:04:10+00:00,co-2,core_switch,357.43,88.81,2.91,1.8,46.64,35.87,56.94,48.8,3.07,offline,link_failure
2025-01-01T07:04:15+00:00,cl-7,client,23.59,0.65,20.21,134.31,3.49,18.77,32.6,0.39,45.44,healthy,normal
2025-01-01T07:04:20+00:00,ro-8,router,17.76,1.13,27.34,301.88,5.14,32.82,51.69,0.36,54.73,healthy,normal
2025-01-01T07:04:25+00:00,ro-1,router,35.39,0.49,19.59,265.21,2.21,20.38,61.34,0.14,24.21,healthy,normal
2025-01-01T07:04:30+00:00,se-4,server,258.56,77.44,8.13,10.72,76.46,27.79,66.81,34.52,5.58,warning,link_failure
2025-01-01T07:04:35+00:00,ro-4,router,30.48,0.64,35.85,151.13,3.98,49.49,58.67,0.6,38.35,healthy,normal
2025-01-01T07:04:40+00:00,ac-6,access_switch,22.84,1.2,33.38,277.95,5.43,45.4,26.2,0.36,45.4,healthy,normal
2025-01-01T07:04:45+00:00,ro-1,router,34.5,1.01,36.12,230.81,3.07,28.77,34.02,0.82,66.16,healthy,normal
2025-01-01T07:04:50+00:00,co-5,core_switch,137.78,11.86,91.38,49.23,30.23,49.18,72.98,6.27,95.0,warning,congestion
2025-01-01T07:04:55+00:00,co-7,core_switch,10.6,1.02,21.81,275.08,4.3,52.98,54.15,0.19,24.35,healthy,normal
2025-01-01T07:05:00+00:00,se-8,server,15.11,0.76,38.74,329.63,1.0,18.89,50.16,0.04,32.82,healthy,normal
2025-01-01T07:05:05+00:00,cl-5,client,41.03,0.07,24.85,268.2,2.59,38.73,24.39,0.12,61.42,healthy,normal
2025-01-01T07:05:10+00:00,ro-2,router,180.59,10.3,92.49,68.96,16.16,75.09,73.57,5.74,94.86,warning,congestion
2025-01-01T07:05:15+00:00,ac-8,access_switch,17.48,1.46,52.94,324.68,2.81,57.15,66.73,0.39,53.25,healthy,normal
2025-01-01T07:05:20+00:00,da-4,database,92.9,4.32,91.3,101.34,18.24,63.69,58.31,3.96,97.86,warning,congestion
2025-01-01T07:05:25+00:00,ac-6,access_switch,234.55,94.22,1.67,5.38,46.68,3.19,10.29,53.54,2.79,warning,device_failure
2025-01-01T07:05:30+00:00,co-6,core_switch,30.28,0.81,40.53,165.88,1.31,41.16,34.27,0.49,33.11,healthy,normal
2025-01-01T07:05:35+00:00,se-5,server,33.84,0.89,28.92,302.98,3.51,52.35,60.19,0.82,16.49,healthy,normal
2025-01-01T07:05:40+00:00,ac-4,access_switch,479.93,78.42,15.47,14.16,82.24,54.49,46.22,54.32,7.63,offline,link_failure
2025-01-01T07:05:45+00:00,ro-5,router,15.8,0.06,42.19,242.5,2.94,58.93,36.83,0.74,42.33,healthy,normal
2025-01-01T07:05:50+00:00,ac-4,access_switch,138.42,2.51,75.56,142.12,7.13,96.24,87.47,7.29,54.95,warning,device_overload
2025-01-01T07:05:55+00:00,cl-2,client,39.95,1.03,41.28,118.96,4.86,49.96,66.22,0.59,56.78,healthy,normal
2025-01-01T07:06:00+00:00,ac-5,access_switch,121.3,13.45,92.96,88.18,16.85,54.7,45.87,4.28,93.82,warning,congestion
2025-01-01T07:06:05+00:00,da-3,database,13.09,0.76,27.51,280.44,1.01,38.46,45.14,0.69,35.79,healthy,normal
2025-01-01T07:06:10+00:00,ac-7,access_switch,94.5,15.2,97.38,89.94,31.06,47.31,45.73,3.99,93.72,warning,congestion
2025-01-01T07:06:15+00:00,ac-2,access_switch,10.96,0.6,27.12,138.53,5.5,52.97,42.61,0.84,16.66,healthy,normal
2025-01-01T07:06:20+00:00,ac-8,access_switch,103.86,5.32,98.17,594.26,19.03,80.57,67.49,1.46,98.39,warning,traffic_spike
2025-01-01T07:06:25+00:00,co-2,core_switch,13.56,1.01,25.82,180.74,3.03,31.11,36.09,0.55,64.74,healthy,normal
2025-01-01T07:06:30+00:00,ac-2,access_switch,377.1,92.18,5.98,3.29,56.19,1.9,10.39,86.79,6.32,offline,device_failure
2025-01-01T07:06:35+00:00,da-1,database,100.99,9.33,93.82,443.54,19.84,68.34,56.25,1.52,96.07,warning,traffic_spike
2025-01-01T07:06:40+00:00,se-4,server,14.87,0.74,63.13,138.36,1.79,55.94,45.54,0.28,43.1,healthy,normal
2025-01-01T07:06:45+00:00,ro-3,router,283.18,82.94,16.38,20.15,80.78,40.08,28.04,36.57,2.14,warning,link_failure
2025-01-01T07:06:50+00:00,se-8,server,113.56,1.83,53.1,147.86,16.85,88.78,84.81,6.56,51.12,warning,device_overload
2025-01-01T07:06:55+00:00,se-7,server,444.15,75.12,11.41,13.77,63.96,45.13,57.26,32.62,13.86,offline,link_failure
2025-01-01T07:07:00+00:00,ac-3,access_switch,310.11,91.98,1.0,12.31,84.18,34.98,51.1,52.98,13.44,warning,link_failure
2025-01-01T07:07:05+00:00,cl-4,client,21.99,0.46,58.01,314.44,3.45,29.18,65.01,0.26,59.06,healthy,normal
2025-01-01T07:07:10+00:00,ac-5,access_switch,39.55,0.27,41.28,313.73,4.28,34.51,37.9,0.68,36.29,healthy,normal
2025-01-01T07:07:15+00:00,ro-5,router,225.57,15.99,86.61,116.92,15.38,56.35,45.14,6.17,97.14,warning,congestion
2025-01-01T07:07:20+00:00,co-4,core_switch,420.89,98.98,14.49,20.15,61.23,47.03,39.06,32.89,10.27,offline,link_failure
2025-01-01T07:07:25+00:00,co-1,core_switch,26.67,0.21,39.98,188.44,3.82,40.73,29.62,0.28,66.45,healthy,normal
2025-01-01T07:07:30+00:00,ac-5,access_switch,188.17,13.92,85.77,162.87,14.06,51.21,70.43,2.88,95.45,warning,congestion
2025-01-01T07:07:35+00:00,ro-1,router,102.43,4.57,85.68,77.18,37.94,58.79,74.55,1.39,95.3,warning,congestion
2025-01-01T07:07:40+00:00,co-6,core_switch,22.98,0.38,28.29,201.27,1.6,42.43,30.87,0.89,16.98,healthy,normal
2025-01-01T07:07:45+00:00,ac-5,access_switch,21.75,0.62,48.21,250.22,4.87,17.42,32.34,0.87,37.87,healthy,normal
2025-01-01T07:07:50+00:00,ro-6,router,41.09,1.32,40.73,323.65,2.01,37.84,47.25,0.65,66.13,healthy,normal
2025-01-01T07:07:55+00:00,se-4,server,317.68,99.31,10.46,18.49,80.56,50.99,69.86,35.77,16.8,offline,link_failure
2025-01-01T07:08:00+00:00,da-2,database,139.13,6.02,63.9,165.77,8.29,93.84,96.83,7.41,66.71,warning,device_overload
2025-01-01T07:08:05+00:00,da-2,database,26.91,1.35,24.53,242.45,3.23,27.03,46.15,0.42,44.9,healthy,normal
2025-01-01T07:08:10+00:00,ac-7,access_switch,41.58,1.32,53.79,112.11,1.05,15.84,63.77,0.64,18.64,healthy,normal
2025-01-01T07:08:15+00:00,ac-1,access_switch,147.96,7.94,90.37,84.1,27.38,74.97,48.97,3.67,86.06,warning,congestion
2025-01-01T07:08:20+00:00,se-2,server,219.31,7.63,97.39,116.58,13.41,74.24,58.56,2.76,89.04,warning,congestion
2025-01-01T07:08:25+00:00,da-7,database,221.36,78.64,15.92,21.54,58.3,64.98,70.66,37.72,0.32,warning,link_failure
2025-01-01T07:08:30+00:00,se-3,server,41.94,0.19,36.22,145.72,2.02,21.03,67.36,0.89,27.07,healthy,normal
2025-01-01T07:08:35+00:00,ro-5,router,32.89,1.23,38.55,116.85,4.47,37.52,67.98,0.9,20.7,healthy,normal
2025-01-01T07:08:40+00:00,co-2,core_switch,170.27,12.25,92.24,64.97,27.34,52.1,54.57,4.03,95.43,warning,congestion
2025-01-01T07:08:45+00:00,cl-5,client,24.29,1.38,58.5,226.48,1.54,29.91,51.26,0.11,42.08,healthy,normal
2025-01-01T07:08:50+00:00,cl-4,client,115.94,5.45,91.36,65.7,15.38,64.2,65.15,2.35,88.56,warning,congestion
2025-01-01T07:08:55+00:00,se-6,server,95.21,6.44,80.27,118.76,12.96,90.46,96.89,1.19,84.84,warning,device_overload
2025-01-01T07:09:00+00:00,se-6,server,100.47,2.28,84.21,179.33,13.74,97.68,84.65,4.34,79.25,warning,device_overload
2025-01-01T07:09:05+00:00,cl-5,client,28.68,1.42,31.04,133.13,4.39,53.92,44.77,0.5,41.74,healthy,normal
2025-01-01T07:09:10+00:00,ac-4,access_switch,32.03,1.37,18.03,293.39,5.75,48.79,37.37,0.45,29.66,healthy,normal
2025-01-01T07:09:15+00:00,ac-4,access_switch,24.91,0.68,25.81,197.23,5.53,40.9,39.19,0.41,28.3,healthy,normal
2025-01-01T07:09:20+00:00,se-2,server,15.23,0.24,60.67,179.18,1.18,44.21,52.03,0.22,46.07,healthy,normal
2025-01-01T07:09:25+00:00,ro-1,router,107.18,8.21,99.9,782.06,18.22,75.07,61.86,4.71,91.34,warning,traffic_spike
2025-01-01T07:09:30+00:00,ro-6,router,17.55,1.49,51.2,213.88,5.68,44.86,25.55,0.18,59.81,healthy,normal
2025-01-01T07:09:35+00:00,da-7,database,36.67,0.84,24.12,294.06,5.51,32.11,29.56,0.36,15.33,healthy,normal
2025-01-01T07:09:40+00:00,da-4,database,213.5,97.42,6.48,7.2,59.06,32.82,26.21,21.71,13.31,offline,link_failure
2025-01-01T07:09:45+00:00,ro-6,router,127.32,5.24,61.37,63.19,21.95,91.88,96.54,2.13,87.05,warning,device_overload
2025-01-01T07:09:50+00:00,ro-1,router,114.11,2.32,99.86,723.61,17.71,71.15,85.59,3.33,92.45,warning,traffic_spike
2025-01-01T07:09:55+00:00,ro-8,router,25.45,1.12,18.29,245.34,3.53,36.3,43.42,0.59,18.9,healthy,normal
2025-01-01T07:10:00+00:00,ro-6,router,144.82,3.03,82.78,155.97,13.74,89.0,87.9,5.49,67.73,warning,device_overload
2025-01-01T07:10:05+00:00,co-7,core_switch,207.42,14.02,99.44,45.27,23.83,76.39,72.61,4.31,91.81,warning,congestion
2025-01-01T07:10:10+00:00,da-8,database,399.09,85.71,2.11,16.18,62.51,40.69,33.79,54.83,3.48,offline,link_failure
2025-01-01T07:10:15+00:00,ac-6,access_switch,155.46,6.8,61.27,142.78,13.07,98.04,88.03,6.2,53.45,warning,device_overload
2025-01-01T07:10:20+00:00,cl-4,client,39.82,0.25,37.17,198.4,0.91,44.29,45.48,0.55,41.06,healthy,normal
2025-01-01T07:10:25+00:00,ro-5,router,32.83,1.09,19.36,298.6,4.45,46.41,31.81,0.36,52.54,healthy,normal
2025-01-01T07:10:30+00:00,ro-3,router,148.16,13.09,97.83,135.77,33.67,73.34,43.96,1.45,87.5,warning,congestion
2025-01-01T07:10:35+00:00,co-7,core_switch,83.39,8.27,89.02,813.99,17.25,85.45,74.52,1.33,94.68,warning,traffic_spike
2025-01-01T07:10:40+00:00,co-7,core_switch,27.0,0.19,18.82,261.94,1.57,29.73,42.73,0.04,48.03,healthy,normal
2025-01-01T07:10:45+00:00,ro-3,router,218.09,6.93,83.28,67.62,25.68,75.52,62.21,1.37,97.55,warning,congestion
2025-01-01T07:10:50+00:00,co-2,core_switch,75.66,5.38,74.86,157.3,19.67,91.81,99.11,7.65,49.09,warning,device_overload
2025-01-01T07:10:55+00:00,se-5,server,20.64,1.36,20.21,186.56,1.07,41.51,49.37,0.06,47.69,healthy,normal
2025-01-01T07:11:00+00:00,ac-1,access_switch,26.34,0.56,23.8,323.77,1.13,54.46,65.47,0.29,49.54,healthy,normal
2025-01-01T07:11:05+00:00,co-3,core_switch,33.21,0.52,57.44,134.98,1.67,37.66,58.2,0.84,18.12,healthy,normal
2025-01-01T07:11:10+00:00,se-8,server,201.3,6.34,83.93,103.05,26.5,61.24,63.22,2.71,99.36,warning,congestion
2025-01-01T07:11:15+00:00,ro-2,router,11.01,0.55,32.24,166.28,4.46,37.58,67.98,0.71,31.54,healthy,normal
2025-01-01T07:11:20+00:00,ro-6,router,27.78,1.19,31.9,269.01,2.56,41.83,59.93,0.42,60.55,healthy,normal
2025-01-01T07:11:25+00:00,cl-3,client,82.11,8.94,95.37,732.66,9.12,73.5,58.72,1.37,97.32,warning,traffic_spike
2025-01-01T07:11:30+00:00,se-2,server,448.12,87.42,7.83,10.12,85.12,36.97,64.54,57.96,17.74,warning,link_failure
2025-01-01T07:11:35+00:00,cl-6,client,102.47,4.64,94.63,479.17,15.42,81.51,53.22,4.92,94.43,warning,traffic_spike
2025-01-01T07:11:40+00:00,se-7,server,41.9,0.65,24.19,310.38,1.17,53.29,55.23,0.09,16.75,healthy,normal
2025-01-01T07:11:45+00:00,ro-4,router,10.67,0.31,51.09,186.76,3.72,38.8,61.81,0.06,47.37,healthy,normal
2025-01-01T07:11:50+00:00,da-1,database,55.84,5.74,98.35,847.64,15.68,71.49,83.6,3.22,90.62,warning,traffic_spike
2025-01-01T07:11:55+00:00,co-5,core_switch,188.55,7.93,84.03,97.04,37.09,48.68,52.77,2.83,96.68,warning,congestion
2025-01-01T07:12:00+00:00,se-3,server,22.8,0.26,54.26,241.31,2.59,41.33,54.65,0.1,57.87,healthy,normal
2025-01-01T07:12:05+00:00,co-4,core_switch,125.5,12.41,93.47,79.55,14.07,78.89,74.46,4.44,97.82,warning,congestion
2025-01-01T07:12:10+00:00,se-8,server,114.16,5.75,48.56,104.88,16.88,99.49,94.35,1.82,79.81,warning,device_overload
2025-01-01T07:12:15+00:00,ro-4,router,13.34,0.36,63.5,310.57,4.3,37.17,43.57,0.72,43.13,healthy,normal
2025-01-01T07:12:20+00:00,se-3,server,125.74,2.69,67.97,179.56,14.21,92.61,97.11,4.88,47.09,warning,device_overload
2025-01-01T07:12:25+00:00,da-7,database,463.26,89.74,0.57,23.93,46.31,51.72,56.33,20.17,15.91,offline,link_failure
2025-01-01T07:12:30+00:00,se-1,server,482.78,98.78,8.14,5.93,85.38,10.34,7.29,76.28,3.64,offline,device_failure
2025-01-01T07:12:35+00:00,da-5,database,10.82,0.99,30.37,135.31,0.94,59.99,60.17,0.37,50.31,healthy,normal
2025-01-01T07:12:40+00:00,se-8,server,144.89,3.53,93.98,740.22,23.22,68.97,82.14,1.98,92.24,warning,traffic_spike
2025-01-01T07:12:45+00:00,ro-3,router,319.02,98.18,5.27,3.42,69.65,3.1,5.22,77.71,0.37,warning,device_failure
2025-01-01T07:12:50+00:00,co-8,core_switch,41.05,1.13,52.31,266.07,5.16,20.41,39.16,0.34,17.69,healthy,normal
2025-01-01T07:12:55+00:00,ro-1,router,232.88,91.08,5.15,7.13,53.19,6.45,11.57,39.5,0.28,warning,device_failure
2025-01-01T07:13:00+00:00,ro-3,router,301.36,95.97,1.06,15.82,70.78,39.15,47.18,36.42,14.59,offline,link_failure
2025-01-01T07:13:05+00:00,se-2,server,33.36,0.76,59.6,282.75,3.13,31.53,59.51,0.39,45.96,healthy,normal
2025-01-01T07:13:10+00:00,ac-8,access_switch,35.69,0.97,45.39,239.68,1.57,55.0,33.26,0.57,20.64,healthy,normal
2025-01-01T07:13:15+00:00,cl-2,client,35.81,0.77,21.68,160.18,5.2,18.19,51.23,0.53,25.25,healthy,normal
2025-01-01T07:13:20+00:00,se-8,server,475.47,82.09,21.5,2.06,76.95,59.88,63.54,56.16,15.01,offline,link_failure
2025-01-01T07:13:25+00:00,se-2,server,113.51,5.61,89.59,604.13,21.78,94.76,63.08,1.7,91.96,warning,traffic_spike
2025-01-01T07:13:30+00:00,cl-8,client,40.61,0.24,57.33,202.18,5.74,50.29,66.09,0.24,49.4,healthy,normal
2025-01-01T07:13:35+00:00,ac-1,access_switch,15.86,0.78,33.74,324.88,2.43,41.75,27.74,0.46,38.53,healthy,normal
2025-01-01T07:13:40+00:00,se-7,server,33.29,0.37,41.02,110.22,1.81,48.32,27.02,0.38,42.03,healthy,normal
2025-01-01T07:13:45+00:00,ro-8,router,40.77,0.31,52.5,196.42,5.42,25.5,24.15,0.11,65.14,healthy,normal
2025-01-01T07:13:50+00:00,da-8,database,405.01,89.6,5.72,3.56,49.95,7.33,9.51,52.07,4.28,warning,device_failure
2025-01-01T07:13:55+00:00,cl-7,client,11.4,0.33,19.05,247.49,5.6,20.92,40.0,0.07,21.41,healthy,normal
2025-01-01T07:14:00+00:00,se-2,server,27.44,0.21,36.35,139.58,5.3,20.26,24.41,0.48,36.28,healthy,normal
2025-01-01T07:14:05+00:00,se-7,server,328.87,91.0,2.83,5.09,90.71,6.95,9.02,46.83,3.54,offline,device_failure
2025-01-01T07:14:10+00:00,se-4,server,146.52,8.36,91.43,49.58,33.41,71.0,52.78,4.31,97.91,warning,congestion
2025-01-01T07:14:15+00:00,ac-2,access_switch,20.29,0.71,58.75,273.3,4.28,20.45,34.91,0.83,18.4,healthy,normal
2025-01-01T07:14:20+00:00,ro-4,router,107.44,5.03,99.01,823.31,25.42,94.59,56.42,4.1,91.6,warning,traffic_spike
2025-01-01T07:14:25+00:00,se-3,server,15.72,0.02,56.07,128.53,5.59,18.45,65.66,0.02,48.37,healthy,normal
2025-01-01T07:14:30+00:00,se-7,server,26.62,1.29,31.51,243.83,3.94,37.26,33.05,0.43,29.52,healthy,normal
2025-01-01T07:14:35+00:00,co-5,core_switch,20.62,0.17,61.62,309.73,5.75,31.45,48.89,0.84,43.08,healthy,normal
2025-01-01T07:14:40+00:00,se-7,server,11.36,0.1,52.36,307.93,1.28,37.5,45.39,0.35,45.47,healthy,normal
2025-01-01T07:14:45+00:00,ac-5,access_switch,82.9,7.17,94.73,715.46,12.26,92.94,60.34,0.68,90.11,warning,traffic_spike
2025-01-01T07:14:50+00:00,cl-6,client,41.0,1.41,52.0,169.65,5.88,57.75,31.27,0.03,27.06,healthy,normal
2025-01-01T07:14:55+00:00,se-1,server,103.31,5.05,94.73,562.28,12.9,87.03,68.01,2.47,96.93,warning,traffic_spike
2025-01-01T07:15:00+00:00,co-3,core_switch,139.62,6.54,94.44,712.99,19.02,89.04,62.94,3.08,93.63,warning,traffic_spike
2025-01-01T07:15:05+00:00,ro-5,router,159.35,7.31,97.04,128.74,35.05,49.27,73.23,4.13,97.77,warning,congestion
2025-01-01T07:15:10+00:00,se-1,server,306.8,93.03,13.24,12.96,45.92,30.73,28.43,54.23,7.13,offline,link_failure
2025-01-01T07:15:15+00:00,ro-8,router,15.38,0.84,19.72,138.1,2.85,32.98,37.5,0.31,35.27,healthy,normal
2025-01-01T07:15:20+00:00,ac-1,access_switch,146.86,4.33,83.97,165.77,7.98,99.77,85.15,3.56,46.06,warning,device_overload
2025-01-01T07:15:25+00:00,co-6,core_switch,150.23,5.38,84.59,164.42,36.49,45.88,72.22,5.39,89.36,warning,congestion
2025-01-01T07:15:30+00:00,da-8,database,108.77,3.08,94.47,841.96,11.37,71.73,55.86,1.58,96.72,warning,traffic_spike
2025-01-01T07:15:35+00:00,ro-8,router,263.39,90.28,1.0,18.79,45.12,53.92,43.17,44.15,13.09,offline,link_failure
2025-01-01T07:15:40+00:00,co-4,core_switch,31.14,0.58,62.99,248.87,1.91,31.97,66.51,0.53,29.22,healthy,normal
2025-01-01T07:15:45+00:00,se-3,server,37.45,0.24,37.92,315.09,1.58,53.89,52.23,0.2,53.82,healthy,normal
2025-01-01T07:15:50+00:00,se-1,server,34.74,1.39,49.6,149.65,1.58,35.05,40.52,0.45,61.26,healthy,normal
2025-01-01T07:15:55+00:00,ac-4,access_switch,82.47,4.18,98.89,831.74,12.38,86.69,80.59,4.11,96.95,warning,traffic_spike
2025-01-01T07:16:00+00:00,da-3,database,266.69,97.48,14.51,6.72,78.75,27.68,45.55,30.19,14.59,offline,link_failure
2025-01-01T07:16:05+00:00,co-3,core_switch,26.41,0.76,25.0,277.37,1.95,37.05,35.52,0.49,57.52,healthy,normal
2025-01-01T07:16:10+00:00,da-4,database,340.03,93.27,3.68,0.66,96.67,4.12,10.78,67.67,2.27,warning,device_failure
2025-01-01T07:16:15+00:00,co-8,core_switch,456.42,85.7,9.42,4.52,77.53,29.19,62.65,43.98,3.65,offline,link_failure
2025-01-01T07:16:20+00:00,ac-8,access_switch,133.36,6.95,79.64,121.5,12.44,89.25,93.51,7.85,48.28,warning,device_overload
2025-01-01T07:16:25+00:00,se-2,server,269.17,99.01,2.52,7.5,83.21,7.38,6.23,54.36,3.55,warning,device_failure
2025-01-01T07:16:30+00:00,ro-8,router,13.0,0.93,22.08,228.78,5.52,50.52,33.97,0.33,23.68,healthy,normal
2025-01-01T07:16:35+00:00,ac-6,access_switch,61.97,2.44,75.49,96.19,19.17,86.77,95.69,6.1,48.58,warning,device_overload
2025-01-01T07:16:40+00:00,se-4,server,128.96,3.11,99.22,741.17,10.56,68.96,87.1,2.55,99.64,warning,traffic_spike
2025-01-01T07:16:45+00:00,co-3,core_switch,176.46,13.3,83.67,143.91,26.01,68.29,73.36,4.34,96.44,warning,congestion
2025-01-01T07:16:50+00:00,co-1,core_switch,34.0,0.02,47.26,200.89,2.28,58.28,41.93,0.21,45.94,healthy,normal
2025-01-01T07:16:55+00:00,se-6,server,169.72,4.92,48.94,77.82,16.11,90.65,96.5,1.57,86.72,warning,device_overload
2025-01-01T07:17:00+00:00,da-5,database,28.62,0.31,58.44,180.36,5.04,26.02,65.08,0.33,21.68,healthy,normal
2025-01-01T07:17:05+00:00,da-7,database,237.34,91.24,2.76,16.72,34.91,30.91,69.1,20.59,7.13,warning,link_failure
2025-01-01T07:17:10+00:00,co-4,core_switch,15.49,0.9,62.7,310.98,5.82,18.19,28.3,0.5,34.77,healthy,normal
2025-01-01T07:17:15+00:00,ro-2,router,85.51,9.96,92.62,836.16,23.5,92.66,85.13,4.09,96.05,warning,traffic_spike
2025-01-01T07:17:20+00:00,da-7,database,34.86,1.39,45.96,233.52,3.05,15.85,47.19,0.0,38.68,healthy,normal
2025-01-01T07:17:25+00:00,co-7,core_switch,11.28,0.02,42.83,279.89,3.56,53.65,53.04,0.82,19.21,healthy,normal
2025-01-01T07:17:30+00:00,ac-8,access_switch,88.19,7.17,78.06,185.54,10.4,93.25,94.33,5.2,49.34,warning,device_overload
2025-01-01T07:17:35+00:00,cl-1,client,19.95,1.32,30.8,220.63,5.13,21.52,56.46,0.11,16.73,healthy,normal
2025-01-01T07:17:40+00:00,cl-8,client,14.74,1.48,44.26,248.85,1.88,38.92,27.02,0.76,57.51,healthy,normal
2025-01-01T07:17:45+00:00,ro-6,router,34.23,0.01,37.5,120.36,4.68,37.06,46.65,0.51,50.17,healthy,normal
2025-01-01T07:17:50+00:00,cl-3,client,32.39,0.87,49.64,319.27,5.13,33.24,63.98,0.6,27.54,healthy,normal
2025-01-01T07:17:55+00:00,ro-5,router,85.07,2.61,96.73,817.09,22.18,76.35,55.11,1.47,93.27,warning,traffic_spike
2025-01-01T07:18:00+00:00,co-5,core_switch,469.95,93.78,6.94,5.15,64.03,5.78,5.29,43.39,1.83,offline,device_failure
2025-01-01T07:18:05+00:00,se-6,server,11.26,0.99,60.64,289.93,5.59,38.16,27.66,0.84,55.54,healthy,normal
2025-01-01T07:18:10+00:00,ac-4,access_switch,144.32,2.07,99.87,625.14,16.73,83.37,85.95,4.03,97.11,warning,traffic_spike
2025-01-01T07:18:15+00:00,ro-8,router,16.4,0.24,57.51,254.67,3.3,39.54,47.35,0.36,46.19,healthy,normal
2025-01-01T07:18:20+00:00,ro-2,router,36.32,1.18,46.89,229.95,0.83,40.6,60.24,0.5,21.58,healthy,normal
2025-01-01T07:18:25+00:00,co-4,core_switch,115.98,8.83,98.27,915.25,18.6,72.09,60.4,4.39,96.57,warning,traffic_spike
2025-01-01T07:18:30+00:00,ac-3,access_switch,14.61,0.45,18.78,166.88,2.23,51.01,32.46,0.0,34.81,healthy,normal
2025-01-01T07:18:35+00:00,ac-8,access_switch,24.46,0.02,53.95,133.77,4.12,31.07,29.47,0.23,30.69,healthy,normal
2025-01-01T07:18:40+00:00,da-5,database,17.5,0.93,57.14,315.03,5.39,46.41,48.95,0.22,20.21,healthy,normal
2025-01-01T07:18:45+00:00,ac-7,access_switch,147.63,10.2,96.02,59.5,33.59,69.6,68.33,3.85,96.4,warning,congestion
2025-01-01T07:18:50+00:00,cl-2,client,24.25,1.32,49.18,328.55,4.45,20.15,36.33,0.86,56.47,healthy,normal
2025-01-01T07:18:55+00:00,cl-6,client,35.14,0.88,35.77,176.46,3.02,22.09,43.05,0.54,61.36,healthy,normal
2025-01-01T07:19:00+00:00,co-3,core_switch,97.58,9.53,96.38,631.19,27.5,76.33,77.18,1.32,97.14,warning,traffic_spike
2025-01-01T07:19:05+00:00,se-5,server,309.63,93.43,5.58,1.37,47.63,2.3,9.28,63.14,2.9,offline,device_failure
2025-01-01T07:19:10+00:00,co-2,core_switch,76.11,3.03,91.17,859.82,8.92,76.63,78.41,1.52,98.76,warning,traffic_spike
2025-01-01T07:19:15+00:00,cl-8,client,30.36,1.47,56.06,291.61,1.5,50.79,44.0,0.5,61.14,healthy,normal
2025-01-01T07:19:20+00:00,ro-1,router,281.92,91.22,2.01,7.36,71.72,6.77,0.25,36.54,0.74,warning,device_failure
2025-01-01T07:19:25+00:00,ac-4,access_switch,71.24,6.02,91.71,849.35,20.24,79.11,50.37,4.11,98.34,warning,traffic_spike
2025-01-01T07:19:30+00:00,da-2,database,11.63,0.3,46.0,190.58,2.23,39.45,43.0,0.4,52.98,healthy,normal
2025-01-01T07:19:35+00:00,se-3,server,30.36,1.19,63.27,256.35,5.88,47.08,38.19,0.36,19.44,healthy,normal
2025-01-01T07:19:40+00:00,ac-5,access_switch,137.27,8.73,93.79,563.56,23.7,69.94,61.53,2.13,92.36,warning,traffic_spike
2025-01-01T07:19:45+00:00,da-8,database,35.52,1.15,18.29,226.54,2.21,30.56,41.9,0.54,56.89,healthy,normal
2025-01-01T07:19:50+00:00,se-4,server,136.85,4.6,71.2,80.14,21.2,97.64,99.13,7.63,86.69,warning,device_overload
2025-01-01T07:19:55+00:00,se-1,server,170.83,2.08,53.26,186.92,7.9,94.93,84.62,4.49,64.16,warning,device_overload
2025-01-01T07:20:00+00:00,se-7,server,36.47,0.07,22.26,293.59,4.14,34.59,43.75,0.55,28.97,healthy,normal
2025-01-01T07:20:05+00:00,se-1,server,11.42,0.5,53.65,272.68,3.84,27.54,67.14,0.88,28.95,healthy,normal
2025-01-01T07:20:10+00:00,ro-7,router,69.82,5.32,52.47,130.52,16.75,93.86,86.43,5.59,50.99,warning,device_overload
2025-01-01T07:20:15+00:00,ac-8,access_switch,38.42,1.32,23.04,310.56,4.54,59.87,66.12,0.04,47.95,healthy,normal
2025-01-01T07:20:20+00:00,se-7,server,62.88,3.91,55.63,133.58,8.41,96.58,98.03,1.55,62.89,warning,device_overload
2025-01-01T07:20:25+00:00,co-4,core_switch,17.95,0.3,33.17,285.17,3.58,27.09,33.66,0.16,54.51,healthy,normal
2025-01-01T07:20:30+00:00,ac-6,access_switch,35.08,0.14,32.19,324.19,2.96,19.32,38.45,0.14,41.23,healthy,normal
2025-01-01T07:20:35+00:00,ac-2,access_switch,137.44,9.6,94.08,42.37,24.65,75.6,51.08,1.57,95.15,warning,congestion
2025-01-01T07:20:40+00:00,cl-1,client,93.12,7.35,99.91,908.92,9.98,78.32,82.52,2.27,91.55,warning,traffic_spike
2025-01-01T07:20:45+00:00,cl-3,client,169.34,2.86,67.0,175.45,14.01,90.37,84.82,3.87,60.02,warning,device_overload
2025-01-01T07:20:50+00:00,ac-1,access_switch,41.35,1.21,54.44,254.9,1.75,20.09,49.04,0.41,38.18,healthy,normal
2025-01-01T07:20:55+00:00,cl-8,client,182.1,80.69,12.25,15.91,34.92,35.36,28.26,33.97,7.41,offline,link_failure
2025-01-01T07:21:00+00:00,da-6,database,12.06,1.27,21.12,284.25,5.3,37.59,51.71,0.16,62.17,healthy,normal
2025-01-01T07:21:05+00:00,ac-3,access_switch,423.91,97.79,14.58,11.98,53.07,41.9,41.16,25.5,7.6,warning,link_failure
2025-01-01T07:21:10+00:00,da-5,database,215.43,10.48,93.9,74.65,21.78,78.6,66.69,6.77,97.46,warning,congestion
2025-01-01T07:21:15+00:00,cl-8,client,466.38,75.84,2.06,2.44,37.46,26.03,70.61,47.45,17.6,warning,link_failure
2025-01-01T07:21:20+00:00,da-5,database,12.16,1.5,62.95,249.31,4.55,22.58,51.73,0.69,25.94,healthy,normal
2025-01-01T07:21:25+00:00,cl-5,client,307.2,85.05,1.52,12.26,67.43,62.48,68.69,24.88,10.61,warning,link_failure
2025-01-01T07:21:30+00:00,ac-3,access_switch,14.29,1.39,28.26,319.35,2.42,23.33,33.89,0.07,60.37,healthy,normal
2025-01-01T07:21:35+00:00,da-8,database,30.16,1.31,18.4,301.69,4.61,45.91,57.8,0.6,63.93,healthy,normal
2025-01-01T07:21:40+00:00,ro-3,router,56.56,7.29,91.77,542.7,14.84,91.81,59.29,3.69,99.05,warning,traffic_spike
2025-01-01T07:21:45+00:00,cl-2,client,39.74,1.25,49.23,234.01,3.59,46.33,64.51,0.24,18.99,healthy,normal
2025-01-01T07:21:50+00:00,da-2,database,18.41,1.49,39.2,293.29,1.73,24.76,62.59,0.53,17.71,healthy,normal
2025-01-01T07:21:55+00:00,da-8,database,198.25,93.79,14.01,14.36,67.6,28.87,60.28,26.65,4.89,offline,link_failure
2025-01-01T07:22:00+00:00,se-3,server,36.97,1.4,22.13,201.4,4.93,57.17,44.43,0.87,62.61,healthy,normal
2025-01-01T07:22:05+00:00,da-8,database,38.26,0.94,48.14,117.04,3.35,18.34,65.15,0.5,66.38,healthy,normal
2025-01-01T07:22:10+00:00,ac-1,access_switch,31.25,0.64,59.55,161.33,5.87,56.74,26.21,0.14,50.5,healthy,normal
2025-01-01T07:22:15+00:00,se-2,server,24.55,1.2,38.91,161.49,3.98,40.48,38.57,0.79,50.31,healthy,normal
2025-01-01T07:22:20+00:00,cl-7,client,70.81,1.51,61.29,124.82,21.14,96.88,98.41,5.56,49.97,warning,device_overload
2025-01-01T07:22:25+00:00,co-4,core_switch,11.65,0.04,31.87,317.95,3.95,22.05,49.6,0.37,60.16,healthy,normal
2025-01-01T07:22:30+00:00,se-2,server,106.88,3.88,49.99,127.29,14.41,96.45,85.5,1.14,69.66,warning,device_overload
2025-01-01T07:22:35+00:00,se-4,server,24.18,1.37,38.52,180.75,4.28,51.11,63.22,0.55,66.23,healthy,normal
2025-01-01T07:22:40+00:00,co-1,core_switch,16.11,0.1,28.79,202.01,2.43,35.88,66.88,0.88,62.28,healthy,normal
2025-01-01T07:22:45+00:00,cl-4,client,134.6,2.04,64.4,101.51,16.43,96.0,90.37,2.34,71.34,warning,device_overload
2025-01-01T07:22:50+00:00,co-2,core_switch,32.33,0.11,61.68,116.67,3.91,42.17,31.69,0.78,42.41,healthy,normal
2025-01-01T07:22:55+00:00,ac-7,access_switch,63.46,7.47,89.16,523.13,14.53,83.6,67.27,4.4,90.86,warning,traffic_spike
2025-01-01T07:23:00+00:00,ro-3,router,60.21,7.48,96.62,842.28,19.61,83.34,73.1,3.24,99.19,warning,traffic_spike
2025-01-01T07:23:05+00:00,cl-5,client,20.31,0.49,30.95,196.01,5.63,42.89,40.91,0.74,61.36,healthy,normal
2025-01-01T07:23:10+00:00,ro-8,router,249.92,77.51,17.16,16.37,80.33,41.53,60.38,21.61,1.26,warning,link_failure
2025-01-01T07:23:15+00:00,da-1,database,40.1,1.18,41.27,302.68,1.98,49.69,47.16,0.37,30.11,healthy,normal
2025-01-01T07:23:20+00:00,ac-6,access_switch,489.9,93.38,8.92,0.53,93.97,11.2,13.88,82.64,7.64,offline,device_failure
2025-01-01T07:23:25+00:00,se-5,server,208.0,6.19,88.42,161.53,19.11,67.03,44.26,7.0,90.9,warning,congestion
2025-01-01T07:23:30+00:00,cl-7,client,99.69,6.47,77.77,131.61,11.41,89.52,85.05,7.44,82.93,warning,device_overload
2025-01-01T07:23:35+00:00,se-7,server,161.32,14.28,98.74,146.11,23.56,50.91,51.22,6.09,88.37,warning,congestion
2025-01-01T07:23:40+00:00,cl-3,client,124.79,13.76,85.35,44.21,25.56,66.6,75.9,1.44,88.27,warning,congestion
2025-01-01T07:23:45+00:00,da-5,database,72.51,5.52,99.65,916.63,27.66,71.21,55.64,4.49,92.47,warning,traffic_spike
2025-01-01T07:23:50+00:00,ac-3,access_switch,31.53,0.88,20.9,235.06,1.01,34.88,45.25,0.65,47.44,healthy,normal
2025-01-01T07:23:55+00:00,da-3,database,138.42,3.62,91.55,611.35,9.94,68.18,77.2,4.49,98.38,warning,traffic_spike
2025-01-01T07:24:00+00:00,cl-3,client,38.39,0.93,21.44,201.1,5.29,25.05,37.14,0.41,43.98,healthy,normal
2025-01-01T07:24:05+00:00,se-3,server,29.46,0.71,53.05,195.64,3.96,56.13,54.58,0.42,21.13,healthy,normal
2025-01-01T07:24:10+00:00,se-3,server,201.99,88.41,14.95,3.27,66.22,21.26,62.77,38.2,9.23,offline,link_failure
2025-01-01T07:24:15+00:00,se-5,server,15.69,0.75,29.66,190.47,3.1,32.42,53.74,0.33,59.29,healthy,normal
2025-01-01T07:24:20+00:00,ro-2,router,12.73,0.32,31.55,244.65,2.43,32.22,36.06,0.37,64.56,healthy,normal
2025-01-01T07:24:25+00:00,co-2,core_switch,16.58,1.36,23.19,274.02,5.65,18.5,42.48,0.17,60.68,healthy,normal
2025-01-01T07:24:30+00:00,cl-3,client,111.04,2.27,91.5,640.98,25.1,97.13,64.67,4.65,94.42,warning,traffic_spike
2025-01-01T07:24:35+00:00,se-3,server,19.21,1.17,61.7,290.91,4.74,19.89,45.02,0.56,40.13,healthy,normal
2025-01-01T07:24:40+00:00,se-1,server,342.21,79.11,1.79,22.4,89.34,42.06,57.73,23.25,13.23,offline,link_failure
2025-01-01T07:24:45+00:00,ac-1,access_switch,24.9,1.1,27.61,276.69,1.23,59.98,34.51,0.03,17.95,healthy,normal
2025-01-01T07:24:50+00:00,se-3,server,456.7,90.33,1.72,4.05,50.25,10.11,10.31,66.98,6.53,offline,device_failure
2025-01-01T07:24:55+00:00,ro-2,router,199.45,6.55,91.07,168.79,22.08,74.53,69.88,5.22,92.41,warning,congestion
2025-01-01T07:25:00+00:00,se-7,server,35.18,0.89,42.64,193.77,2.89,37.04,57.34,0.06,56.34,healthy,normal
2025-01-01T07:25:05+00:00,cl-6,client,28.58,0.06,38.92,315.01,5.95,55.99,67.94,0.12,18.81,healthy,normal
2025-01-01T07:25:10+00:00,co-6,core_switch,217.0,89.39,9.77,15.62,31.14,57.97,60.47,40.64,1.97,warning,link_failure
2025-01-01T07:25:15+00:00,co-5,core_switch,40.84,0.93,44.05,166.96,3.04,38.38,56.34,0.74,41.01,healthy,normal
2025-01-01T07:25:20+00:00,ac-5,access_switch,27.34,1.39,48.57,138.17,2.92,20.7,40.61,0.74,60.57,healthy,normal
2025-01-01T07:25:25+00:00,ro-5,router,18.52,1.02,63.77,220.48,3.32,55.84,54.38,0.47,59.63,healthy,normal
2025-01-01T07:25:30+00:00,co-8,core_switch,165.44,5.18,95.4,129.36,27.49,53.65,67.85,4.38,93.88,warning,congestion
2025-01-01T07:25:35+00:00,cl-4,client,145.87,9.05,96.93,60.64,20.22,47.99,68.23,5.24,91.47,warning,congestion
2025-01-01T07:25:40+00:00,da-2,database,120.15,6.22,89.81,668.71,15.55,95.35,57.26,3.05,95.6,warning,traffic_spike
2025-01-01T07:25:45+00:00,se-7,server,32.89,0.94,28.73,286.3,2.99,53.07,37.51,0.88,37.65,healthy,normal
2025-01-01T07:25:50+00:00,se-8,server,16.77,0.13,61.45,290.42,2.57,21.16,53.7,0.61,27.45,healthy,normal
2025-01-01T07:25:55+00:00,se-2,server,32.4,1.35,37.09,278.82,3.32,34.62,45.16,0.64,51.25,healthy,normal
2025-01-01T07:26:00+00:00,ro-6,router,140.66,15.88,85.0,50.35,12.61,59.87,74.82,1.27,88.15,warning,congestion
2025-01-01T07:26:05+00:00,se-3,server,130.76,3.33,53.09,153.21,20.93,86.09,93.47,1.53,56.2,warning,device_overload
2025-01-01T07:26:10+00:00,se-2,server,93.49,9.15,88.76,117.17,31.37,70.4,76.6,4.85,97.73,warning,congestion
2025-01-01T07:26:15+00:00,co-7,core_switch,79.74,2.59,57.89,100.27,18.81,94.84,87.35,7.68,75.96,warning,device_overload
2025-01-01T07:26:20+00:00,co-8,core_switch,27.92,1.35,62.37,312.8,2.27,17.5,63.64,0.47,64.48,healthy,normal
2025-01-01T07:26:25+00:00,da-5,database,423.55,94.3,8.48,0.44,52.93,9.02,6.59,78.58,0.34,offline,device_failure
2025-01-01T07:26:30+00:00,ac-1,access_switch,33.71,0.62,62.26,133.31,3.53,37.28,38.0,0.12,52.72,healthy,normal
2025-01-01T07:26:35+00:00,se-5,server,156.18,3.21,79.13,185.96,17.29,99.84,84.27,3.32,86.79,warning,device_overload
2025-01-01T07:26:40+00:00,da-7,database,30.03,1.3,44.9,131.09,3.69,20.4,41.35,0.15,29.32,healthy,normal
2025-01-01T07:26:45+00:00,ac-4,access_switch,91.05,4.33,91.88,719.5,9.49,96.24,66.2,0.73,91.77,warning,traffic_spike
2025-01-01T07:26:50+00:00,se-6,server,39.09,0.63,59.19,246.1,2.98,21.05,34.09,0.25,52.31,healthy,normal
2025-01-01T07:26:55+00:00,se-2,server,434.74,86.64,16.21,12.89,72.29,37.52,70.2,49.24,10.05,offline,link_failure
2025-01-01T07:27:00+00:00,se-3,server,31.02,1.45,61.04,262.24,5.21,25.0,53.92,0.48,54.03,healthy,normal
2025-01-01T07:27:05+00:00,ro-3,router,39.02,1.07,40.25,216.85,4.33,27.02,64.78,0.72,43.02,healthy,normal
2025-01-01T07:27:10+00:00,cl-2,client,117.98,11.23,87.32,110.18,25.2,60.09,67.67,4.12,97.24,warning,congestion
2025-01-01T07:27:15+00:00,cl-6,client,30.3,0.15,26.65,116.95,1.93,18.77,27.66,0.16,51.66,healthy,normal
2025-01-01T07:27:20+00:00,cl-6,client,17.33,0.5,47.56,268.3,2.3,22.41,42.66,0.36,24.25,healthy,normal
2025-01-01T07:27:25+00:00,se-6,server,105.08,6.48,81.69,60.87,20.86,94.59,95.33,4.61,59.24,warning,device_overload
2025-01-01T07:27:30+00:00,ro-2,router,32.88,0.95,19.35,188.93,1.6,31.91,27.96,0.77,34.21,healthy,normal
2025-01-01T07:27:35+00:00,cl-8,client,381.19,74.55,6.01,21.44,48.7,36.1,66.05,44.13,7.31,warning,link_failure
2025-01-01T07:27:40+00:00,da-1,database,421.86,96.14,0.56,16.38,85.7,51.2,32.34,21.25,12.66,offline,link_failure
2025-01-01T07:27:45+00:00,cl-6,client,36.6,1.1,36.07,328.47,5.31,36.88,59.86,0.5,20.49,healthy,normal
2025-01-01T07:27:50+00:00,ro-5,router,18.39,0.8,62.45,201.37,3.42,22.89,37.98,0.24,43.32,healthy,normal
2025-01-01T07:27:55+00:00,da-8,database,278.77,94.64,4.05,9.89,82.48,54.33,26.79,22.55,7.39,offline,link_failure
2025-01-01T07:28:00+00:00,ac-5,access_switch,210.01,6.31,96.29,58.98,28.68,71.29,74.37,1.53,87.3,warning,congestion
2025-01-01T07:28:05+00:00,da-7,database,15.7,1.03,44.57,181.84,4.87,48.68,43.08,0.18,19.84,healthy,normal
2025-01-01T07:28:10+00:00,ro-1,router,241.08,79.22,13.97,13.72,38.9,55.92,71.77,47.88,16.71,offline,link_failure
2025-01-01T07:28:15+00:00,se-1,server,59.43,7.73,93.6,765.29,16.94,70.8,63.76,4.52,93.86,warning,traffic_spike
2025-01-01T07:28:20+00:00,co-5,core_switch,99.71,4.47,92.9,919.62,20.33,90.1,81.72,2.55,97.95,warning,traffic_spike
2025-01-01T07:28:25+00:00,cl-1,client,126.65,1.84,74.06,179.66,7.46,90.38,93.9,7.92,60.41,warning,device_overload
2025-01-01T07:28:30+00:00,co-3,core_switch,22.47,1.3,37.07,291.32,4.58,30.3,28.28,0.21,33.94,healthy,normal
2025-01-01T07:28:35+00:00,da-8,database,36.0,0.36,18.04,318.79,2.24,36.78,45.14,0.6,53.77,healthy,normal
2025-01-01T07:28:40+00:00,da-8,database,191.11,9.1,87.99,47.36,13.39,81.58,65.8,1.4,92.58,warning,congestion
2025-01-01T07:28:45+00:00,da-7,database,25.86,0.26,54.18,225.98,2.63,30.36,51.79,0.03,25.54,healthy,normal
2025-01-01T07:28:50+00:00,ac-2,access_switch,24.05,1.32,49.21,121.63,4.19,57.78,59.93,0.87,17.12,healthy,normal
2025-01-01T07:28:55+00:00,co-4,core_switch,141.75,7.18,91.7,720.37,13.62,86.77,60.81,2.19,94.3,warning,traffic_spike
2025-01-01T07:29:00+00:00,da-6,database,16.68,0.94,60.4,316.63,3.44,47.47,40.54,0.52,50.61,healthy,normal
2025-01-01T07:29:05+00:00,ac-2,access_switch,142.41,8.46,89.64,635.09,23.82,87.5,63.44,0.72,99.49,warning,traffic_spike
2025-01-01T07:29:10+00:00,cl-4,client,36.62,0.04,31.86,275.26,2.9,34.16,28.4,0.46,35.03,healthy,normal
2025-01-01T07:29:15+00:00,co-6,core_switch,339.72,99.78,8.43,7.33,58.62,0.75,11.3,43.13,5.45,offline,device_failure
2025-01-01T07:29:20+00:00,ro-2,router,25.17,0.18,34.54,152.24,5.68,25.9,55.14,0.71,64.18,healthy,normal
2025-01-01T07:29:25+00:00,ro-2,router,409.8,94.19,12.77,15.03,79.16,53.56,66.61,38.89,10.4,warning,link_failure
2025-01-01T07:29:30+00:00,se-4,server,37.69,0.93,35.11,161.17,0.92,25.83,61.37,0.48,55.03,healthy,normal
2025-01-01T07:29:35+00:00,se-4,server,133.27,7.54,85.39,41.24,32.7,77.12,55.64,3.7,90.38,warning,congestion
2025-01-01T07:29:40+00:00,cl-8,client,11.15,0.59,64.79,140.07,2.95,37.87,40.01,0.39,64.58,healthy,normal
2025-01-01T07:29:45+00:00,ro-2,router,19.6,0.2,27.02,313.12,2.42,52.84,26.5,0.12,52.16,healthy,normal
2025-01-01T07:29:50+00:00,ac-7,access_switch,18.04,0.23,35.38,140.64,1.51,18.33,51.44,0.88,15.49,healthy,normal
2025-01-01T07:29:55+00:00,ro-2,router,19.4,0.78,25.69,291.44,4.52,37.87,32.32,0.12,41.21,healthy,normal
2025-01-01T07:30:00+00:00,co-2,core_switch,34.25,1.15,52.75,309.3,3.06,51.33,61.76,0.63,61.66,healthy,normal
2025-01-01T07:30:05+00:00,ro-4,router,428.38,94.5,4.49,0.53,52.97,11.41,9.72,64.32,2.11,offline,device_failure
2025-01-01T07:30:10+00:00,se-5,server,257.7,73.17,1.33,6.09,88.8,48.9,70.8,50.19,2.29,offline,link_failure
2025-01-01T07:30:15+00:00,se-3,server,246.5,84.38,6.54,7.4,71.16,50.22,66.05,59.56,3.99,warning,link_failure
2025-01-01T07:30:20+00:00,co-5,core_switch,154.79,11.84,99.29,116.01,16.77,78.25,47.45,2.91,96.19,warning,congestion
2025-01-01T07:30:25+00:00,ac-3,access_switch,15.05,0.62,38.78,193.68,3.65,25.86,39.14,0.26,62.36,healthy,normal
2025-01-01T07:30:30+00:00,se-1,server,276.86,78.41,20.9,21.44,50.99,42.51,71.29,46.53,13.21,warning,link_failure
2025-01-01T07:30:35+00:00,da-1,database,289.33,91.21,4.59,7.46,60.04,7.4,4.89,82.62,4.44,offline,device_failure
2025-01-01T07:30:40+00:00,da-2,database,13.96,1.3,57.35,159.08,1.08,38.98,33.14,0.66,62.82,healthy,normal
2025-01-01T07:30:45+00:00,ro-7,router,64.11,9.35,97.13,900.76,25.83,80.59,63.55,0.91,97.91,warning,traffic_spike
2025-01-01T07:30:50+00:00,cl-2,client,30.46,0.22,47.98,242.24,4.11,26.18,67.28,0.13,31.94,healthy,normal
2025-01-01T07:30:55+00:00,cl-1,client,497.98,98.83,2.83,6.83,93.11,6.56,9.25,64.61,0.6,offline,device_failure
2025-01-01T07:31:00+00:00,ac-5,access_switch,11.19,1.17,59.01,287.92,5.37,17.58,65.03,0.37,32.2,healthy,normal
2025-01-01T07:31:05+00:00,ro-6,router,131.35,6.98,99.42,615.23,10.92,94.28,79.28,4.71,99.76,warning,traffic_spike
2025-01-01T07:31:10+00:00,se-6,server,18.56,1.02,38.25,189.13,5.65,40.34,61.74,0.01,30.63,healthy,normal
2025-01-01T07:31:15+00:00,ac-1,access_switch,152.79,6.55,89.26,118.16,22.63,69.46,64.3,1.34,92.73,warning,congestion
2025-01-01T07:31:20+00:00,se-3,server,21.66,0.32,24.08,242.45,4.18,33.81,43.89,0.8,21.93,healthy,normal
2025-01-01T07:31:25+00:00,se-3,server,411.84,72.35,12.1,1.1,51.92,60.84,49.05,25.86,8.62,warning,link_failure
2025-01-01T07:31:30+00:00,da-6,database,128.16,2.57,47.53,124.39,12.35,92.59,97.16,7.51,53.83,warning,device_overload
2025-01-01T07:31:35+00:00,ac-4,access_switch,27.28,1.37,64.54,198.94,3.17,15.55,32.29,0.43,47.73,healthy,normal
2025-01-01T07:31:40+00:00,da-7,database,39.99,1.23,44.11,118.61,2.93,54.64,55.21,0.52,44.99,healthy,normal
2025-01-01T07:31:45+00:00,se-6,server,36.43,0.13,27.08,184.04,3.54,58.08,32.67,0.55,65.64,healthy,normal
2025-01-01T07:31:50+00:00,se-1,server,166.34,2.54,46.95,75.49,9.25,91.16,87.71,3.19,48.15,warning,device_overload
2025-01-01T07:31:55+00:00,se-8,server,148.83,11.61,88.76,135.21,19.17,63.55,50.19,4.09,96.11,warning,congestion
2025-01-01T07:32:00+00:00,da-1,database,169.99,6.32,83.34,117.79,19.41,71.81,69.56,1.39,97.64,warning,congestion
2025-01-01T07:32:05+00:00,ac-3,access_switch,128.33,8.68,90.76,903.03,20.53,90.92,85.82,1.95,99.16,warning,traffic_spike
2025-01-01T07:32:10+00:00,ro-4,router,11.63,0.86,55.38,312.96,5.83,36.4,42.02,0.6,39.46,healthy,normal
2025-01-01T07:32:15+00:00,ro-4,router,224.4,7.0,98.02,54.77,28.74,77.37,60.03,2.26,91.66,warning,congestion
2025-01-01T07:32:20+00:00,cl-3,client,26.35,0.52,52.53,204.41,5.88,25.07,51.68,0.02,41.2,healthy,normal
2025-01-01T07:32:25+00:00,da-4,database,87.75,1.96,66.94,142.59,21.92,92.14,98.58,1.04,85.27,warning,device_overload
2025-01-01T07:32:30+00:00,da-5,database,32.86,0.7,62.69,227.56,3.46,15.57,53.42,0.61,48.37,healthy,normal
2025-01-01T07:32:35+00:00,co-2,core_switch,28.73,1.33,30.95,234.28,3.13,24.02,24.69,0.23,56.61,healthy,normal
2025-01-01T07:32:40+00:00,se-4,server,163.1,8.53,89.61,49.95,35.36,72.59,61.75,5.54,88.41,warning,congestion
2025-01-01T07:32:45+00:00,da-5,database,29.83,0.71,33.29,300.85,5.76,55.14,48.32,0.12,61.37,healthy,normal
2025-01-01T07:32:50+00:00,cl-3,client,25.44,0.44,22.74,320.17,1.42,57.05,59.35,0.37,21.65,healthy,normal
2025-01-01T07:32:55+00:00,co-4,core_switch,13.52,0.75,45.3,117.66,3.15,56.44,53.92,0.58,60.14,healthy,normal
2025-01-01T07:33:00+00:00,da-2,database,397.64,99.52,21.42,4.69,59.31,34.72,31.92,46.97,11.43,offline,link_failure
2025-01-01T07:33:05+00:00,da-3,database,30.48,1.43,60.71,252.25,5.34,53.41,32.64,0.61,57.97,healthy,normal
2025-01-01T07:33:10+00:00,co-1,core_switch,40.08,0.31,41.34,298.28,2.02,37.36,60.98,0.37,28.53,healthy,normal
2025-01-01T07:33:15+00:00,ac-7,access_switch,210.3,89.66,7.76,19.33,66.6,44.09,56.04,58.01,2.99,offline,link_failure
2025-01-01T07:33:20+00:00,ro-7,router,41.34,1.24,20.42,266.86,3.92,45.55,53.65,0.36,61.45,healthy,normal
2025-01-01T07:33:25+00:00,ro-5,router,38.96,1.29,52.16,186.94,5.96,59.7,59.47,0.73,17.88,healthy,normal
2025-01-01T07:33:30+00:00,se-2,server,24.94,0.73,62.31,147.12,4.39,38.08,35.0,0.12,29.33,healthy,normal
2025-01-01T07:33:35+00:00,co-3,core_switch,34.26,0.31,49.03,274.51,4.34,38.26,64.73,0.16,20.81,healthy,normal
2025-01-01T07:33:40+00:00,co-8,core_switch,23.28,0.98,33.91,292.9,3.28,21.79,54.32,0.79,36.25,healthy,normal
2025-01-01T07:33:45+00:00,ro-2,router,306.63,88.99,0.23,5.21,51.71,3.16,0.97,37.57,7.94,offline,device_failure
2025-01-01T07:33:50+00:00,ac-6,access_switch,140.5,3.49,88.3,710.62,23.13,88.77,79.89,1.64,91.24,warning,traffic_spike
2025-01-01T07:33:55+00:00,da-5,database,36.06,0.5,54.8,110.54,1.59,48.55,53.41,0.55,41.95,healthy,normal
2025-01-01T07:34:00+00:00,co-4,core_switch,15.42,1.1,29.46,193.72,3.09,52.78,50.29,0.51,34.27,healthy,normal
2025-01-01T07:34:05+00:00,co-2,core_switch,363.99,89.46,8.1,2.53,74.34,1.1,2.2,55.54,7.37,offline,device_failure
2025-01-01T07:34:10+00:00,co-5,core_switch,105.33,6.95,98.33,858.81,18.1,71.7,50.5,0.96,90.92,warning,traffic_spike
2025-01-01T07:34:15+00:00,ro-5,router,196.67,13.05,84.17,131.38,16.72,77.02,65.78,3.31,86.7,warning,congestion
2025-01-01T07:34:20+00:00,cl-1,client,108.89,1.83,73.29,73.47,16.14,98.77,91.55,7.58,81.99,warning,device_overload
2025-01-01T07:34:25+00:00,se-1,server,113.09,10.86,86.3,96.65,18.05,66.98,49.74,6.03,93.61,warning,congestion
2025-01-01T07:34:30+00:00,se-5,server,28.44,0.81,38.67,327.04,3.34,37.1,28.72,0.3,30.17,healthy,normal
2025-01-01T07:34:35+00:00,se-5,server,119.17,5.81,87.45,90.98,22.05,48.95,61.23,4.81,90.55,warning,congestion
2025-01-01T07:34:40+00:00,da-7,database,85.28,11.4,94.96,123.89,16.15,52.48,49.07,4.59,92.03,warning,congestion
2025-01-01T07:34:45+00:00,ac-3,access_switch,18.05,0.17,60.8,141.97,3.14,24.33,28.85,0.06,42.13,healthy,normal
2025-01-01T07:34:50+00:00,se-4,server,145.32,5.86,52.31,161.53,8.58,95.24,89.47,7.64,87.49,warning,device_overload
2025-01-01T07:34:55+00:00,da-7,database,196.25,14.56,86.98,47.85,14.68,59.35,58.04,2.06,93.28,warning,congestion
2025-01-01T07:35:00+00:00,da-6,database,112.99,6.27,88.45,548.48,25.16,74.87,71.72,4.6,97.87,warning,traffic_spike
2025-01-01T07:35:05+00:00,cl-8,client,186.56,7.31,93.52,164.14,36.35,64.08,67.51,5.25,90.76,warning,congestion
2025-01-01T07:35:10+00:00,da-8,database,93.81,15.81,95.17,134.83,36.02,77.91,46.8,4.97,92.9,warning,congestion
2025-01-01T07:35:15+00:00,cl-6,client,103.04,4.19,71.06,164.57,7.56,98.01,84.75,3.25,55.08,warning,device_overload
2025-01-01T07:35:20+00:00,da-1,database,346.21,84.1,4.86,21.91,75.13,31.07,50.6,21.43,9.71,offline,link_failure
2025-01-01T07:35:25+00:00,se-2,server,15.24,1.18,30.64,253.45,2.11,18.47,27.05,0.2,15.11,healthy,normal
2025-01-01T07:35:30+00:00,co-8,core_switch,143.38,6.63,52.73,107.07,9.86,99.62,90.55,6.62,83.13,warning,device_overload
2025-01-01T07:35:35+00:00,ac-5,access_switch,24.54,0.02,44.64,320.08,5.75,36.18,40.05,0.41,37.45,healthy,normal
2025-01-01T07:35:40+00:00,co-6,core_switch,14.26,1.01,49.69,190.19,4.4,34.99,38.91,0.4,61.3,healthy,normal
2025-01-01T07:35:45+00:00,ro-3,router,206.54,14.04,83.62,86.5,33.83,70.4,54.45,2.46,96.49,warning,congestion
2025-01-01T07:35:50+00:00,se-5,server,16.37,1.33,27.59,210.9,5.41,35.22,24.42,0.59,33.8,healthy,normal
2025-01-01T07:35:55+00:00,co-3,core_switch,265.8,77.46,6.59,13.3,89.24,31.11,32.07,46.54,1.75,offline,link_failure
2025-01-01T07:36:00+00:00,ro-7,router,16.44,0.79,21.56,287.11,1.44,34.4,59.64,0.73,43.27,healthy,normal
2025-01-01T07:36:05+00:00,cl-6,client,196.53,6.29,93.67,162.37,24.98,70.53,46.81,4.35,86.78,warning,congestion
2025-01-01T07:36:10+00:00,da-5,database,34.13,1.3,43.98,226.56,4.87,26.32,50.99,0.87,19.82,healthy,normal
2025-01-01T07:36:15+00:00,ro-8,router,17.01,0.35,27.03,132.41,5.57,17.33,42.23,0.13,58.75,healthy,normal
2025-01-01T07:36:20+00:00,ro-6,router,40.96,1.12,44.63,274.42,4.54,25.99,62.44,0.66,43.29,healthy,normal
2025-01-01T07:36:25+00:00,co-4,core_switch,24.26,0.78,27.61,254.83,2.5,38.6,38.36,0.81,23.4,healthy,normal
2025-01-01T07:36:30+00:00,da-6,database,125.38,4.53,56.33,124.86,7.19,99.23,89.35,3.45,62.65,warning,device_overload
2025-01-01T07:36:35+00:00,ac-3,access_switch,37.06,1.32,39.74,121.51,2.96,32.62,44.38,0.25,42.25,healthy,normal
2025-01-01T07:36:40+00:00,co-1,core_switch,40.99,1.39,43.42,323.74,1.37,21.34,36.83,0.57,38.03,healthy,normal
2025-01-01T07:36:45+00:00,cl-8,client,25.64,0.9,59.5,222.27,5.63,50.09,58.51,0.1,58.68,healthy,normal
2025-01-01T07:36:50+00:00,se-7,server,37.55,1.37,45.83,238.98,1.31,37.19,48.86,0.02,32.25,healthy,normal
2025-01-01T07:36:55+00:00,cl-8,client,116.39,4.25,83.89,62.53,31.33,81.19,76.25,2.0,98.12,warning,congestion
2025-01-01T07:37:00+00:00,ac-8,access_switch,101.83,2.57,94.77,552.11,10.57,70.22,58.38,3.64,95.08,warning,traffic_spike
2025-01-01T07:37:05+00:00,cl-2,client,123.81,4.03,46.21,118.76,16.85,90.32,95.06,5.07,87.32,warning,device_overload
2025-01-01T07:37:10+00:00,ac-2,access_switch,39.57,0.84,52.87,320.25,4.11,30.77,58.99,0.65,44.46,healthy,normal
2025-01-01T07:37:15+00:00,cl-2,client,175.75,15.66,88.94,134.87,20.04,58.46,52.58,6.05,93.98,warning,congestion
2025-01-01T07:37:20+00:00,cl-4,client,58.74,6.32,97.23,660.85,20.44,95.06,82.18,1.72,94.06,warning,traffic_spike
2025-01-01T07:37:25+00:00,co-1,core_switch,36.81,1.45,25.92,210.04,2.36,44.88,38.18,0.22,26.71,healthy,normal
2025-01-01T07:37:30+00:00,ac-2,access_switch,24.1,0.83,19.38,267.13,1.75,19.43,32.18,0.13,27.21,healthy,normal
2025-01-01T07:37:35+00:00,cl-3,client,475.91,90.4,7.62,4.22,68.22,11.22,6.55,55.92,0.51,warning,device_failure
2025-01-01T07:37:40+00:00,da-6,database,337.66,94.02,11.15,0.7,51.54,33.41,71.14,20.56,5.65,offline,link_failure
2025-01-01T07:37:45+00:00,da-4,database,87.98,3.42,97.01,888.14,25.49,94.43,74.76,3.34,94.73,warning,traffic_spike
2025-01-01T07:37:50+00:00,ro-5,router,269.03,73.69,10.07,13.66,66.27,33.63,28.89,35.34,2.93,warning,link_failure
2025-01-01T07:37:55+00:00,da-1,database,383.59,80.54,7.72,22.5,54.35,54.35,36.12,28.08,17.03,warning,link_failure
2025-01-01T07:38:00+00:00,se-7,server,35.3,0.98,26.87,121.1,1.51,16.0,36.72,0.13,29.48,healthy,normal
2025-01-01T07:38:05+00:00,ro-5,router,69.09,9.51,99.93,675.52,14.32,97.76,57.64,2.67,92.96,warning,traffic_spike
2025-01-01T07:38:10+00:00,da-4,database,14.51,0.08,19.03,179.79,4.66,39.75,60.23,0.4,22.53,healthy,normal
2025-01-01T07:38:15+00:00,co-3,core_switch,89.49,4.38,95.94,580.14,9.98,71.78,54.41,4.47,91.35,warning,traffic_spike
2025-01-01T07:38:20+00:00,se-6,server,218.18,6.57,89.1,54.83,30.25,80.67,58.93,4.13,91.93,warning,congestion
2025-01-01T07:38:25+00:00,cl-3,client,24.63,0.87,46.95,165.17,1.91,40.66,46.86,0.44,22.31,healthy,normal
2025-01-01T07:38:30+00:00,ro-2,router,149.87,4.73,90.92,85.26,23.74,57.87,49.94,1.46,91.85,warning,congestion
2025-01-01T07:38:35+00:00,cl-2,client,101.13,2.34,62.14,153.07,17.71,94.53,90.68,1.05,52.55,warning,device_overload
2025-01-01T07:38:40+00:00,da-1,database,40.78,0.8,62.08,264.45,3.2,17.59,37.51,0.37,65.02,healthy,normal
2025-01-01T07:38:45+00:00,ac-1,access_switch,27.88,0.83,33.76,112.36,4.97,22.31,64.34,0.52,16.41,healthy,normal
2025-01-01T07:38:50+00:00,da-5,database,380.53,95.03,4.08,5.71,60.68,1.88,11.37,65.27,1.86,offline,device_failure
2025-01-01T07:38:55+00:00,co-3,core_switch,109.35,8.39,89.65,142.6,19.71,52.37,63.78,5.27,91.89,warning,congestion
2025-01-01T07:39:00+00:00,cl-6,client,103.61,6.93,84.62,139.65,24.31,78.86,67.34,5.74,94.49,warning,congestion
2025-01-01T07:39:05+00:00,ac-8,access_switch,21.32,0.36,57.59,160.41,0.96,55.96,54.57,0.23,24.82,healthy,normal
2025-01-01T07:39:10+00:00,ro-8,router,177.8,7.29,87.27,56.58,24.61,49.89,69.79,2.11,96.55,warning,congestion
2025-01-01T07:39:15+00:00,co-2,core_switch,34.71,0.35,53.0,306.38,0.84,25.34,51.93,0.59,22.18,healthy,normal
2025-01-01T07:39:20+00:00,da-8,database,200.33,12.14,99.92,135.84,12.79,68.5,47.0,3.54,96.65,warning,congestion
2025-01-01T07:39:25+00:00,da-5,database,13.5,0.04,55.76,277.43,5.53,46.11,44.85,0.58,32.54,healthy,normal
2025-01-01T07:39:30+00:00,co-7,core_switch,72.25,7.12,93.65,882.84,22.62,72.36,66.81,2.01,99.89,warning,traffic_spike
2025-01-01T07:39:35+00:00,se-3,server,369.0,95.98,0.19,5.79,83.73,2.68,8.43,59.15,5.93,warning,device_failure
2025-01-01T07:39:40+00:00,co-4,core_switch,104.89,2.42,99.43,692.24,20.05,70.66,87.59,2.85,95.73,warning,traffic_spike
2025-01-01T07:39:45+00:00,se-5,server,131.27,12.42,95.14,140.37,28.59,63.34,42.35,1.14,99.01,warning,congestion
2025-01-01T07:39:50+00:00,co-4,core_switch,74.73,5.09,89.92,615.32,26.76,70.06,83.48,1.07,94.71,warning,traffic_spike
2025-01-01T07:39:55+00:00,da-4,database,31.69,0.11,28.53,263.26,5.52,34.23,35.36,0.02,27.68,healthy,normal
2025-01-01T07:40:00+00:00,se-8,server,224.31,90.22,1.59,0.72,32.34,23.75,41.39,35.86,0.2,warning,link_failure
2025-01-01T07:40:05+00:00,ac-8,access_switch,441.15,96.66,19.71,2.06,83.81,24.39,63.36,41.76,10.82,warning,link_failure
2025-01-01T07:40:10+00:00,se-3,server,76.93,6.21,90.43,866.32,12.97,72.39,50.94,1.99,94.45,warning,traffic_spike
2025-01-01T07:40:15+00:00,cl-1,client,32.5,0.69,36.14,199.38,5.53,25.91,62.74,0.65,56.58,healthy,normal
2025-01-01T07:40:20+00:00,co-2,core_switch,462.05,84.19,8.13,14.44,85.69,29.62,37.4,50.58,8.86,offline,link_failure
2025-01-01T07:40:25+00:00,ac-4,access_switch,33.32,0.88,45.73,318.92,1.84,26.43,40.99,0.69,55.3,healthy,normal
2025-01-01T07:40:30+00:00,ac-5,access_switch,19.58,0.32,29.8,309.54,5.2,59.83,38.84,0.78,62.34,healthy,normal
2025-01-01T07:40:35+00:00,ro-2,router,128.49,5.46,64.61,173.27,15.82,99.84,89.07,6.29,62.38,warning,device_overload
2025-01-01T07:40:40+00:00,ro-8,router,113.22,8.06,94.7,158.31,33.63,45.86,45.76,4.08,91.72,warning,congestion
2025-01-01T07:40:45+00:00,ro-3,router,23.68,0.71,24.28,126.89,5.41,45.64,58.76,0.04,15.66,healthy,normal
2025-01-01T07:40:50+00:00,ac-8,access_switch,28.36,1.44,53.53,186.79,1.22,24.3,34.03,0.27,29.09,healthy,normal
2025-01-01T07:40:55+00:00,se-7,server,122.21,3.86,96.47,708.75,16.16,75.43,70.89,4.86,91.2,warning,traffic_spike
2025-01-01T07:41:00+00:00,ro-5,router,141.29,9.88,93.92,809.1,17.64,89.64,86.84,1.64,92.53,warning,traffic_spike
2025-01-01T07:41:05+00:00,ro-7,router,35.23,1.39,46.12,186.77,1.24,57.39,65.26,0.84,19.52,healthy,normal
2025-01-01T07:41:10+00:00,se-6,server,171.61,6.61,52.1,171.1,14.28,93.77,94.08,3.84,56.11,warning,device_overload
2025-01-01T07:41:15+00:00,cl-5,client,147.85,9.64,93.35,157.16,26.46,66.57,70.36,1.32,94.75,warning,congestion
2025-01-01T07:41:20+00:00,se-3,server,31.61,0.58,57.77,301.1,2.17,19.04,37.94,0.87,25.03,healthy,normal
2025-01-01T07:41:25+00:00,se-6,server,251.97,97.82,1.77,6.74,48.68,9.19,0.34,62.15,3.89,offline,device_failure
2025-01-01T07:41:30+00:00,da-4,database,352.79,97.23,9.51,7.42,70.53,1.46,4.68,64.23,2.26,warning,device_failure
2025-01-01T07:41:35+00:00,se-4,server,100.65,4.43,88.04,484.46,24.56,78.69,55.37,1.26,90.21,warning,traffic_spike
2025-01-01T07:41:40+00:00,se-7,server,98.37,5.03,97.45,730.81,15.78,97.93,61.01,1.41,95.17,warning,traffic_spike
2025-01-01T07:41:45+00:00,co-2,core_switch,11.46,0.66,47.58,176.36,2.88,59.35,27.79,0.42,38.81,healthy,normal
2025-01-01T07:41:50+00:00,co-4,core_switch,126.46,2.85,55.8,96.69,9.64,97.07,89.91,6.71,69.46,warning,device_overload
2025-01-01T07:41:55+00:00,co-8,core_switch,194.27,4.69,93.36,128.97,20.61,78.38,44.59,1.01,94.65,warning,congestion
2025-01-01T07:42:00+00:00,ac-6,access_switch,19.99,1.12,41.43,268.0,0.85,36.36,54.07,0.41,57.64,healthy,normal
2025-01-01T07:42:05+00:00,co-1,core_switch,41.5,0.69,27.01,131.94,5.97,20.42,32.63,0.38,16.83,healthy,normal
2025-01-01T07:42:10+00:00,co-1,core_switch,13.31,0.29,53.37,258.37,1.52,50.41,66.89,0.02,56.94,healthy,normal
2025-01-01T07:42:15+00:00,ro-7,router,16.17,0.84,49.02,173.47,3.93,32.31,62.23,0.28,20.51,healthy,normal
2025-01-01T07:42:20+00:00,ac-8,access_switch,125.83,11.44,95.29,104.42,16.32,51.22,68.34,5.62,88.77,warning,congestion
2025-01-01T07:42:25+00:00,se-6,server,16.28,0.91,26.91,192.54,4.44,20.06,39.26,0.42,54.77,healthy,normal
2025-01-01T07:42:30+00:00,ro-3,router,24.81,0.57,54.07,251.97,2.94,36.1,61.77,0.35,51.08,healthy,normal
2025-01-01T07:42:35+00:00,se-6,server,104.05,4.64,46.3,182.28,12.16,95.63,94.54,3.86,60.0,warning,device_overload
2025-01-01T07:42:40+00:00,se-4,server,41.56,0.96,32.29,214.72,5.95,32.04,35.83,0.78,60.48,healthy,normal
2025-01-01T07:42:45+00:00,ro-6,router,39.68,0.97,41.77,286.02,1.52,48.52,40.51,0.27,53.53,healthy,normal
2025-01-01T07:42:50+00:00,ro-6,router,27.1,0.48,57.42,181.08,3.28,39.88,24.94,0.48,33.01,healthy,normal
2025-01-01T07:42:55+00:00,co-8,core_switch,17.82,1.38,60.98,149.65,2.86,52.2,43.2,0.63,16.87,healthy,normal
2025-01-01T07:43:00+00:00,ro-2,router,38.0,0.71,48.73,146.91,2.9,19.43,51.2,0.64,51.84,healthy,normal
2025-01-01T07:43:05+00:00,ac-7,access_switch,32.5,1.18,48.46,244.08,4.57,26.03,56.36,0.39,51.05,healthy,normal
2025-01-01T07:43:10+00:00,cl-6,client,31.98,1.08,63.26,128.03,3.73,47.95,33.42,0.06,55.03,healthy,normal
2025-01-01T07:43:15+00:00,cl-3,client,37.88,0.25,23.34,163.26,1.15,28.29,53.78,0.09,45.89,healthy,normal
2025-01-01T07:43:20+00:00,da-3,database,31.13,0.36,64.36,309.57,0.88,47.03,47.72,0.22,30.11,healthy,normal
2025-01-01T07:43:25+00:00,co-3,core_switch,140.59,13.57,90.3,73.51,27.12,66.94,73.41,3.55,98.47,warning,congestion
2025-01-01T07:43:30+00:00,co-1,core_switch,37.79,0.67,24.19,194.75,1.86,37.58,51.63,0.08,22.7,healthy,normal
2025-01-01T07:43:35+00:00,ro-4,router,403.47,88.66,7.75,6.02,85.13,4.92,8.74,88.79,7.09,warning,device_failure
2025-01-01T07:43:40+00:00,ro-5,router,67.63,5.69,72.61,88.6,8.8,89.28,87.48,4.83,68.56,warning,device_overload
2025-01-01T07:43:45+00:00,cl-5,client,31.37,1.35,61.7,187.28,1.22,50.2,62.66,0.14,55.19,healthy,normal
2025-01-01T07:43:50+00:00,da-8,database,77.36,1.15,76.66,175.2,14.31,87.06,86.27,7.07,77.67,warning,device_overload
2025-01-01T07:43:55+00:00,cl-1,client,28.54,1.33,22.92,177.99,2.84,28.12,34.01,0.01,19.35,healthy,normal
2025-01-01T07:44:00+00:00,co-4,core_switch,126.48,3.35,53.98,186.36,10.02,87.87,94.63,3.53,80.41,warning,device_overload
2025-01-01T07:44:05+00:00,co-2,core_switch,26.17,0.98,43.06,158.84,2.81,30.01,62.23,0.06,60.43,healthy,normal
2025-01-01T07:44:10+00:00,ro-7,router,113.56,7.39,76.25,135.0,17.44,98.31,88.54,4.91,46.7,warning,device_overload
2025-01-01T07:44:15+00:00,ro-7,router,99.88,1.45,49.49,177.93,20.47,92.61,99.97,4.4,54.11,warning,device_overload
2025-01-01T07:44:20+00:00,se-8,server,363.96,93.78,8.76,7.37,80.22,6.58,5.45,67.74,3.89,offline,device_failure
2025-01-01T07:44:25+00:00,se-4,server,36.41,0.45,64.85,132.49,5.49,15.73,57.31,0.55,60.91,healthy,normal
2025-01-01T07:44:30+00:00,da-3,database,38.28,1.28,27.37,219.65,5.72,41.66,40.36,0.87,30.67,healthy,normal
2025-01-01T07:44:35+00:00,ro-6,router,107.24,4.52,83.49,85.27,12.73,97.57,90.34,3.22,61.71,warning,device_overload
2025-01-01T07:44:40+00:00,da-1,database,88.68,7.2,99.14,821.47,15.95,68.27,50.63,1.71,94.35,warning,traffic_spike
2025-01-01T07:44:45+00:00,ro-6,router,72.54,7.58,48.89,131.13,16.95,86.05,93.99,6.58,77.08,warning,device_overload
2025-01-01T07:44:50+00:00,ac-7,access_switch,14.59,0.15,60.44,187.22,1.48,15.43,49.24,0.83,66.92,healthy,normal
2025-01-01T07:44:55+00:00,ac-2,access_switch,329.69,93.97,1.57,4.63,59.29,3.02,6.49,50.57,5.2,offline,device_failure
2025-01-01T07:45:00+00:00,ro-6,router,174.11,14.58,95.82,95.72,20.48,66.25,52.67,5.09,91.24,warning,congestion
2025-01-01T07:45:05+00:00,cl-2,client,35.17,0.04,27.57,251.45,4.24,38.01,63.65,0.6,64.87,healthy,normal
2025-01-01T07:45:10+00:00,da-5,database,13.36,1.31,41.21,204.72,1.98,46.75,29.88,0.5,60.57,healthy,normal
2025-01-01T07:45:15+00:00,cl-3,client,209.76,5.17,86.27,126.08,30.6,69.53,47.48,1.89,86.16,warning,congestion
2025-01-01T07:45:20+00:00,da-1,database,19.28,1.01,44.97,230.42,3.62,39.45,62.95,0.21,34.61,healthy,normal
2025-01-01T07:45:25+00:00,da-8,database,161.33,4.53,58.17,59.99,13.97,91.36,87.99,5.55,85.4,warning,device_overload
2025-01-01T07:45:30+00:00,da-2,database,23.91,0.28,37.85,198.57,3.44,27.08,63.06,0.14,27.29,healthy,normal
2025-01-01T07:45:35+00:00,co-5,core_switch,82.41,4.49,88.82,655.64,22.6,96.75,61.47,3.77,99.23,warning,traffic_spike
2025-01-01T07:45:40+00:00,ro-2,router,24.11,0.02,46.96,166.33,4.45,44.25,27.13,0.84,35.08,healthy,normal
2025-01-01T07:45:45+00:00,ac-2,access_switch,32.0,0.96,60.93,229.17,4.71,18.33,60.45,0.14,58.58,healthy,normal
2025-01-01T07:45:50+00:00,cl-7,client,201.41,13.7,88.13,115.82,35.78,59.55,45.9,6.94,98.94,warning,congestion
2025-01-01T07:45:55+00:00,ro-8,router,40.08,0.77,59.2,125.58,5.36,28.1,56.73,0.83,48.32,healthy,normal
2025-01-01T07:46:00+00:00,ro-1,router,20.77,1.15,52.97,267.07,5.77,30.62,55.82,0.12,60.6,healthy,normal
2025-01-01T07:46:05+00:00,co-5,core_switch,126.4,9.15,95.45,466.94,24.89,96.21,66.44,3.93,98.11,warning,traffic_spike
2025-01-01T07:46:10+00:00,co-5,core_switch,161.09,6.96,85.63,143.52,20.36,56.1,61.85,4.73,96.54,warning,congestion
2025-01-01T07:46:15+00:00,co-8,core_switch,86.65,6.63,90.38,555.26,23.75,73.61,86.98,2.97,90.88,warning,traffic_spike
2025-01-01T07:46:20+00:00,se-5,server,22.26,0.66,34.19,233.62,4.86,45.05,29.98,0.54,57.48,healthy,normal
2025-01-01T07:46:25+00:00,se-7,server,26.61,0.71,33.5,255.76,3.1,52.89,27.2,0.08,53.78,healthy,normal
2025-01-01T07:46:30+00:00,se-8,server,30.97,1.43,22.88,260.85,5.05,34.5,51.11,0.74,45.69,healthy,normal
2025-01-01T07:46:35+00:00,se-3,server,125.92,3.08,92.25,756.79,15.8,85.62,70.3,4.6,93.13,warning,traffic_spike
2025-01-01T07:46:40+00:00,ac-4,access_switch,31.58,1.08,36.68,305.43,1.89,40.47,61.91,0.9,66.1,healthy,normal
2025-01-01T07:46:45+00:00,ac-8,access_switch,13.63,1.43,52.79,236.18,3.18,44.62,27.31,0.23,47.72,healthy,normal
2025-01-01T07:46:50+00:00,ac-7,access_switch,12.51,0.06,46.83,298.66,3.16,28.9,64.4,0.25,58.13,healthy,normal
2025-01-01T07:46:55+00:00,se-5,server,36.32,0.49,59.96,321.99,1.5,41.91,61.08,0.12,39.05,healthy,normal
2025-01-01T07:47:00+00:00,se-4,server,185.89,4.71,96.35,63.47,25.26,55.32,71.35,6.29,89.1,warning,congestion
2025-01-01T07:47:05+00:00,ro-7,router,131.07,4.28,77.45,132.32,10.55,95.92,88.45,5.5,52.14,warning,device_overload
2025-01-01T07:47:10+00:00,da-2,database,119.49,1.08,57.56,90.64,14.86,86.78,97.77,7.48,81.21,warning,device_overload
2025-01-01T07:47:15+00:00,se-4,server,201.38,4.05,85.39,113.14,28.97,45.92,54.43,3.45,89.45,warning,congestion
2025-01-01T07:47:20+00:00,ac-1,access_switch,124.44,5.62,89.76,696.4,11.22,70.55,75.09,3.86,95.58,warning,traffic_spike
2025-01-01T07:47:25+00:00,se-4,server,13.93,1.1,37.08,230.13,5.52,31.82,67.77,0.04,40.63,healthy,normal
2025-01-01T07:47:30+00:00,da-2,database,468.33,96.96,9.14,12.18,85.89,32.55,32.68,43.35,2.43,offline,link_failure
2025-01-01T07:47:35+00:00,co-2,core_switch,34.2,1.13,31.91,302.84,5.0,22.57,45.18,0.54,48.34,healthy,normal
2025-01-01T07:47:40+00:00,se-8,server,15.12,0.21,34.42,281.91,2.22,46.21,38.42,0.05,32.24,healthy,normal
2025-01-01T07:47:45+00:00,cl-6,client,16.86,0.64,32.0,120.44,3.98,43.5,48.2,0.5,62.2,healthy,normal
2025-01-01T07:47:50+00:00,cl-5,client,11.15,0.97,47.38,157.58,3.6,28.33,40.55,0.49,50.05,healthy,normal
2025-01-01T07:47:55+00:00,co-2,core_switch,30.4,0.72,57.34,319.67,3.65,21.44,60.5,0.49,44.4,healthy,normal
2025-01-01T07:48:00+00:00,co-5,core_switch,28.2,0.72,34.86,250.35,4.0,54.61,33.29,0.4,43.22,healthy,normal
2025-01-01T07:48:05+00:00,da-5,database,20.92,0.87,49.61,200.23,4.09,38.62,33.22,0.61,61.38,healthy,normal
2025-01-01T07:48:10+00:00,cl-2,client,363.63,94.66,10.99,17.06,70.29,40.34,56.32,53.33,17.88,offline,link_failure
2025-01-01T07:48:15+00:00,ac-7,access_switch,89.14,6.15,96.05,860.51,11.33,83.31,56.88,0.54,93.99,warning,traffic_spike
2025-01-01T07:48:20+00:00,cl-8,client,117.4,4.4,46.33,164.88,22.64,94.11,92.09,7.36,64.37,warning,device_overload
2025-01-01T07:48:25+00:00,cl-3,client,16.79,0.81,49.59,268.43,2.15,34.02,34.18,0.6,22.36,healthy,normal
2025-01-01T07:48:30+00:00,ac-5,access_switch,22.02,0.2,30.03,239.01,5.26,19.09,31.73,0.16,66.88,healthy,normal
2025-01-01T07:48:35+00:00,cl-8,client,81.77,5.65,55.41,71.29,17.25,94.08,88.1,5.02,51.41,warning,device_overload
2025-01-01T07:48:40+00:00,cl-6,client,31.74,0.18,33.56,316.94,3.42,52.82,24.28,0.58,19.79,healthy,normal
2025-01-01T07:48:45+00:00,cl-3,client,71.67,5.91,70.77,56.77,21.98,86.98,88.97,5.28,47.66,warning,device_overload
2025-01-01T07:48:50+00:00,cl-5,client,33.79,0.49,51.83,214.41,1.97,49.75,46.91,0.37,39.48,healthy,normal
2025-01-01T07:48:55+00:00,co-1,core_switch,13.31,1.05,43.97,297.22,2.98,23.21,35.03,0.31,53.64,healthy,normal
2025-01-01T07:49:00+00:00,co-7,core_switch,278.16,86.18,16.56,6.26,30.5,47.06,70.62,36.4,2.84,offline,link_failure
2025-01-01T07:49:05+00:00,se-3,server,30.25,0.85,24.12,142.78,1.77,47.51,36.46,0.71,39.99,healthy,normal
2025-01-01T07:49:10+00:00,ac-7,access_switch,95.77,9.28,85.39,78.69,12.66,61.43,68.14,4.78,95.87,warning,congestion
2025-01-01T07:49:15+00:00,cl-5,client,30.18,1.41,22.68,224.2,5.67,28.5,59.17,0.79,37.18,healthy,normal
2025-01-01T07:49:20+00:00,da-6,database,16.11,0.86,19.1,321.37,1.56,55.62,64.1,0.05,66.57,healthy,normal
2025-01-01T07:49:25+00:00,se-6,server,140.57,7.15,75.67,101.86,9.79,95.61,96.18,1.87,47.55,warning,device_overload
2025-01-01T07:49:30+00:00,da-2,database,127.55,8.72,95.58,547.24,10.06,95.07,77.24,1.93,95.23,warning,traffic_spike
2025-01-01T07:49:35+00:00,da-7,database,33.82,1.31,19.23,210.07,1.09,46.13,49.43,0.3,60.24,healthy,normal
2025-01-01T07:49:40+00:00,ro-8,router,26.21,0.62,41.21,292.08,5.22,18.16,49.44,0.18,51.76,healthy,normal
2025-01-01T07:49:45+00:00,co-7,core_switch,26.07,1.43,23.89,295.64,3.01,55.98,34.62,0.19,19.27,healthy,normal
2025-01-01T07:49:50+00:00,ro-6,router,321.99,95.15,7.55,3.48,70.15,5.58,7.7,80.55,0.9,offline,device_failure
2025-01-01T07:49:55+00:00,ac-5,access_switch,436.61,82.64,17.76,16.19,60.56,27.1,63.23,41.97,14.1,offline,link_failure
2025-01-01T07:50:00+00:00,se-2,server,165.79,9.55,91.23,154.23,22.58,73.32,44.62,1.74,98.88,warning,congestion
2025-01-01T07:50:05+00:00,cl-2,client,14.84,0.99,28.44,306.96,4.8,21.62,25.3,0.66,23.7,healthy,normal
2025-01-01T07:50:10+00:00,da-1,database,35.11,1.25,27.99,175.41,1.58,52.21,65.31,0.39,62.23,healthy,normal
2025-01-01T07:50:15+00:00,se-7,server,155.01,4.81,90.33,67.27,33.24,81.64,77.74,2.45,94.74,warning,congestion
2025-01-01T07:50:20+00:00,co-2,core_switch,269.07,98.3,5.21,22.9,70.45,56.84,41.11,29.88,9.91,offline,link_failure
2025-01-01T07:50:25+00:00,co-7,core_switch,147.59,7.12,46.48,68.89,13.87,97.7,91.84,1.78,48.26,warning,device_overload
2025-01-01T07:50:30+00:00,da-3,database,133.97,2.42,89.91,838.07,13.93,83.17,52.45,2.19,93.06,warning,traffic_spike
2025-01-01T07:50:35+00:00,ac-6,access_switch,21.81,0.97,38.51,329.66,4.57,40.64,37.35,0.48,44.69,healthy,normal
2025-01-01T07:50:40+00:00,ac-5,access_switch,32.68,1.37,40.97,191.16,2.38,52.33,50.56,0.76,39.14,healthy,normal
2025-01-01T07:50:45+00:00,ro-2,router,141.8,3.21,95.84,657.02,20.25,82.52,73.41,2.22,92.46,warning,traffic_spike
2025-01-01T07:50:50+00:00,cl-2,client,29.22,0.48,58.76,116.75,3.67,55.93,42.32,0.05,56.93,healthy,normal
2025-01-01T07:50:55+00:00,ro-4,router,35.67,1.5,36.59,157.73,1.65,21.87,66.6,0.39,61.01,healthy,normal
2025-01-01T07:51:00+00:00,cl-5,client,20.07,0.45,47.87,288.51,3.22,27.52,52.14,0.39,54.51,healthy,normal
2025-01-01T07:51:05+00:00,cl-3,client,378.25,74.51,19.55,12.43,89.76,47.54,34.35,41.74,17.85,offline,link_failure
2025-01-01T07:51:10+00:00,ac-7,access_switch,340.12,99.2,7.08,9.11,31.53,58.49,29.03,35.54,9.47,offline,link_failure
2025-01-01T07:51:15+00:00,ac-2,access_switch,62.34,9.8,88.35,588.74,15.4,71.09,82.32,3.55,96.74,warning,traffic_spike
2025-01-01T07:51:20+00:00,ro-7,router,105.99,1.21,61.94,147.33,19.19,92.72,96.76,5.48,53.08,warning,device_overload
2025-01-01T07:51:25+00:00,ro-5,router,33.47,1.29,43.38,311.76,5.5,34.13,34.81,0.55,61.56,healthy,normal
2025-01-01T07:51:30+00:00,co-4,core_switch,23.5,1.05,23.36,242.73,4.02,55.11,53.15,0.41,58.08,healthy,normal
2025-01-01T07:51:35+00:00,ro-7,router,16.33,0.01,49.03,244.99,1.37,29.87,42.44,0.04,29.03,healthy,normal
2025-01-01T07:51:40+00:00,ro-6,router,16.37,0.71,49.3,114.49,1.88,37.89,62.56,0.44,18.05,healthy,normal
2025-01-01T07:51:45+00:00,ro-6,router,40.03,1.41,35.15,253.58,1.36,39.46,65.48,0.52,62.19,healthy,normal
2025-01-01T07:51:50+00:00,ac-3,access_switch,28.86,1.15,24.79,138.84,2.6,26.92,59.32,0.58,28.4,healthy,normal
2025-01-01T07:51:55+00:00,co-3,core_switch,30.64,0.13,26.13,176.51,4.94,21.35,46.68,0.57,25.55,healthy,normal
2025-01-01T07:52:00+00:00,co-7,core_switch,132.33,2.67,50.59,121.33,13.76,94.11,98.25,6.76,73.97,warning,device_overload
2025-01-01T07:52:05+00:00,cl-5,client,19.54,1.35,58.83,112.63,4.09,38.11,29.32,0.03,53.59,healthy,normal
2025-01-01T07:52:10+00:00,cl-1,client,127.65,8.69,93.86,834.21,17.61,77.15,57.83,4.67,92.9,warning,traffic_spike
2025-01-01T07:52:15+00:00,cl-4,client,100.32,6.43,65.49,84.58,7.63,86.98,85.18,6.32,74.39,warning,device_overload
2025-01-01T07:52:20+00:00,cl-7,client,37.76,0.31,27.99,265.21,2.5,33.97,37.77,0.2,64.77,healthy,normal
2025-01-01T07:52:25+00:00,ro-2,router,90.56,8.4,96.73,808.39,19.13,94.95,60.93,4.4,96.8,warning,traffic_spike
2025-01-01T07:52:30+00:00,co-7,core_switch,36.0,0.25,59.72,163.05,2.07,44.8,29.53,0.39,60.07,healthy,normal
2025-01-01T07:52:35+00:00,co-3,core_switch,39.59,0.6,47.0,138.73,5.35,21.07,46.77,0.02,24.59,healthy,normal
2025-01-01T07:52:40+00:00,ro-1,router,28.8,0.73,21.82,306.99,0.82,23.39,34.43,0.57,51.55,healthy,normal
2025-01-01T07:52:45+00:00,da-7,database,86.68,5.74,98.07,708.44,15.17,79.39,84.11,2.1,99.72,warning,traffic_spike
2025-01-01T07:52:50+00:00,cl-2,client,123.28,5.53,90.53,865.6,12.44,94.78,55.51,3.02,92.98,warning,traffic_spike
2025-01-01T07:52:55+00:00,ro-5,router,400.93,78.09,2.05,5.83,79.7,54.43,66.55,49.09,5.21,warning,link_failure
2025-01-01T07:53:00+00:00,da-6,database,88.78,3.52,97.02,722.15,21.65,85.44,83.09,2.71,91.83,warning,traffic_spike
2025-01-01T07:53:05+00:00,se-6,server,14.9,0.03,50.66,181.63,2.84,24.54,46.5,0.39,37.63,healthy,normal
2025-01-01T07:53:10+00:00,cl-2,client,18.5,0.79,31.23,160.82,5.23,15.31,34.03,0.32,36.83,healthy,normal
2025-01-01T07:53:15+00:00,se-4,server,56.29,7.89,99.86,670.17,23.29,95.91,74.11,1.96,94.58,warning,traffic_spike
2025-01-01T07:53:20+00:00,se-7,server,25.54,1.16,43.82,129.51,5.73,19.26,30.44,0.01,65.55,healthy,normal
2025-01-01T07:53:25+00:00,se-5,server,12.0,0.46,21.29,175.4,1.33,41.52,48.68,0.63,31.05,healthy,normal
2025-01-01T07:53:30+00:00,ac-4,access_switch,118.93,3.62,99.04,480.62,26.55,75.67,86.52,1.34,98.86,warning,traffic_spike
2025-01-01T07:53:35+00:00,da-6,database,23.17,0.33,18.38,254.92,4.85,21.69,30.69,0.05,57.88,healthy,normal
2025-01-01T07:53:40+00:00,se-5,server,167.33,7.23,73.0,150.73,20.78,91.15,93.08,3.84,68.24,warning,device_overload
2025-01-01T07:53:45+00:00,ro-4,router,37.84,0.2,23.69,211.91,2.04,31.52,25.8,0.6,55.65,healthy,normal
2025-01-01T07:53:50+00:00,da-5,database,108.88,6.78,97.48,120.3,12.23,72.15,44.49,4.45,95.72,warning,congestion
2025-01-01T07:53:55+00:00,da-2,database,75.47,7.02,90.45,778.82,15.68,72.39,60.27,1.79,97.71,warning,traffic_spike
2025-01-01T07:54:00+00:00,ac-6,access_switch,92.04,4.92,93.89,650.82,24.41,94.78,62.84,2.05,90.84,warning,traffic_spike
2025-01-01T07:54:05+00:00,se-5,server,40.44,0.82,39.4,240.92,1.77,16.93,39.55,0.54,63.06,healthy,normal
2025-01-01T07:54:10+00:00,se-2,server,95.48,4.52,92.82,635.3,18.01,96.33,68.94,3.56,94.22,warning,traffic_spike
2025-01-01T07:54:15+00:00,ac-1,access_switch,130.0,1.44,51.28,59.04,17.17,92.37,94.2,1.16,86.94,warning,device_overload
2025-01-01T07:54:20+00:00,ro-2,router,10.83,1.41,41.91,305.99,1.55,23.75,65.66,0.61,41.43,healthy,normal
2025-01-01T07:54:25+00:00,cl-1,client,93.98,10.51,98.9,165.95,19.4,56.13,64.89,2.86,95.61,warning,congestion
2025-01-01T07:54:30+00:00,ac-2,access_switch,278.68,99.94,1.75,1.16,67.61,11.44,5.94,69.11,2.0,warning,device_failure
2025-01-01T07:54:35+00:00,cl-2,client,153.73,5.9,96.15,80.67,15.75,47.87,56.83,3.66,97.9,warning,congestion
2025-01-01T07:54:40+00:00,cl-7,client,25.46,0.64,39.34,265.79,3.84,45.82,48.49,0.2,43.97,healthy,normal
2025-01-01T07:54:45+00:00,cl-6,client,389.23,93.34,1.1,6.51,49.43,6.26,12.68,73.24,2.26,offline,device_failure
2025-01-01T07:54:50+00:00,ro-8,router,87.62,9.2,86.7,121.84,33.8,54.68,58.01,5.25,96.75,warning,congestion
2025-01-01T07:54:55+00:00,co-3,core_switch,36.7,1.12,23.14,201.72,2.55,44.59,51.08,0.36,17.46,healthy,normal
2025-01-01T07:55:00+00:00,co-1,core_switch,140.38,5.41,52.04,145.77,9.47,97.58,84.46,3.15,87.78,warning,device_overload
2025-01-01T07:55:05+00:00,ac-7,access_switch,71.35,8.76,89.07,550.51,23.62,76.39,72.8,3.8,97.26,warning,traffic_spike
2025-01-01T07:55:10+00:00,ro-5,router,31.13,0.13,25.96,288.55,3.51,30.42,61.61,0.86,32.78,healthy,normal
2025-01-01T07:55:15+00:00,ro-5,router,245.34,98.14,7.6,1.36,85.54,37.2,56.61,60.5,10.58,warning,link_failure
2025-01-01T07:55:20+00:00,ac-2,access_switch,60.4,4.01,97.31,606.31,14.07,97.99,79.68,3.46,91.37,warning,traffic_spike
2025-01-01T07:55:25+00:00,co-5,core_switch,107.19,3.22,90.96,837.51,27.44,97.31,66.82,2.39,94.46,warning,traffic_spike
2025-01-01T07:55:30+00:00,cl-2,client,91.63,6.83,60.84,74.28,13.33,94.58,91.88,6.85,47.0,warning,device_overload
2025-01-01T07:55:35+00:00,co-3,core_switch,248.01,73.95,10.11,15.7,65.23,52.14,61.22,54.33,13.46,warning,link_failure
2025-01-01T07:55:40+00:00,ro-8,router,60.34,4.92,91.45,851.26,15.87,86.64,53.59,3.89,98.5,warning,traffic_spike
2025-01-01T07:55:45+00:00,ro-5,router,39.02,0.23,54.43,251.46,3.79,23.83,28.0,0.15,19.81,healthy,normal
2025-01-01T07:55:50+00:00,da-2,database,321.67,86.64,9.16,4.39,83.62,63.74,57.67,24.07,7.34,offline,link_failure
2025-01-01T07:55:55+00:00,da-7,database,18.73,1.0,47.87,184.38,0.89,49.17,40.53,0.35,54.82,healthy,normal
2025-01-01T07:56:00+00:00,co-6,core_switch,17.29,1.49,53.57,255.14,3.34,28.92,31.49,0.57,18.49,healthy,normal
2025-01-01T07:56:05+00:00,se-2,server,127.94,2.59,96.34,878.42,16.22,78.52,60.98,4.87,92.32,warning,traffic_spike
2025-01-01T07:56:10+00:00,ro-3,router,116.81,5.91,88.62,783.16,13.72,77.29,83.58,2.88,99.27,warning,traffic_spike
2025-01-01T07:56:15+00:00,da-1,database,80.12,6.63,95.28,473.82,12.78,89.94,58.58,2.64,96.09,warning,traffic_spike
2025-01-01T07:56:20+00:00,da-6,database,32.91,0.24,39.75,206.6,4.86,26.58,61.27,0.54,54.5,healthy,normal
2025-01-01T07:56:25+00:00,ac-8,access_switch,110.61,6.9,70.94,94.28,7.2,94.2,86.46,1.16,59.8,warning,device_overload
2025-01-01T07:56:30+00:00,se-4,server,21.12,0.73,19.8,232.65,5.28,30.18,43.5,0.24,30.08,healthy,normal
2025-01-01T07:56:35+00:00,da-3,database,20.11,0.97,51.78,280.67,2.63,21.51,34.03,0.19,42.84,healthy,normal
2025-01-01T07:56:40+00:00,se-2,server,25.85,0.93,42.09,119.86,5.23,24.4,54.52,0.82,15.54,healthy,normal
2025-01-01T07:56:45+00:00,ro-6,router,40.18,0.95,56.3,187.41,3.2,33.13,35.23,0.6,41.76,healthy,normal
2025-01-01T07:56:50+00:00,ro-7,router,171.44,9.77,96.34,169.26,17.86,50.41,45.84,4.6,86.75,warning,congestion
2025-01-01T07:56:55+00:00,ro-5,router,129.34,4.68,50.52,147.64,15.88,98.33,93.18,7.33,87.01,warning,device_overload
2025-01-01T07:57:00+00:00,ac-4,access_switch,395.76,98.05,2.2,3.08,98.45,10.85,8.43,69.58,3.37,offline,device_failure
2025-01-01T07:57:05+00:00,da-7,database,11.14,1.34,42.43,144.15,4.82,21.64,61.28,0.5,51.77,healthy,normal
2025-01-01T07:57:10+00:00,ac-4,access_switch,24.67,0.49,41.35,139.9,4.4,29.99,29.81,0.57,16.46,healthy,normal
2025-01-01T07:57:15+00:00,da-8,database,14.85,0.61,36.87,300.41,5.1,34.86,41.87,0.85,55.08,healthy,normal
2025-01-01T07:57:20+00:00,da-8,database,13.93,1.28,42.08,165.92,5.75,24.49,45.84,0.0,17.05,healthy,normal
2025-01-01T07:57:25+00:00,co-3,core_switch,130.98,3.99,67.53,189.41,12.66,90.34,99.07,5.1,78.59,warning,device_overload
2025-01-01T07:57:30+00:00,se-1,server,23.81,0.1,50.95,274.37,5.57,15.37,33.58,0.07,52.44,healthy,normal
2025-01-01T07:57:35+00:00,ro-5,router,16.56,0.84,18.11,187.78,1.86,30.89,64.36,0.01,33.74,healthy,normal
2025-01-01T07:57:40+00:00,ac-4,access_switch,128.86,10.5,94.1,112.12,32.44,57.23,56.32,2.65,98.83,warning,congestion
2025-01-01T07:57:45+00:00,cl-8,client,40.29,0.45,59.51,300.01,3.15,16.27,58.06,0.67,25.31,healthy,normal
2025-01-01T07:57:50+00:00,se-2,server,469.65,82.76,7.81,16.01,43.88,56.73,32.02,50.34,7.33,offline,link_failure
2025-01-01T07:57:55+00:00,co-7,core_switch,243.97,97.12,1.84,4.58,76.99,3.1,11.24,72.14,0.06,offline,device_failure
2025-01-01T07:58:00+00:00,co-6,core_switch,143.58,4.92,65.39,150.43,15.14,90.07,95.44,2.96,87.27,warning,device_overload
2025-01-01T07:58:05+00:00,ac-8,access_switch,119.06,8.61,91.74,519.67,19.82,86.91,55.99,1.2,94.03,warning,traffic_spike
2025-01-01T07:58:10+00:00,co-4,core_switch,211.83,12.71,97.81,105.16,14.68,46.82,47.55,3.29,97.09,warning,congestion
2025-01-01T07:58:15+00:00,cl-1,client,11.27,0.69,33.8,117.14,1.85,47.97,52.13,0.76,39.0,healthy,normal
2025-01-01T07:58:20+00:00,ac-5,access_switch,151.81,1.59,55.38,74.34,11.47,88.93,99.71,2.28,59.59,warning,device_overload
2025-01-01T07:58:25+00:00,da-6,database,38.16,1.24,60.35,155.97,5.2,42.25,35.77,0.58,35.73,healthy,normal
2025-01-01T07:58:30+00:00,ac-1,access_switch,104.65,11.97,85.68,148.18,32.6,66.72,45.94,5.55,99.46,warning,congestion
2025-01-01T07:58:35+00:00,ac-6,access_switch,485.71,97.63,4.07,6.72,70.57,1.94,0.2,38.39,3.48,warning,device_failure
2025-01-01T07:58:40+00:00,da-4,database,25.18,0.58,60.23,120.56,2.59,44.35,44.76,0.44,25.45,healthy,normal
2025-01-01T07:58:45+00:00,da-2,database,13.93,0.45,43.67,227.46,5.23,31.08,49.28,0.49,29.78,healthy,normal
2025-01-01T07:58:50+00:00,ro-1,router,37.2,0.25,55.82,314.36,3.18,21.86,62.15,0.18,20.69,healthy,normal
2025-01-01T07:58:55+00:00,co-3,core_switch,37.69,0.05,28.88,277.13,2.08,43.34,37.27,0.77,34.0,healthy,normal
2025-01-01T07:59:00+00:00,cl-5,client,34.89,0.0,63.71,201.86,5.86,52.67,54.14,0.49,33.78,healthy,normal
2025-01-01T07:59:05+00:00,cl-7,client,39.91,0.94,51.86,153.56,1.16,39.13,39.54,0.83,18.69,healthy,normal
2025-01-01T07:59:10+00:00,cl-2,client,36.03,0.43,33.16,228.28,1.35,51.38,53.37,0.16,57.1,healthy,normal
2025-01-01T07:59:15+00:00,ro-7,router,482.23,88.8,1.71,2.53,46.64,7.2,1.11,61.53,7.4,offline,device_failure
2025-01-01T07:59:20+00:00,da-5,database,319.82,91.63,0.25,23.82,41.01,34.51,64.42,21.99,16.87,warning,link_failure
2025-01-01T07:59:25+00:00,ac-8,access_switch,415.13,97.64,6.45,0.3,78.01,2.13,11.86,78.21,1.77,offline,device_failure
2025-01-01T07:59:30+00:00,cl-5,client,112.71,5.88,93.57,786.0,20.6,80.58,51.94,2.11,96.17,warning,traffic_spike
2025-01-01T07:59:35+00:00,co-8,core_switch,73.51,8.77,97.53,853.45,12.93,70.12,53.63,3.79,93.25,warning,traffic_spike
2025-01-01T07:59:40+00:00,co-3,core_switch,217.75,5.03,95.01,109.67,32.56,49.07,76.31,5.1,95.58,warning,congestion
2025-01-01T07:59:45+00:00,ro-7,router,29.47,0.62,28.11,113.2,2.16,52.14,53.44,0.55,42.09,healthy,normal
2025-01-01T07:59:50+00:00,ac-1,access_switch,35.61,0.21,63.46,210.19,2.31,40.34,65.27,0.64,21.02,healthy,normal
2025-01-01T07:59:55+00:00,cl-7,client,136.1,7.78,87.78,110.2,22.67,47.03,66.17,5.79,96.32,warning,congestion
2025-01-01T08:00:00+00:00,ac-7,access_switch,11.9,0.24,20.85,299.36,3.89,23.55,67.78,0.64,55.99,healthy,normal
2025-01-01T08:00:05+00:00,ro-7,router,34.65,0.28,24.7,180.67,4.89,58.95,36.43,0.71,43.9,healthy,normal
2025-01-01T08:00:10+00:00,da-8,database,26.46,1.23,39.01,180.13,1.58,53.11,33.83,0.34,19.46,healthy,normal
2025-01-01T08:00:15+00:00,da-3,database,13.61,0.79,26.14,278.16,4.93,16.94,29.64,0.71,31.59,healthy,normal
2025-01-01T08:00:20+00:00,da-7,database,36.27,0.91,26.46,283.5,5.97,28.08,50.96,0.69,15.86,healthy,normal
2025-01-01T08:00:25+00:00,ac-6,access_switch,22.09,0.11,34.89,140.07,5.46,21.89,61.52,0.36,63.03,healthy,normal
2025-01-01T08:00:30+00:00,ac-8,access_switch,136.51,10.81,97.86,54.9,26.77,45.56,53.62,6.07,86.69,warning,congestion
2025-01-01T08:00:35+00:00,cl-8,client,26.84,1.25,46.62,176.16,4.21,37.58,41.03,0.38,18.84,healthy,normal
2025-01-01T08:00:40+00:00,ro-8,router,465.66,98.14,4.38,4.9,86.89,7.29,0.18,57.86,4.4,offline,device_failure
2025-01-01T08:00:45+00:00,ro-4,router,13.68,0.55,60.32,211.61,4.96,23.35,67.3,0.37,34.11,healthy,normal
2025-01-01T08:00:50+00:00,co-5,core_switch,311.33,97.37,9.03,0.23,68.9,3.88,6.39,89.78,4.1,offline,device_failure
2025-01-01T08:00:55+00:00,ac-6,access_switch,29.95,0.93,45.49,218.05,2.69,57.97,63.41,0.11,30.99,healthy,normal
2025-01-01T08:01:00+00:00,cl-1,client,25.91,0.44,25.46,145.52,4.86,59.52,58.34,0.67,56.5,healthy,normal
2025-01-01T08:01:05+00:00,ro-5,router,20.31,1.4,26.31,138.83,4.04,49.14,29.88,0.81,28.73,healthy,normal
2025-01-01T08:01:10+00:00,da-4,database,32.99,0.49,42.02,152.29,5.36,18.18,46.47,0.37,15.6,healthy,normal
2025-01-01T08:01:15+00:00,cl-6,client,13.52,0.4,20.39,155.82,5.6,59.11,34.87,0.18,34.83,healthy,normal
2025-01-01T08:01:20+00:00,ac-8,access_switch,14.74,1.14,49.94,154.33,1.17,52.69,57.53,0.37,59.83,healthy,normal
2025-01-01T08:01:25+00:00,co-4,core_switch,26.09,0.64,43.0,199.11,5.72,50.46,55.14,0.78,41.2,healthy,normal
2025-01-01T08:01:30+00:00,cl-4,client,26.76,1.22,53.79,170.39,2.87,45.36,36.44,0.66,30.33,healthy,normal
2025-01-01T08:01:35+00:00,ac-2,access_switch,20.64,1.14,36.9,224.43,5.99,22.05,50.8,0.52,51.51,healthy,normal
2025-01-01T08:01:40+00:00,ro-3,router,158.5,11.54,93.35,48.86,35.92,81.98,58.86,5.19,87.12,warning,congestion
2025-01-01T08:01:45+00:00,da-8,database,355.02,99.54,1.16,4.73,67.24,6.23,13.36,65.85,6.53,warning,device_failure
2025-01-01T08:01:50+00:00,co-2,core_switch,32.76,0.73,52.6,172.23,4.58,28.98,39.2,0.34,38.39,healthy,normal
2025-01-01T08:01:55+00:00,se-6,server,41.83,1.31,42.81,174.46,3.57,24.7,64.71,0.71,21.06,healthy,normal
2025-01-01T08:02:00+00:00,ro-3,router,110.43,4.93,94.02,757.08,14.34,95.85,62.34,2.26,90.35,warning,traffic_spike
2025-01-01T08:02:05+00:00,cl-5,client,37.22,1.39,21.94,133.68,2.18,56.52,40.35,0.45,17.88,healthy,normal
2025-01-01T08:02:10+00:00,ac-6,access_switch,263.95,77.91,13.94,13.8,44.27,56.61,44.85,24.46,13.62,offline,link_failure
2025-01-01T08:02:15+00:00,co-3,core_switch,22.97,0.34,39.13,308.59,5.79,16.51,39.35,0.06,57.99,healthy,normal
2025-01-01T08:02:20+00:00,ro-3,router,206.61,5.87,95.24,168.69,14.57,65.46,70.04,3.08,87.18,warning,congestion
2025-01-01T08:02:25+00:00,da-8,database,117.37,9.44,89.89,488.85,14.57,74.48,53.33,3.64,92.17,warning,traffic_spike
2025-01-01T08:02:30+00:00,ac-8,access_switch,63.02,3.04,80.53,139.11,20.67,96.21,97.8,1.65,80.55,warning,device_overload
2025-01-01T08:02:35+00:00,co-7,core_switch,14.65,1.16,62.92,168.68,5.19,47.84,48.69,0.17,39.9,healthy,normal
2025-01-01T08:02:40+00:00,ac-3,access_switch,170.91,9.18,85.76,160.18,18.58,76.87,56.05,2.9,94.27,warning,congestion
2025-01-01T08:02:45+00:00,se-6,server,31.96,1.22,36.74,242.05,3.14,47.02,31.07,0.55,58.13,healthy,normal
2025-01-01T08:02:50+00:00,da-2,database,22.55,0.06,42.06,133.82,1.35,19.57,25.48,0.02,51.99,healthy,normal
2025-01-01T08:02:55+00:00,cl-8,client,17.37,0.45,20.32,139.85,4.57,35.83,24.16,0.04,62.68,healthy,normal
2025-01-01T08:03:00+00:00,se-1,server,176.12,8.99,86.87,56.2,15.37,56.67,76.03,6.51,97.63,warning,congestion
2025-01-01T08:03:05+00:00,ro-7,router,31.01,0.74,41.04,274.43,2.13,45.87,40.93,0.75,36.07,healthy,normal
2025-01-01T08:03:10+00:00,da-5,database,199.02,13.61,87.52,57.7,20.87,78.35,68.4,5.48,93.16,warning,congestion
2025-01-01T08:03:15+00:00,ac-4,access_switch,26.07,0.84,64.5,174.44,1.35,33.76,62.92,0.44,36.61,healthy,normal
2025-01-01T08:03:20+00:00,se-4,server,140.34,4.74,90.06,840.6,9.84,81.99,70.48,1.46,91.83,warning,traffic_spike
2025-01-01T08:03:25+00:00,se-2,server,27.69,0.78,19.12,328.28,1.92,29.66,66.27,0.61,36.67,healthy,normal
2025-01-01T08:03:30+00:00,se-8,server,67.29,3.02,71.11,105.84,22.77,96.49,92.87,4.04,75.05,warning,device_overload
2025-01-01T08:03:35+00:00,ac-3,access_switch,16.59,0.92,42.93,224.38,3.27,56.0,38.6,0.31,56.41,healthy,normal
2025-01-01T08:03:40+00:00,se-3,server,20.48,1.42,36.94,221.48,1.31,43.22,24.46,0.49,65.2,healthy,normal
2025-01-01T08:03:45+00:00,se-7,server,214.1,89.7,6.86,2.8,40.22,54.56,42.65,25.65,6.74,warning,link_failure
2025-01-01T08:03:50+00:00,co-3,core_switch,172.31,1.17,48.81,171.82,17.81,97.04,90.96,5.27,85.17,warning,device_overload
2025-01-01T08:03:55+00:00,cl-8,client,149.47,7.87,76.16,56.32,20.84,88.72,94.16,3.51,55.31,warning,device_overload
2025-01-01T08:04:00+00:00,cl-6,client,391.32,90.83,5.59,7.76,81.03,3.7,0.87,50.86,7.77,warning,device_failure
2025-01-01T08:04:05+00:00,da-2,database,20.14,0.48,22.79,284.19,3.03,46.41,58.94,0.28,48.59,healthy,normal
2025-01-01T08:04:10+00:00,ro-1,router,81.13,4.15,89.65,900.98,13.2,79.23,85.99,3.12,92.0,warning,traffic_spike
2025-01-01T08:04:15+00:00,ac-8,access_switch,457.67,87.32,15.68,4.61,79.44,59.34,52.74,55.75,0.4,offline,link_failure
2025-01-01T08:04:20+00:00,ac-8,access_switch,471.77,85.13,20.65,3.7,31.46,59.25,48.38,40.57,17.43,offline,link_failure
2025-01-01T08:04:25+00:00,ro-5,router,35.41,1.38,20.47,219.39,3.62,57.95,34.38,0.1,65.81,healthy,normal
2025-01-01T08:04:30+00:00,se-6,server,106.58,14.63,85.74,54.87,19.6,51.1,43.24,6.83,87.31,warning,congestion
2025-01-01T08:04:35+00:00,ro-6,router,255.6,87.74,14.28,3.21,73.91,61.19,55.58,25.06,14.51,offline,link_failure
2025-01-01T08:04:40+00:00,ac-7,access_switch,17.87,0.37,23.04,312.21,3.26,40.62,47.55,0.13,65.78,healthy,normal
2025-01-01T08:04:45+00:00,ro-2,router,97.02,2.21,92.51,745.26,21.81,77.89,58.7,1.38,90.61,warning,traffic_spike
2025-01-01T08:04:50+00:00,cl-4,client,22.13,0.9,52.69,225.02,4.9,33.29,38.92,0.06,28.5,healthy,normal
2025-01-01T08:04:55+00:00,co-7,core_switch,77.57,3.47,92.57,772.55,9.11,77.36,62.94,0.84,90.4,warning,traffic_spike
2025-01-01T08:05:00+00:00,se-8,server,103.02,15.57,92.13,148.86,19.14,55.92,59.79,5.86,93.1,warning,congestion
2025-01-01T08:05:05+00:00,cl-1,client,110.34,3.31,56.17,61.47,18.9,94.14,95.28,1.42,81.95,warning,device_overload
2025-01-01T08:05:10+00:00,se-6,server,34.27,0.4,57.32,240.74,1.59,50.75,66.59,0.21,28.18,healthy,normal
2025-01-01T08:05:15+00:00,se-6,server,82.75,6.37,88.06,516.78,8.3,86.37,66.03,2.26,92.01,warning,traffic_spike
2025-01-01T08:05:20+00:00,se-6,server,139.11,5.31,67.62,72.97,17.74,92.63,86.04,2.51,57.92,warning,device_overload
2025-01-01T08:05:25+00:00,co-4,core_switch,93.07,7.45,70.47,118.53,10.86,90.77,90.28,5.29,62.92,warning,device_overload
2025-01-01T08:05:30+00:00,ac-4,access_switch,40.07,0.1,48.21,132.82,4.03,32.09,58.41,0.21,21.63,healthy,normal
2025-01-01T08:05:35+00:00,ro-7,router,40.7,0.93,31.21,132.9,1.43,21.82,58.31,0.3,24.07,healthy,normal
2025-01-01T08:05:40+00:00,ac-2,access_switch,37.55,1.18,26.44,205.25,1.07,31.96,33.98,0.46,47.55,healthy,normal
2025-01-01T08:05:45+00:00,ac-6,access_switch,18.7,0.05,36.4,244.3,3.95,26.24,59.18,0.78,17.77,healthy,normal
2025-01-01T08:05:50+00:00,da-5,database,126.32,6.32,58.55,185.88,13.42,98.39,91.25,7.58,83.54,warning,device_overload
2025-01-01T08:05:55+00:00,se-6,server,12.32,0.36,44.3,204.7,5.9,41.6,55.08,0.5,15.62,healthy,normal
2025-01-01T08:06:00+00:00,co-3,core_switch,18.29,0.15,28.45,145.23,1.23,42.57,62.49,0.82,54.41,healthy,normal
2025-01-01T08:06:05+00:00,ro-3,router,18.32,0.61,29.76,263.96,5.28,27.99,67.31,0.22,43.54,healthy,normal
2025-01-01T08:06:10+00:00,ro-6,router,372.77,96.61,8.4,3.35,47.77,11.33,9.77,89.0,2.11,warning,device_failure
2025-01-01T08:06:15+00:00,ro-4,router,11.17,0.52,26.75,234.38,1.87,35.35,48.87,0.46,26.79,healthy,normal
2025-01-01T08:06:20+00:00,se-7,server,496.56,95.17,5.8,7.8,85.41,8.36,0.92,60.73,2.67,offline,device_failure
2025-01-01T08:06:25+00:00,ro-5,router,127.74,5.55,95.17,68.55,33.16,78.57,65.98,2.89,86.68,warning,congestion
2025-01-01T08:06:30+00:00,cl-3,client,19.63,1.21,57.89,289.61,3.38,56.39,65.79,0.47,64.28,healthy,normal
2025-01-01T08:06:35+00:00,co-8,core_switch,62.7,4.8,96.84,542.67,9.09,89.08,77.0,3.81,94.52,warning,traffic_spike
2025-01-01T08:06:40+00:00,se-1,server,380.88,94.07,8.79,0.8,73.16,5.02,12.51,68.95,6.26,offline,device_failure
2025-01-01T08:06:45+00:00,co-7,core_switch,128.55,5.0,74.53,174.12,16.38,90.61,91.87,1.21,47.21,warning,device_overload
2025-01-01T08:06:50+00:00,co-2,core_switch,60.56,6.32,98.96,488.11,24.37,95.96,70.1,0.9,98.84,warning,traffic_spike
2025-01-01T08:06:55+00:00,da-4,database,295.83,90.54,4.31,5.48,81.3,3.47,1.9,78.59,5.56,offline,device_failure
2025-01-01T08:07:00+00:00,co-5,core_switch,129.83,4.41,77.16,60.99,11.46,92.51,86.98,7.43,84.49,warning,device_overload
2025-01-01T08:07:05+00:00,ro-4,router,405.44,99.25,8.79,0.57,60.09,0.5,3.74,47.53,4.91,offline,device_failure
2025-01-01T08:07:10+00:00,cl-7,client,14.14,0.17,60.72,114.46,3.99,27.45,61.08,0.45,19.16,healthy,normal
2025-01-01T08:07:15+00:00,da-3,database,12.24,1.35,56.07,147.31,2.75,51.57,35.17,0.26,42.46,healthy,normal
2025-01-01T08:07:20+00:00,ro-7,router,414.01,92.48,21.49,1.9,79.31,20.82,53.79,62.44,13.36,offline,link_failure
2025-01-01T08:07:25+00:00,se-2,server,61.66,3.83,90.67,595.73,24.67,86.03,82.05,1.67,92.32,warning,traffic_spike
2025-01-01T08:07:30+00:00,cl-3,client,34.93,0.31,51.09,296.97,2.06,55.1,45.04,0.87,55.18,healthy,normal
2025-01-01T08:07:35+00:00,cl-5,client,36.79,0.16,45.93,273.94,3.77,33.93,63.24,0.15,50.05,healthy,normal
2025-01-01T08:07:40+00:00,se-4,server,55.49,5.8,89.62,553.46,8.2,79.88,69.95,4.56,90.12,warning,traffic_spike
2025-01-01T08:07:45+00:00,cl-6,client,154.68,5.63,45.37,150.77,21.43,96.4,94.06,5.7,73.78,warning,device_overload
2025-01-01T08:07:50+00:00,ac-2,access_switch,25.74,0.73,41.46,265.58,4.73,22.07,28.97,0.12,48.08,healthy,normal
2025-01-01T08:07:55+00:00,ac-7,access_switch,19.37,0.16,45.57,110.97,1.18,51.96,51.14,0.2,44.13,healthy,normal
2025-01-01T08:08:00+00:00,ro-4,router,11.51,0.25,63.15,221.59,4.87,24.06,35.96,0.27,34.95,healthy,normal
2025-01-01T08:08:05+00:00,da-1,database,22.12,0.86,43.82,315.03,2.29,42.54,24.83,0.35,36.14,healthy,normal
2025-01-01T08:08:10+00:00,ac-7,access_switch,131.56,2.53,93.56,667.84,19.55,88.83,87.33,0.56,91.37,warning,traffic_spike
2025-01-01T08:08:15+00:00,ac-3,access_switch,217.22,7.2,88.04,82.63,37.88,46.53,53.16,4.87,88.4,warning,congestion
2025-01-01T08:08:20+00:00,da-3,database,160.27,1.14,73.47,185.68,17.95,89.75,99.86,1.07,45.16,warning,device_overload
2025-01-01T08:08:25+00:00,se-8,server,97.67,2.4,99.26,784.39,24.62,95.12,73.15,1.87,91.34,warning,traffic_spike
2025-01-01T08:08:30+00:00,ro-7,router,126.97,6.81,65.94,162.44,18.12,92.05,91.79,6.67,86.28,warning,device_overload
2025-01-01T08:08:35+00:00,ac-6,access_switch,174.86,15.61,86.19,86.91,15.26,74.79,65.97,5.35,90.42,warning,congestion
2025-01-01T08:08:40+00:00,cl-6,client,386.47,84.82,6.29,1.65,57.43,43.85,71.77,21.6,13.45,offline,link_failure
2025-01-01T08:08:45+00:00,se-6,server,12.03,0.39,35.45,161.72,4.33,46.38,35.8,0.74,51.61,healthy,normal
2025-01-01T08:08:50+00:00,ro-4,router,15.38,1.46,41.23,251.55,1.07,57.63,58.07,0.77,52.15,healthy,normal
2025-01-01T08:08:55+00:00,cl-4,client,35.51,0.99,56.63,192.08,1.1,46.71,58.62,0.65,33.76,healthy,normal
2025-01-01T08:09:00+00:00,co-3,core_switch,15.9,1.05,36.89,118.13,3.16,31.15,30.33,0.56,52.83,healthy,normal
2025-01-01T08:09:05+00:00,co-3,core_switch,93.75,14.85,92.77,122.04,15.54,50.52,53.19,2.13,94.69,warning,congestion
2025-01-01T08:09:10+00:00,ro-2,router,391.1,79.58,7.3,16.69,59.03,39.73,41.46,28.86,2.41,offline,link_failure
2025-01-01T08:09:15+00:00,co-5,core_switch,105.18,5.84,93.3,561.64,17.42,74.18,72.39,3.76,96.23,warning,traffic_spike
2025-01-01T08:09:20+00:00,cl-8,client,11.27,0.78,56.84,216.88,0.86,56.9,32.52,0.11,45.7,healthy,normal
2025-01-01T08:09:25+00:00,cl-8,client,151.81,2.69,48.44,126.65,22.35,96.54,97.89,4.13,63.44,warning,device_overload
2025-01-01T08:09:30+00:00,ac-2,access_switch,102.99,1.43,48.87,109.17,11.17,90.77,92.96,1.6,58.02,warning,device_overload
2025-01-01T08:09:35+00:00,se-7,server,34.3,0.37,37.2,231.4,3.97,39.69,37.25,0.01,56.37,healthy,normal
2025-01-01T08:09:40+00:00,co-3,core_switch,142.91,3.78,91.87,719.08,22.48,73.88,67.07,0.55,98.84,warning,traffic_spike
2025-01-01T08:09:45+00:00,cl-6,client,153.86,1.11,70.44,150.66,22.37,97.9,84.04,2.21,51.11,warning,device_overload
2025-01-01T08:09:50+00:00,se-4,server,29.78,0.62,55.71,208.06,5.45,55.86,25.88,0.64,16.15,healthy,normal
2025-01-01T08:09:55+00:00,ro-4,router,30.2,0.01,24.38,156.44,4.26,26.24,55.23,0.2,50.78,healthy,normal
2025-01-01T08:10:00+00:00,ac-7,access_switch,390.51,81.38,0.83,3.3,58.53,34.03,29.69,27.75,15.28,warning,link_failure
2025-01-01T08:10:05+00:00,da-3,database,18.03,0.88,35.99,151.05,5.76,25.21,51.32,0.44,29.47,healthy,normal
2025-01-01T08:10:10+00:00,ac-4,access_switch,106.49,7.79,96.41,454.22,26.06,79.4,52.06,2.56,91.9,warning,traffic_spike
2025-01-01T08:10:15+00:00,ro-2,router,325.36,88.37,4.6,5.02,48.29,11.59,11.59,57.67,6.62,warning,device_failure
2025-01-01T08:10:20+00:00,cl-6,client,28.4,0.99,35.02,255.32,4.82,43.95,32.85,0.77,18.22,healthy,normal
2025-01-01T08:10:25+00:00,da-4,database,135.22,2.66,51.03,92.14,16.66,86.13,85.28,7.68,52.33,warning,device_overload
2025-01-01T08:10:30+00:00,da-1,database,398.18,83.67,18.4,22.12,37.33,48.16,46.0,40.55,10.6,offline,link_failure
2025-01-01T08:10:35+00:00,cl-3,client,18.58,1.06,48.65,261.37,3.95,22.67,47.02,0.53,25.46,healthy,normal
2025-01-01T08:10:40+00:00,cl-7,client,158.8,5.24,95.08,89.03,30.77,52.13,43.95,2.92,92.24,warning,congestion
2025-01-01T08:10:45+00:00,co-5,core_switch,29.78,0.46,52.87,149.23,3.61,55.38,63.21,0.14,33.9,healthy,normal
2025-01-01T08:10:50+00:00,se-2,server,360.78,94.44,8.42,1.26,70.22,2.22,3.35,68.86,0.18,offline,device_failure
2025-01-01T08:10:55+00:00,ro-3,router,41.59,0.88,28.76,200.29,5.19,20.27,31.95,0.75,30.38,healthy,normal
2025-01-01T08:11:00+00:00,cl-4,client,95.89,7.29,80.5,111.39,17.64,94.64,85.83,7.42,65.53,warning,device_overload
2025-01-01T08:11:05+00:00,co-5,core_switch,235.95,93.59,0.31,6.59,53.33,7.92,13.23,58.31,3.23,offline,device_failure
2025-01-01T08:11:10+00:00,cl-7,client,16.03,1.05,50.25,164.84,4.45,18.42,30.54,0.35,30.65,healthy,normal
2025-01-01T08:11:15+00:00,cl-6,client,18.04,0.3,41.71,288.3,0.87,58.07,39.25,0.04,43.58,healthy,normal
2025-01-01T08:11:20+00:00,co-2,core_switch,34.13,1.3,52.0,309.99,5.3,22.81,31.96,0.01,55.56,healthy,normal
2025-01-01T08:11:25+00:00,da-5,database,401.39,98.67,4.98,4.59,74.19,3.18,1.12,42.7,1.94,offline,device_failure
2025-01-01T08:11:30+00:00,ac-3,access_switch,332.96,79.74,20.65,0.62,64.17,62.67,34.9,26.83,7.61,offline,link_failure
2025-01-01T08:11:35+00:00,co-3,core_switch,35.46,0.84,64.38,313.7,4.96,37.52,25.66,0.23,26.09,healthy,normal
2025-01-01T08:11:40+00:00,ac-6,access_switch,145.13,1.97,68.27,112.28,18.24,97.97,92.27,1.21,66.87,warning,device_overload
2025-01-01T08:11:45+00:00,ro-8,router,22.5,0.04,48.96,316.45,1.84,29.22,45.91,0.21,53.97,healthy,normal
2025-01-01T08:11:50+00:00,da-6,database,213.81,6.83,90.95,87.03,17.67,67.02,66.99,4.82,93.98,warning,congestion
2025-01-01T08:11:55+00:00,ac-4,access_switch,144.76,8.55,98.92,746.03,21.59,90.17,87.44,1.39,97.2,warning,traffic_spike
2025-01-01T08:12:00+00:00,se-5,server,463.26,90.92,7.31,4.95,53.84,10.82,6.99,39.92,7.3,offline,device_failure
2025-01-01T08:12:05+00:00,da-1,database,36.48,0.59,29.8,178.04,2.7,43.9,41.89,0.43,43.44,healthy,normal
2025-01-01T08:12:10+00:00,da-3,database,90.84,9.57,92.28,584.85,10.95,91.0,52.01,0.93,95.27,warning,traffic_spike
2025-01-01T08:12:15+00:00,ro-7,router,41.61,1.45,55.56,301.45,4.57,15.54,54.75,0.83,31.67,healthy,normal
2025-01-01T08:12:20+00:00,se-6,server,13.33,0.41,22.2,171.22,5.59,46.43,47.68,0.07,30.91,healthy,normal
2025-01-01T08:12:25+00:00,ac-2,access_switch,17.19,0.98,26.0,286.15,4.82,17.89,55.29,0.08,15.48,healthy,normal
2025-01-01T08:12:30+00:00,ro-1,router,21.02,1.0,52.18,271.31,4.28,19.58,37.42,0.29,50.78,healthy,normal
2025-01-01T08:12:35+00:00,cl-2,client,58.09,7.87,96.4,875.48,15.13,85.37,79.72,2.29,92.92,warning,traffic_spike
2025-01-01T08:12:40+00:00,ac-7,access_switch,21.9,0.83,31.65,201.89,1.51,47.35,37.92,0.48,28.17,healthy,normal
2025-01-01T08:12:45+00:00,co-3,core_switch,91.95,4.52,94.68,89.85,12.58,50.18,60.66,5.05,92.11,warning,congestion
2025-01-01T08:12:50+00:00,se-7,server,33.71,0.88,20.24,237.39,3.22,26.14,43.64,0.31,33.79,healthy,normal
2025-01-01T08:12:55+00:00,da-4,database,211.11,91.16,4.17,9.19,52.92,59.59,29.3,27.39,6.45,offline,link_failure
2025-01-01T08:13:00+00:00,co-4,core_switch,41.11,0.84,25.84,304.65,4.18,39.14,52.05,0.18,49.25,healthy,normal
2025-01-01T08:13:05+00:00,se-6,server,129.73,2.75,70.02,140.69,14.65,99.51,87.47,6.46,78.59,warning,device_overload
2025-01-01T08:13:10+00:00,se-3,server,210.12,9.66,99.58,151.01,26.87,54.32,65.98,6.85,93.75,warning,congestion
2025-01-01T08:13:15+00:00,cl-1,client,24.21,0.39,34.24,245.34,2.22,19.65,65.79,0.79,30.59,healthy,normal
2025-01-01T08:13:20+00:00,co-6,core_switch,11.57,0.86,39.44,144.26,5.3,32.88,57.41,0.24,31.0,healthy,normal
2025-01-01T08:13:25+00:00,ac-4,access_switch,322.73,72.35,19.76,17.67,30.0,36.4,60.07,32.49,8.65,offline,link_failure
2025-01-01T08:13:30+00:00,cl-3,client,292.69,96.76,1.76,3.75,58.05,5.87,11.66,63.52,3.47,warning,device_failure
2025-01-01T08:13:35+00:00,se-6,server,16.78,1.18,58.18,254.05,1.12,29.07,44.74,0.45,37.8,healthy,normal
2025-01-01T08:13:40+00:00,cl-2,client,23.53,0.63,31.29,171.11,3.74,32.75,54.34,0.84,59.01,healthy,normal
2025-01-01T08:13:45+00:00,se-1,server,62.0,1.08,56.37,82.49,18.78,89.19,89.49,7.99,49.56,warning,device_overload
2025-01-01T08:13:50+00:00,cl-8,client,11.07,1.39,38.99,204.96,2.08,47.32,35.67,0.86,26.55,healthy,normal
2025-01-01T08:13:55+00:00,cl-8,client,30.37,0.42,34.9,215.57,4.74,21.92,27.74,0.13,21.31,healthy,normal
2025-01-01T08:14:00+00:00,ro-5,router,17.71,1.41,20.57,276.03,5.3,39.31,45.63,0.64,55.08,healthy,normal
2025-01-01T08:14:05+00:00,ac-2,access_switch,38.14,0.26,37.63,115.41,1.64,56.52,51.83,0.66,28.86,healthy,normal
2025-01-01T08:14:10+00:00,da-7,database,68.47,4.65,70.41,189.59,9.09,86.41,86.41,6.89,68.05,warning,device_overload
2025-01-01T08:14:15+00:00,co-1,core_switch,36.86,1.13,24.73,324.65,4.85,34.33,58.99,0.13,16.13,healthy,normal
2025-01-01T08:14:20+00:00,da-5,database,37.08,0.09,18.39,319.84,1.33,35.97,29.09,0.75,56.03,healthy,normal
2025-01-01T08:14:25+00:00,cl-5,client,144.47,5.82,93.16,138.93,34.9,80.42,45.83,3.2,86.52,warning,congestion
2025-01-01T08:14:30+00:00,ro-4,router,26.09,0.3,48.73,185.86,2.15,26.11,36.79,0.41,34.11,healthy,normal
2025-01-01T08:14:35+00:00,cl-6,client,38.38,1.16,52.18,200.0,0.81,58.65,60.34,0.64,62.87,healthy,normal
2025-01-01T08:14:40+00:00,se-4,server,316.69,97.6,4.07,16.97,58.65,55.78,47.49,31.69,2.49,offline,link_failure
2025-01-01T08:14:45+00:00,cl-2,client,25.38,1.2,26.71,189.74,2.32,39.91,64.51,0.3,21.46,healthy,normal
2025-01-01T08:14:50+00:00,da-1,database,29.57,0.01,23.13,147.54,2.08,58.2,53.94,0.01,62.98,healthy,normal
2025-01-01T08:14:55+00:00,da-1,database,24.34,0.35,62.63,233.41,3.7,28.74,61.92,0.54,37.02,healthy,normal
2025-01-01T08:15:00+00:00,cl-8,client,36.75,1.27,60.51,316.06,3.2,51.5,50.18,0.04,28.51,healthy,normal
2025-01-01T08:15:05+00:00,ac-3,access_switch,31.29,0.26,29.85,197.95,4.78,27.79,60.48,0.19,47.82,healthy,normal
2025-01-01T08:15:10+00:00,se-5,server,71.26,4.6,93.9,915.85,18.21,68.29,82.55,1.09,92.74,warning,traffic_spike
2025-01-01T08:15:15+00:00,co-4,core_switch,17.68,0.14,51.77,118.02,5.19,24.83,58.11,0.8,48.1,healthy,normal
2025-01-01T08:15:20+00:00,co-3,core_switch,254.07,83.76,1.41,20.97,41.52,24.42,48.06,34.74,2.48,offline,link_failure
2025-01-01T08:15:25+00:00,da-3,database,17.91,0.51,63.55,321.78,5.61,57.06,52.2,0.57,30.21,healthy,normal
2025-01-01T08:15:30+00:00,se-1,server,19.57,0.79,33.79,153.85,2.28,19.44,64.7,0.5,42.41,healthy,normal
2025-01-01T08:15:35+00:00,se-8,server,12.75,1.44,52.65,327.74,2.84,26.71,41.41,0.83,17.69,healthy,normal
2025-01-01T08:15:40+00:00,se-5,server,34.98,0.45,19.59,209.77,5.17,53.53,27.58,0.89,31.52,healthy,normal
2025-01-01T08:15:45+00:00,cl-2,client,16.12,0.15,28.99,167.41,5.54,41.6,45.6,0.52,22.77,healthy,normal
2025-01-01T08:15:50+00:00,ro-1,router,33.0,0.82,20.0,208.13,5.31,55.05,46.32,0.7,31.82,healthy,normal
2025-01-01T08:15:55+00:00,cl-3,client,368.85,96.1,1.49,6.25,70.41,11.97,13.98,81.38,6.38,offline,device_failure
2025-01-01T08:16:00+00:00,co-4,core_switch,78.55,9.73,94.3,503.02,13.49,91.58,77.41,1.04,96.52,warning,traffic_spike
2025-01-01T08:16:05+00:00,da-7,database,10.69,0.02,33.37,117.53,5.05,47.89,51.44,0.86,40.94,healthy,normal
2025-01-01T08:16:10+00:00,ro-2,router,389.33,95.93,0.48,11.13,57.11,30.41,70.09,40.92,0.61,offline,link_failure
2025-01-01T08:16:15+00:00,co-8,core_switch,40.19,1.01,55.16,192.53,1.51,58.67,25.9,0.4,38.78,healthy,normal
2025-01-01T08:16:20+00:00,da-4,database,40.16,0.81,28.18,261.25,3.77,15.61,41.28,0.7,44.39,healthy,normal
2025-01-01T08:16:25+00:00,ro-3,router,21.57,0.49,22.86,127.05,2.34,46.14,62.43,0.26,42.91,healthy,normal
2025-01-01T08:16:30+00:00,cl-7,client,24.15,1.36,23.32,133.41,1.05,35.93,40.96,0.83,24.48,healthy,normal
2025-01-01T08:16:35+00:00,cl-3,client,174.64,1.53,56.08,182.87,15.21,98.68,89.86,5.21,48.57,warning,device_overload
2025-01-01T08:16:40+00:00,co-5,core_switch,27.9,0.09,29.39,178.66,2.57,49.59,32.31,0.57,31.12,healthy,normal
2025-01-01T08:16:45+00:00,ro-7,router,21.58,0.87,22.54,189.44,4.65,36.46,67.36,0.51,19.67,healthy,normal
2025-01-01T08:16:50+00:00,cl-8,client,31.31,0.78,46.14,164.38,5.21,34.91,30.4,0.49,35.29,healthy,normal
2025-01-01T08:16:55+00:00,se-3,server,18.35,0.11,56.13,250.03,5.75,42.59,28.57,0.06,50.39,healthy,normal
2025-01-01T08:17:00+00:00,co-5,core_switch,419.7,79.8,4.05,20.68,37.04,27.2,57.55,58.77,13.17,warning,link_failure
2025-01-01T08:17:05+00:00,cl-3,client,170.15,7.11,88.28,147.67,13.14,69.46,75.17,2.69,89.48,warning,congestion
2025-01-01T08:17:10+00:00,co-6,core_switch,28.86,0.54,56.13,174.55,1.53,46.33,36.85,0.19,46.71,healthy,normal
2025-01-01T08:17:15+00:00,se-2,server,36.15,0.5,59.92,294.48,3.84,46.18,50.27,0.24,53.26,healthy,normal
2025-01-01T08:17:20+00:00,cl-7,client,368.41,84.92,5.37,18.37,42.83,46.32,42.49,53.2,0.79,offline,link_failure
2025-01-01T08:17:25+00:00,ac-2,access_switch,20.15,1.48,31.57,156.73,3.01,55.0,50.07,0.06,29.96,healthy,normal
2025-01-01T08:17:30+00:00,da-5,database,108.17,4.11,59.69,110.34,19.7,93.78,84.62,4.64,86.72,warning,device_overload
2025-01-01T08:17:35+00:00,ro-1,router,181.58,77.29,0.78,10.04,89.88,27.87,55.34,46.43,10.32,warning,link_failure
2025-01-01T08:17:40+00:00,co-4,core_switch,34.44,0.58,43.53,134.48,3.08,36.0,41.89,0.26,21.85,healthy,normal
2025-01-01T08:17:45+00:00,cl-6,client,11.18,1.37,51.2,251.01,5.61,35.74,39.32,0.18,55.69,healthy,normal
2025-01-01T08:17:50+00:00,co-6,core_switch,369.67,72.56,3.92,4.01,30.34,22.27,29.86,25.24,2.92,offline,link_failure
2025-01-01T08:17:55+00:00,co-5,core_switch,13.4,1.44,50.23,310.18,5.74,21.26,62.09,0.78,54.16,healthy,normal
2025-01-01T08:18:00+00:00,ro-1,router,27.65,1.33,18.01,242.92,3.74,56.67,41.07,0.72,46.26,healthy,normal
2025-01-01T08:18:05+00:00,co-6,core_switch,105.51,1.66,55.81,62.91,15.78,87.37,94.81,1.9,72.63,warning,device_overload
2025-01-01T08:18:10+00:00,da-7,database,56.01,6.29,89.87,472.96,22.78,75.86,77.48,4.67,92.52,warning,traffic_spike
2025-01-01T08:18:15+00:00,ac-3,access_switch,75.97,5.25,69.75,144.2,17.36,94.11,90.38,2.6,50.2,warning,device_overload
2025-01-01T08:18:20+00:00,se-7,server,28.2,0.12,37.65,259.4,3.22,48.68,27.21,0.11,47.27,healthy,normal
2025-01-01T08:18:25+00:00,se-4,server,34.22,0.5,23.18,324.02,5.7,46.96,43.07,0.47,47.8,healthy,normal
2025-01-01T08:18:30+00:00,ac-5,access_switch,20.04,0.7,59.5,305.99,4.15,38.09,64.3,0.61,18.29,healthy,normal
2025-01-01T08:18:35+00:00,se-4,server,130.7,7.12,97.09,532.48,11.98,68.26,70.38,3.45,93.53,warning,traffic_spike
2025-01-01T08:18:40+00:00,co-5,core_switch,474.55,99.08,7.12,3.07,68.12,9.38,7.42,44.54,7.45,offline,device_failure
2025-01-01T08:18:45+00:00,cl-7,client,10.22,1.04,44.51,270.98,1.81,54.51,52.33,0.52,54.92,healthy,normal
2025-01-01T08:18:50+00:00,se-4,server,41.1,0.8,35.48,241.8,1.62,38.66,52.06,0.08,51.35,healthy,normal
2025-01-01T08:18:55+00:00,cl-7,client,35.37,0.14,41.8,330.0,5.33,20.24,29.73,0.04,40.97,healthy,normal
2025-01-01T08:19:00+00:00,co-4,core_switch,36.81,0.5,52.04,119.29,4.27,59.97,34.96,0.55,42.66,healthy,normal
2025-01-01T08:19:05+00:00,da-3,database,20.14,0.41,24.62,114.15,5.6,31.97,29.55,0.05,40.92,healthy,normal
2025-01-01T08:19:10+00:00,se-6,server,432.69,98.73,4.75,4.07,50.1,9.98,9.25,56.34,4.71,warning,device_failure
2025-01-01T08:19:15+00:00,se-3,server,158.28,2.7,71.24,105.06,20.48,92.89,91.39,7.14,56.47,warning,device_overload
2025-01-01T08:19:20+00:00,cl-1,client,102.0,3.32,97.86,686.77,9.73,86.05,54.77,1.16,97.82,warning,traffic_spike
2025-01-01T08:19:25+00:00,se-7,server,367.49,97.22,6.19,4.81,69.0,1.76,2.49,82.44,0.84,warning,device_failure
2025-01-01T08:19:30+00:00,cl-8,client,100.12,8.55,94.08,451.18,11.37,84.17,69.42,3.18,93.27,warning,traffic_spike
2025-01-01T08:19:35+00:00,se-8,server,185.21,12.32,85.07,118.74,19.51,49.58,55.09,1.42,92.11,warning,congestion
2025-01-01T08:19:40+00:00,se-8,server,36.83,1.21,64.66,140.15,3.33,50.62,39.31,0.77,62.11,healthy,normal
2025-01-01T08:19:45+00:00,ac-4,access_switch,12.09,0.3,20.66,313.44,5.83,25.3,28.52,0.52,58.77,healthy,normal
2025-01-01T08:19:50+00:00,cl-6,client,41.96,0.37,33.37,222.52,5.62,49.47,40.22,0.49,57.26,healthy,normal
2025-01-01T08:19:55+00:00,da-1,database,108.9,1.76,49.15,93.43,12.82,87.15,97.73,3.98,65.05,warning,device_overload
2025-01-01T08:20:00+00:00,se-7,server,31.38,1.32,22.76,304.63,3.15,31.4,56.24,0.27,57.42,healthy,normal
2025-01-01T08:20:05+00:00,se-6,server,26.54,0.16,55.34,254.02,4.86,56.13,34.12,0.83,28.52,healthy,normal
2025-01-01T08:20:10+00:00,ac-1,access_switch,173.64,3.08,79.53,127.84,12.73,86.78,95.83,4.0,53.33,warning,device_overload
2025-01-01T08:20:15+00:00,cl-5,client,76.46,5.01,98.08,687.84,9.65,89.61,62.16,2.8,94.74,warning,traffic_spike
2025-01-01T08:20:20+00:00,co-5,core_switch,128.95,9.2,91.08,622.84,26.5,75.44,76.99,0.82,99.8,warning,traffic_spike
2025-01-01T08:20:25+00:00,se-8,server,10.92,1.3,26.93,121.36,5.05,27.58,28.93,0.13,35.15,healthy,normal
2025-01-01T08:20:30+00:00,cl-1,client,34.9,0.79,61.66,269.97,3.26,34.85,42.46,0.75,48.48,healthy,normal
2025-01-01T08:20:35+00:00,ac-8,access_switch,35.52,1.35,18.01,117.26,1.12,16.69,24.41,0.03,42.47,healthy,normal
2025-01-01T08:20:40+00:00,ro-7,router,15.92,1.43,23.72,242.73,4.92,52.48,48.55,0.79,54.0,healthy,normal
2025-01-01T08:20:45+00:00,da-1,database,200.55,5.96,85.54,93.15,28.59,60.31,67.35,3.1,90.32,warning,congestion
2025-01-01T08:20:50+00:00,cl-5,client,34.78,1.06,45.82,174.58,1.57,30.8,50.3,0.11,23.66,healthy,normal
2025-01-01T08:20:55+00:00,da-6,database,125.49,2.21,97.85,871.73,27.04,94.17,63.06,1.47,93.65,warning,traffic_spike
2025-01-01T08:21:00+00:00,cl-4,client,116.98,5.76,89.49,597.96,24.83,82.41,61.81,3.38,99.15,warning,traffic_spike
2025-01-01T08:21:05+00:00,ro-5,router,32.4,1.09,42.19,259.43,3.49,46.46,66.85,0.24,48.59,healthy,normal
2025-01-01T08:21:10+00:00,cl-4,client,23.48,1.09,41.21,180.83,3.68,22.68,61.11,0.36,59.01,healthy,normal
2025-01-01T08:21:15+00:00,ac-2,access_switch,40.12,0.49,19.39,128.93,2.34,54.36,24.61,0.25,15.85,healthy,normal
2025-01-01T08:21:20+00:00,co-4,core_switch,24.65,0.88,22.26,250.08,3.54,33.94,27.42,0.11,60.31,healthy,normal
2025-01-01T08:21:25+00:00,da-6,database,132.75,4.43,90.14,52.65,14.25,67.56,68.81,5.34,97.52,warning,congestion
2025-01-01T08:21:30+00:00,co-6,core_switch,32.19,0.49,24.45,189.45,3.14,42.59,30.83,0.75,35.18,healthy,normal
2025-01-01T08:21:35+00:00,da-6,database,134.91,2.96,55.99,129.15,7.19,94.2,89.07,5.24,73.15,warning,device_overload
2025-01-01T08:21:40+00:00,ro-6,router,200.58,14.29,92.85,168.27,29.91,60.76,77.64,4.03,94.52,warning,congestion
2025-01-01T08:21:45+00:00,se-3,server,135.57,3.37,84.99,177.96,10.66,93.85,94.11,3.35,57.98,warning,device_overload
2025-01-01T08:21:50+00:00,ro-1,router,110.86,8.66,93.16,135.9,19.48,53.11,52.61,4.56,95.05,warning,congestion
2025-01-01T08:21:55+00:00,ac-6,access_switch,19.29,0.29,43.69,147.47,2.05,47.74,25.33,0.11,16.74,healthy,normal
2025-01-01T08:22:00+00:00,cl-6,client,215.96,9.82,97.57,157.23,37.68,50.34,59.9,1.9,88.23,warning,congestion
2025-01-01T08:22:05+00:00,da-8,database,22.04,1.32,39.89,231.96,1.16,52.69,29.36,0.21,30.95,healthy,normal
2025-01-01T08:22:10+00:00,co-4,core_switch,114.49,11.52,89.4,127.62,18.89,63.66,48.11,3.31,89.47,warning,congestion
2025-01-01T08:22:15+00:00,da-6,database,33.97,0.75,60.02,285.21,3.63,19.76,52.15,0.76,40.33,healthy,normal
2025-01-01T08:22:20+00:00,se-4,server,214.82,14.61,98.96,108.37,21.54,70.63,52.86,1.58,90.67,warning,congestion
2025-01-01T08:22:25+00:00,ro-8,router,33.93,1.21,18.87,118.49,4.75,15.05,26.3,0.31,21.95,healthy,normal
2025-01-01T08:22:30+00:00,ac-2,access_switch,113.34,2.21,60.71,72.4,16.99,97.17,92.81,7.15,74.98,warning,device_overload
2025-01-01T08:22:35+00:00,co-7,core_switch,137.21,9.89,96.61,450.45,10.95,83.16,77.36,3.65,96.45,warning,traffic_spike
2025-01-01T08:22:40+00:00,co-2,core_switch,268.71,83.3,2.21,20.98,74.12,57.78,47.07,23.76,10.26,offline,link_failure
2025-01-01T08:22:45+00:00,da-8,database,34.97,0.19,40.77,138.84,3.61,33.12,43.08,0.34,59.13,healthy,normal
2025-01-01T08:22:50+00:00,ac-5,access_switch,104.1,6.69,95.32,472.63,11.87,95.87,54.94,2.34,91.76,warning,traffic_spike
2025-01-01T08:22:55+00:00,da-1,database,96.73,3.28,93.48,536.28,24.75,88.36,64.61,1.45,97.95,warning,traffic_spike
2025-01-01T08:23:00+00:00,se-5,server,40.58,0.37,63.95,173.72,5.33,17.35,59.74,0.02,29.88,healthy,normal
2025-01-01T08:23:05+00:00,ro-4,router,421.91,99.42,2.85,0.45,92.06,5.42,3.26,35.68,1.44,offline,device_failure
2025-01-01T08:23:10+00:00,se-3,server,85.87,9.32,96.67,746.73,16.52,82.15,53.18,4.32,90.87,warning,traffic_spike
2025-01-01T08:23:15+00:00,cl-3,client,134.67,3.42,96.25,651.26,9.1,70.03,58.27,3.88,90.88,warning,traffic_spike
2025-01-01T08:23:20+00:00,da-3,database,115.21,15.17,92.97,105.63,23.55,71.49,77.29,5.07,90.05,warning,congestion
2025-01-01T08:23:25+00:00,co-3,core_switch,24.95,0.98,48.99,322.29,5.16,51.58,42.43,0.01,38.24,healthy,normal
2025-01-01T08:23:30+00:00,ac-5,access_switch,134.58,1.89,45.14,116.27,14.9,87.44,99.01,3.59,69.63,warning,device_overload
2025-01-01T08:23:35+00:00,co-4,core_switch,12.82,0.82,45.42,179.58,1.26,48.28,56.34,0.87,15.14,healthy,normal
2025-01-01T08:23:40+00:00,co-2,core_switch,38.09,0.98,35.72,140.85,4.85,27.18,46.57,0.54,62.17,healthy,normal
2025-01-01T08:23:45+00:00,cl-8,client,19.78,1.07,34.08,189.82,2.43,17.83,35.74,0.23,32.48,healthy,normal
2025-01-01T08:23:50+00:00,cl-6,client,181.49,15.36,89.2,137.61,13.64,58.33,70.56,6.51,92.3,warning,congestion
2025-01-01T08:23:55+00:00,ac-1,access_switch,415.4,93.08,9.57,2.97,59.07,2.05,4.2,43.4,1.21,offline,device_failure
2025-01-01T08:24:00+00:00,ro-4,router,187.36,9.06,85.89,102.39,31.25,72.61,74.53,5.65,86.34,warning,congestion
2025-01-01T08:24:05+00:00,da-7,database,32.13,1.31,44.06,257.24,1.83,24.32,39.16,0.03,42.02,healthy,normal
2025-01-01T08:24:10+00:00,se-2,server,97.34,12.21,93.19,148.71,37.29,81.7,47.89,4.11,99.23,warning,congestion
2025-01-01T08:24:15+00:00,cl-6,client,17.8,1.49,48.97,126.86,5.13,41.06,48.18,0.74,62.2,healthy,normal
2025-01-01T08:24:20+00:00,ro-8,router,78.2,2.86,61.01,127.34,17.18,93.79,96.66,3.41,73.79,warning,device_overload
2025-01-01T08:24:25+00:00,cl-4,client,38.6,0.61,38.6,120.75,5.03,57.35,35.44,0.6,42.49,healthy,normal
2025-01-01T08:24:30+00:00,se-3,server,37.15,1.04,38.24,119.02,4.72,19.01,43.15,0.82,36.6,healthy,normal
2025-01-01T08:24:35+00:00,ro-2,router,57.37,9.25,94.12,696.88,14.82,89.07,74.58,1.37,96.03,warning,traffic_spike
2025-01-01T08:24:40+00:00,co-2,core_switch,444.25,79.0,2.29,6.87,54.35,46.22,43.72,44.67,7.76,offline,link_failure
2025-01-01T08:24:45+00:00,da-2,database,310.9,90.02,5.74,3.54,88.85,5.47,2.84,35.44,1.5,warning,device_failure
2025-01-01T08:24:50+00:00,ro-4,router,100.39,5.56,91.89,874.7,11.82,87.1,77.89,3.72,98.96,warning,traffic_spike
2025-01-01T08:24:55+00:00,co-6,core_switch,118.21,7.32,95.42,669.79,25.62,82.32,55.95,1.01,93.82,warning,traffic_spike
2025-01-01T08:25:00+00:00,ro-7,router,41.1,0.48,34.08,321.0,2.67,35.47,57.06,0.13,61.93,healthy,normal
2025-01-01T08:25:05+00:00,da-4,database,116.92,3.25,58.91,165.18,8.71,96.1,93.57,6.79,53.64,warning,device_overload
2025-01-01T08:25:10+00:00,ac-1,access_switch,13.39,0.83,23.87,258.18,5.55,22.61,25.21,0.61,35.65,healthy,normal
2025-01-01T08:25:15+00:00,se-6,server,41.61,0.71,21.18,248.47,1.02,58.98,59.82,0.16,50.53,healthy,normal
2025-01-01T08:25:20+00:00,ac-5,access_switch,39.26,1.35,32.38,216.08,5.77,17.52,38.04,0.39,49.16,healthy,normal
2025-01-01T08:25:25+00:00,da-7,database,28.11,0.93,33.83,310.5,1.78,36.82,48.29,0.24,46.15,healthy,normal
2025-01-01T08:25:30+00:00,cl-7,client,135.98,9.66,94.85,469.61,14.03,78.58,82.55,1.52,97.11,warning,traffic_spike
2025-01-01T08:25:35+00:00,ac-2,access_switch,34.41,1.23,40.96,138.21,4.34,37.74,28.53,0.71,34.76,healthy,normal
2025-01-01T08:25:40+00:00,cl-3,client,35.73,1.42,39.56,150.59,2.14,34.62,59.46,0.18,51.14,healthy,normal
2025-01-01T08:25:45+00:00,ro-6,router,39.86,0.43,45.59,122.97,2.82,32.75,24.57,0.47,40.71,healthy,normal
2025-01-01T08:25:50+00:00,co-5,core_switch,10.99,1.5,44.3,317.64,1.92,56.71,25.36,0.52,39.38,healthy,normal
2025-01-01T08:25:55+00:00,ac-3,access_switch,27.86,0.9,26.38,179.72,0.93,21.4,65.85,0.61,23.21,healthy,normal
2025-01-01T08:26:00+00:00,ac-8,access_switch,216.14,4.9,89.12,103.86,30.81,80.28,53.84,5.76,89.18,warning,congestion
2025-01-01T08:26:05+00:00,se-1,server,17.06,0.17,58.24,302.35,2.05,47.54,47.57,0.14,45.42,healthy,normal
2025-01-01T08:26:10+00:00,co-7,core_switch,127.08,5.1,62.65,119.25,22.17,88.91,84.82,2.36,72.05,warning,device_overload
2025-01-01T08:26:15+00:00,ac-2,access_switch,20.29,0.89,43.77,317.04,3.32,28.78,30.54,0.74,38.58,healthy,normal
2025-01-01T08:26:20+00:00,da-4,database,137.38,7.47,99.96,477.65,18.92,92.9,59.27,3.28,97.46,warning,traffic_spike
2025-01-01T08:26:25+00:00,ro-6,router,32.6,0.36,47.94,144.0,6.0,39.05,33.2,0.37,20.19,healthy,normal
2025-01-01T08:26:30+00:00,cl-8,client,356.88,85.23,21.5,23.34,81.55,46.7,63.75,22.64,5.3,warning,link_failure
2025-01-01T08:26:35+00:00,se-4,server,297.46,99.86,5.57,5.49,85.5,4.43,11.01,38.42,2.98,warning,device_failure
2025-01-01T08:26:40+00:00,da-7,database,321.73,87.94,7.66,15.46,69.19,58.35,25.44,50.18,7.32,offline,link_failure
2025-01-01T08:26:45+00:00,da-1,database,126.23,3.11,96.11,782.76,25.88,84.89,77.83,3.04,94.06,warning,traffic_spike
2025-01-01T08:26:50+00:00,da-1,database,28.47,0.31,62.06,124.8,1.63,50.72,55.68,0.83,18.72,healthy,normal
2025-01-01T08:26:55+00:00,cl-7,client,25.54,1.13,33.93,260.26,1.71,46.22,24.44,0.64,40.68,healthy,normal
2025-01-01T08:27:00+00:00,co-1,core_switch,70.94,1.91,68.03,58.74,14.14,99.45,99.62,2.24,49.26,warning,device_overload
2025-01-01T08:27:05+00:00,co-4,core_switch,136.12,9.61,83.53,128.31,29.74,74.79,63.18,1.66,95.93,warning,congestion
2025-01-01T08:27:10+00:00,ac-3,access_switch,24.97,1.4,26.14,223.52,5.02,39.2,24.45,0.02,20.48,healthy,normal
2025-01-01T08:27:15+00:00,ro-5,router,378.68,98.83,13.05,9.83,37.63,64.77,50.21,38.89,4.4,offline,link_failure
2025-01-01T08:27:20+00:00,co-5,core_switch,60.74,4.98,90.99,718.41,23.32,73.49,74.51,4.68,98.74,warning,traffic_spike
2025-01-01T08:27:25+00:00,da-1,database,61.31,5.15,97.17,610.5,10.11,70.1,59.98,2.48,99.91,warning,traffic_spike
2025-01-01T08:27:30+00:00,co-4,core_switch,475.76,84.05,13.77,6.78,67.3,49.57,55.89,48.47,16.36,offline,link_failure
2025-01-01T08:27:35+00:00,ro-6,router,185.74,82.72,17.11,1.13,89.79,24.6,57.5,40.17,17.31,warning,link_failure
2025-01-01T08:27:40+00:00,da-7,database,11.07,0.06,56.8,189.58,4.41,30.44,50.77,0.7,25.51,healthy,normal
2025-01-01T08:27:45+00:00,cl-7,client,136.03,9.1,89.59,833.25,19.76,96.89,73.11,4.95,96.34,warning,traffic_spike
2025-01-01T08:27:50+00:00,se-4,server,134.58,2.79,79.77,135.76,19.37,86.97,87.92,2.54,46.6,warning,device_overload
2025-01-01T08:27:55+00:00,co-8,core_switch,32.89,1.0,39.95,328.8,2.86,42.62,61.07,0.78,52.84,healthy,normal
2025-01-01T08:28:00+00:00,cl-2,client,104.4,8.42,88.79,861.45,21.09,97.46,86.57,1.7,90.88,warning,traffic_spike
2025-01-01T08:28:05+00:00,ac-7,access_switch,25.6,1.02,30.41,323.66,5.02,20.93,65.2,0.59,60.65,healthy,normal
2025-01-01T08:28:10+00:00,da-5,database,71.05,5.7,97.14,886.42,9.27,81.17,63.03,4.99,98.12,warning,traffic_spike
2025-01-01T08:28:15+00:00,se-8,server,193.21,5.35,97.07,93.67,36.24,66.25,50.32,3.25,99.75,warning,congestion
2025-01-01T08:28:20+00:00,da-1,database,38.25,0.77,63.77,261.73,5.83,17.68,30.84,0.1,42.45,healthy,normal
2025-01-01T08:28:25+00:00,da-2,database,132.91,5.16,90.01,589.65,13.0,75.86,52.63,4.41,97.73,warning,traffic_spike
2025-01-01T08:28:30+00:00,co-3,core_switch,58.0,3.79,89.62,631.5,20.64,85.21,55.31,4.64,98.75,warning,traffic_spike
2025-01-01T08:28:35+00:00,co-8,core_switch,60.2,7.53,74.23,172.68,21.83,99.04,87.92,2.04,53.42,warning,device_overload
2025-01-01T08:28:40+00:00,cl-1,client,136.16,2.1,97.72,513.41,21.9,72.89,55.38,0.54,93.89,warning,traffic_spike
2025-01-01T08:28:45+00:00,ac-2,access_switch,25.46,0.46,42.82,119.63,2.89,51.0,50.05,0.46,53.4,healthy,normal
2025-01-01T08:28:50+00:00,cl-7,client,29.49,0.95,63.37,240.22,5.3,22.87,41.65,0.64,45.23,healthy,normal
2025-01-01T08:28:55+00:00,ac-1,access_switch,411.55,94.7,0.16,5.09,54.34,11.57,6.06,83.0,4.97,offline,device_failure
2025-01-01T08:29:00+00:00,co-8,core_switch,15.16,1.1,33.58,236.87,1.78,55.54,36.74,0.2,28.86,healthy,normal
2025-01-01T08:29:05+00:00,co-7,core_switch,27.36,1.13,19.7,314.38,5.53,30.49,36.87,0.13,15.49,healthy,normal
2025-01-01T08:29:10+00:00,ac-4,access_switch,215.3,99.66,11.41,18.26,61.91,62.14,70.66,47.39,7.03,offline,link_failure
2025-01-01T08:29:15+00:00,ac-6,access_switch,95.61,4.11,94.7,591.14,10.36,93.19,55.16,2.46,99.37,warning,traffic_spike
2025-01-01T08:29:20+00:00,co-6,core_switch,15.83,0.05,49.08,297.69,3.67,41.88,44.29,0.62,25.0,healthy,normal
2025-01-01T08:29:25+00:00,ac-5,access_switch,98.31,6.41,55.07,159.97,11.48,95.18,84.95,2.16,74.35,warning,device_overload
2025-01-01T08:29:30+00:00,cl-1,client,30.64,1.15,52.04,164.7,4.09,39.67,44.91,0.35,49.33,healthy,normal
2025-01-01T08:29:35+00:00,da-6,database,93.39,1.29,77.46,176.62,20.07,86.12,86.54,5.96,63.67,warning,device_overload
2025-01-01T08:29:40+00:00,da-7,database,28.72,0.15,40.43,320.37,0.81,29.13,25.26,0.14,24.91,healthy,normal
2025-01-01T08:29:45+00:00,cl-4,client,26.62,0.28,60.62,121.95,4.29,24.81,24.52,0.08,18.18,healthy,normal
2025-01-01T08:29:50+00:00,da-3,database,36.2,1.33,23.28,320.93,0.82,53.35,47.93,0.83,40.02,healthy,normal
2025-01-01T08:29:55+00:00,ro-5,router,13.36,0.76,57.6,203.6,2.28,17.49,27.45,0.73,35.49,healthy,normal
2025-01-01T08:30:00+00:00,co-6,core_switch,290.49,78.22,10.61,13.69,87.07,24.02,56.16,27.15,17.0,offline,link_failure
2025-01-01T08:30:05+00:00,cl-1,client,87.36,7.3,99.35,777.26,12.54,69.88,64.24,2.89,94.82,warning,traffic_spike
2025-01-01T08:30:10+00:00,da-7,database,16.86,0.4,25.08,174.08,5.52,33.22,37.73,0.16,28.33,healthy,normal
2025-01-01T08:30:15+00:00,co-1,core_switch,36.8,0.03,23.01,174.22,4.87,19.41,25.75,0.06,48.32,healthy,normal
2025-01-01T08:30:20+00:00,cl-1,client,191.93,9.51,83.76,133.49,12.29,55.1,76.16,6.43,94.62,warning,congestion
2025-01-01T08:30:25+00:00,ro-1,router,88.39,8.73,90.46,809.52,18.0,70.24,54.6,2.97,98.1,warning,traffic_spike
2025-01-01T08:30:30+00:00,co-5,core_switch,140.82,7.48,95.67,485.06,9.68,76.38,77.89,1.58,97.35,warning,traffic_spike
2025-01-01T08:30:35+00:00,ac-4,access_switch,152.33,14.92,95.17,115.23,14.75,57.79,74.24,5.94,88.09,warning,congestion
2025-01-01T08:30:40+00:00,se-2,server,336.55,74.87,2.8,13.33,53.27,56.38,34.34,37.73,4.69,offline,link_failure
2025-01-01T08:30:45+00:00,cl-2,client,126.15,4.24,83.89,139.39,18.24,94.04,93.04,2.06,60.5,warning,device_overload
2025-01-01T08:30:50+00:00,cl-1,client,20.72,0.48,54.62,194.89,4.37,18.9,32.01,0.02,59.76,healthy,normal
2025-01-01T08:30:55+00:00,se-3,server,345.9,98.06,0.95,0.34,96.06,9.31,4.16,60.96,7.73,offline,device_failure
2025-01-01T08:31:00+00:00,se-7,server,138.7,2.1,61.54,181.87,10.49,88.77,95.43,5.5,68.76,warning,device_overload
2025-01-01T08:31:05+00:00,da-6,database,203.9,13.28,88.45,143.59,25.31,56.35,65.61,5.15,90.99,warning,congestion
2025-01-01T08:31:10+00:00,cl-6,client,38.21,0.04,29.63,134.87,2.5,42.18,38.75,0.19,65.89,healthy,normal
2025-01-01T08:31:15+00:00,co-6,core_switch,37.11,0.1,51.99,183.47,3.32,30.24,43.8,0.21,57.16,healthy,normal
2025-01-01T08:31:20+00:00,co-7,core_switch,14.12,1.36,62.24,280.26,5.44,19.7,39.99,0.16,48.81,healthy,normal
2025-01-01T08:31:25+00:00,ac-7,access_switch,33.6,0.0,23.51,260.96,5.92,47.86,66.73,0.81,20.35,healthy,normal
2025-01-01T08:31:30+00:00,da-2,database,36.09,0.73,49.34,309.43,2.64,43.77,48.01,0.84,21.12,healthy,normal
2025-01-01T08:31:35+00:00,cl-6,client,58.74,6.24,91.92,475.27,25.22,90.54,70.44,0.58,98.39,warning,traffic_spike
2025-01-01T08:31:40+00:00,cl-2,client,21.1,0.72,20.85,180.24,3.59,58.33,26.67,0.56,20.44,healthy,normal
2025-01-01T08:31:45+00:00,ro-5,router,371.76,97.44,20.77,10.94,32.68,28.9,63.49,64.11,16.51,offline,link_failure
2025-01-01T08:31:50+00:00,co-3,core_switch,27.78,1.12,47.11,232.66,4.76,41.28,55.34,0.6,37.29,healthy,normal
2025-01-01T08:31:55+00:00,ro-7,router,106.49,8.93,99.44,748.33,22.35,85.05,54.09,1.3,98.84,warning,traffic_spike
2025-01-01T08:32:00+00:00,cl-6,client,31.3,0.91,22.78,287.0,1.34,23.87,51.54,0.79,35.34,healthy,normal
2025-01-01T08:32:05+00:00,co-2,core_switch,22.2,0.33,64.33,294.58,0.83,28.86,39.44,0.58,60.08,healthy,normal
2025-01-01T08:32:10+00:00,co-4,core_switch,20.0,1.3,47.08,222.83,5.77,38.05,64.11,0.66,59.5,healthy,normal
2025-01-01T08:32:15+00:00,ac-7,access_switch,16.34,0.76,41.29,229.2,5.54,26.94,26.9,0.7,22.82,healthy,normal
2025-01-01T08:32:20+00:00,ro-1,router,333.16,98.45,6.26,4.0,98.58,3.7,12.67,57.7,0.03,offline,device_failure
2025-01-01T08:32:25+00:00,ro-4,router,31.2,0.03,47.33,134.94,2.41,30.83,37.7,0.14,27.88,healthy,normal
2025-01-01T08:32:30+00:00,da-2,database,100.97,5.38,88.7,104.07,12.34,81.33,48.71,2.57,89.93,warning,congestion
2025-01-01T08:32:35+00:00,co-7,core_switch,10.23,0.21,37.51,161.76,5.46,46.38,50.25,0.41,23.53,healthy,normal
2025-01-01T08:32:40+00:00,ro-6,router,428.25,96.77,0.04,4.68,43.76,36.96,49.0,54.88,17.86,offline,link_failure
2025-01-01T08:32:45+00:00,ac-1,access_switch,116.16,8.71,89.96,151.76,22.31,66.39,42.71,1.16,94.87,warning,congestion
2025-01-01T08:32:50+00:00,da-8,database,20.24,0.5,55.85,329.37,2.8,18.61,35.7,0.5,27.02,healthy,normal
2025-01-01T08:32:55+00:00,ac-4,access_switch,128.9,7.56,93.7,580.89,17.71,89.8,50.44,0.86,98.2,warning,traffic_spike
2025-01-01T08:33:00+00:00,ac-5,access_switch,200.4,7.49,97.84,138.39,37.91,68.82,45.2,1.9,89.58,warning,congestion
2025-01-01T08:33:05+00:00,se-2,server,40.84,0.59,26.15,163.11,1.5,33.12,47.45,0.13,19.65,healthy,normal
2025-01-01T08:33:10+00:00,se-3,server,25.17,1.49,46.26,188.15,2.66,15.5,46.57,0.59,25.73,healthy,normal
2025-01-01T08:33:15+00:00,ac-5,access_switch,23.12,0.4,20.7,209.15,5.67,57.26,46.09,0.59,24.05,healthy,normal
2025-01-01T08:33:20+00:00,se-7,server,157.84,15.93,90.97,105.15,30.48,75.92,42.01,5.5,94.99,warning,congestion
2025-01-01T08:33:25+00:00,da-6,database,12.83,1.32,20.39,291.51,1.68,49.06,37.3,0.02,24.02,healthy,normal
2025-01-01T08:33:30+00:00,co-1,core_switch,23.5,0.51,40.86,296.79,4.92,40.19,39.59,0.19,66.05,healthy,normal
2025-01-01T08:33:35+00:00,da-1,database,250.02,99.9,8.0,6.55,61.97,6.76,6.94,74.35,6.89,warning,device_failure
2025-01-01T08:33:40+00:00,ro-6,router,258.76,91.39,16.23,4.36,35.95,55.18,51.16,33.24,8.25,warning,link_failure
2025-01-01T08:33:45+00:00,co-3,core_switch,28.08,0.23,58.41,263.95,2.34,36.38,52.04,0.02,50.65,healthy,normal
2025-01-01T08:33:50+00:00,se-6,server,29.98,0.53,20.15,168.96,1.96,52.69,52.28,0.55,30.62,healthy,normal
2025-01-01T08:33:55+00:00,co-6,core_switch,29.87,0.08,65.0,303.16,4.05,56.96,26.72,0.79,27.46,healthy,normal
2025-01-01T08:34:00+00:00,co-6,core_switch,144.85,8.22,97.35,433.58,24.84,74.0,58.0,0.9,94.17,warning,traffic_spike
2025-01-01T08:34:05+00:00,co-6,core_switch,168.44,14.4,94.75,120.46,34.5,58.93,67.93,3.33,94.17,warning,congestion
2025-01-01T08:34:10+00:00,da-1,database,64.85,1.82,72.99,174.92,10.75,88.24,85.52,5.14,78.24,warning,device_overload
2025-01-01T08:34:15+00:00,ac-2,access_switch,29.64,1.04,31.05,295.02,2.84,35.33,62.79,0.41,53.19,healthy,normal
2025-01-01T08:34:20+00:00,ac-1,access_switch,25.51,1.09,35.07,266.38,3.42,34.23,25.17,0.7,40.81,healthy,normal
2025-01-01T08:34:25+00:00,da-1,database,149.81,1.4,77.42,140.05,15.96,95.73,89.81,4.11,68.26,warning,device_overload
2025-01-01T08:34:30+00:00,da-2,database,77.5,3.5,89.41,669.04,22.83,85.43,61.16,2.19,93.9,warning,traffic_spike
2025-01-01T08:34:35+00:00,ac-8,access_switch,107.11,5.65,94.79,860.41,19.62,79.74,60.13,0.92,96.67,warning,traffic_spike
2025-01-01T08:34:40+00:00,co-6,core_switch,401.29,94.97,13.89,15.17,31.76,53.58,40.51,21.25,2.41,offline,link_failure
2025-01-01T08:34:45+00:00,cl-4,client,36.24,1.03,37.67,200.14,1.39,55.01,62.79,0.7,63.0,healthy,normal
2025-01-01T08:34:50+00:00,co-7,core_switch,31.17,1.24,52.31,119.9,3.81,52.26,43.06,0.44,58.19,healthy,normal
2025-01-01T08:34:55+00:00,co-4,core_switch,112.06,5.9,83.31,69.27,34.31,57.46,64.12,3.85,93.92,warning,congestion
2025-01-01T08:35:00+00:00,ac-3,access_switch,258.36,94.35,1.95,5.59,56.76,8.44,7.5,77.18,3.7,warning,device_failure
2025-01-01T08:35:05+00:00,ro-8,router,309.01,75.51,2.83,1.21,45.49,34.97,50.49,26.13,13.09,offline,link_failure
2025-01-01T08:35:10+00:00,se-5,server,384.32,95.36,8.59,5.04,88.82,9.05,9.99,69.0,4.17,warning,device_failure
2025-01-01T08:35:15+00:00,se-4,server,433.97,96.46,6.46,3.6,48.09,7.86,5.15,89.63,0.31,offline,device_failure
2025-01-01T08:35:20+00:00,cl-6,client,406.65,97.48,10.8,5.36,65.43,62.89,41.29,36.87,4.86,warning,link_failure
2025-01-01T08:35:25+00:00,ro-8,router,29.17,1.03,41.1,214.62,3.97,54.96,55.98,0.69,21.44,healthy,normal
2025-01-01T08:35:30+00:00,co-1,core_switch,169.97,10.35,89.4,159.58,36.35,63.2,58.84,1.63,97.94,warning,congestion
2025-01-01T08:35:35+00:00,se-4,server,270.75,80.33,15.81,14.7,35.27,44.91,71.59,46.08,5.47,offline,link_failure
2025-01-01T08:35:40+00:00,ac-3,access_switch,437.24,98.75,2.59,0.45,63.46,7.22,2.32,54.09,2.52,offline,device_failure
2025-01-01T08:35:45+00:00,ro-3,router,33.96,0.94,18.87,191.85,0.98,17.42,67.56,0.41,41.67,healthy,normal
2025-01-01T08:35:50+00:00,da-1,database,93.59,8.39,99.14,809.5,11.96,71.86,69.26,2.79,96.16,warning,traffic_spike
2025-01-01T08:35:55+00:00,cl-8,client,225.26,98.35,21.34,23.26,63.51,44.21,41.72,58.52,3.43,warning,link_failure
2025-01-01T08:36:00+00:00,da-3,database,158.35,5.18,94.98,43.06,17.46,74.13,70.14,6.14,97.68,warning,congestion
2025-01-01T08:36:05+00:00,ro-4,router,19.34,1.18,50.66,123.9,1.87,38.08,60.04,0.68,24.28,healthy,normal
2025-01-01T08:36:10+00:00,da-8,database,138.06,6.06,46.62,117.58,11.25,94.6,96.96,1.81,77.53,warning,device_overload
2025-01-01T08:36:15+00:00,da-2,database,23.1,1.23,59.14,269.3,3.64,39.78,62.54,0.87,46.35,healthy,normal
2025-01-01T08:36:20+00:00,ro-3,router,26.27,0.45,40.72,168.56,3.67,28.34,25.42,0.71,19.69,healthy,normal
2025-01-01T08:36:25+00:00,ac-4,access_switch,283.15,92.08,9.5,6.72,48.02,10.56,6.43,53.06,1.63,warning,device_failure
2025-01-01T08:36:30+00:00,co-8,core_switch,111.38,1.58,61.78,124.8,15.57,88.79,85.78,4.46,52.59,warning,device_overload
2025-01-01T08:36:35+00:00,cl-5,client,33.47,0.22,51.68,215.56,2.4,26.06,50.39,0.68,35.87,healthy,normal
2025-01-01T08:36:40+00:00,da-1,database,421.37,95.25,5.61,6.17,61.88,5.4,8.81,65.57,5.38,warning,device_failure
2025-01-01T08:36:45+00:00,ro-4,router,75.21,2.41,99.48,647.55,15.87,69.01,81.41,4.41,93.28,warning,traffic_spike
2025-01-01T08:36:50+00:00,ac-8,access_switch,34.89,0.12,63.88,223.55,5.11,42.94,45.72,0.7,63.92,healthy,normal
2025-01-01T08:36:55+00:00,se-3,server,17.97,0.12,61.7,136.44,0.96,28.02,39.55,0.85,39.16,healthy,normal
2025-01-01T08:37:00+00:00,co-1,core_switch,72.54,1.07,64.96,58.04,15.7,91.26,99.5,4.51,48.56,warning,device_overload
2025-01-01T08:37:05+00:00,ro-8,router,409.51,98.63,17.66,7.93,56.3,59.68,70.31,27.76,1.5,warning,link_failure
2025-01-01T08:37:10+00:00,da-5,database,198.0,14.85,84.91,61.1,24.9,78.39,62.21,5.79,95.2,warning,congestion
2025-01-01T08:37:15+00:00,ac-3,access_switch,14.57,1.38,18.34,283.75,2.53,32.13,65.22,0.6,25.98,healthy,normal
2025-01-01T08:37:20+00:00,da-2,database,23.12,0.16,29.75,273.39,4.96,21.42,47.47,0.6,64.1,healthy,normal
2025-01-01T08:37:25+00:00,ac-3,access_switch,320.89,92.69,9.46,7.51,88.97,0.62,7.5,56.55,6.63,offline,device_failure
2025-01-01T08:37:30+00:00,se-3,server,35.48,0.76,47.49,230.87,1.03,30.54,28.11,0.42,59.68,healthy,normal
2025-01-01T08:37:35+00:00,da-2,database,277.75,89.0,9.28,1.86,79.54,7.45,12.96,70.37,7.42,warning,device_failure
2025-01-01T08:37:40+00:00,se-5,server,12.38,1.03,55.83,204.01,5.34,43.31,61.93,0.67,18.28,healthy,normal
2025-01-01T08:37:45+00:00,ro-3,router,21.37,1.47,54.81,282.95,3.35,21.88,47.04,0.73,41.78,healthy,normal
2025-01-01T08:37:50+00:00,da-4,database,123.57,5.27,99.06,437.6,10.57,78.08,51.76,0.97,93.74,warning,traffic_spike
2025-01-01T08:37:55+00:00,se-2,server,74.37,7.57,90.18,834.41,14.09,70.36,78.51,0.6,96.04,warning,traffic_spike
2025-01-01T08:38:00+00:00,ro-1,router,34.2,0.61,18.22,246.66,3.89,22.38,29.25,0.02,30.51,healthy,normal
2025-01-01T08:38:05+00:00,se-7,server,31.41,1.22,23.13,288.92,3.78,26.95,36.98,0.31,19.11,healthy,normal
2025-01-01T08:38:10+00:00,se-2,server,454.45,91.67,6.78,7.36,65.39,9.65,11.33,73.67,2.9,offline,device_failure
2025-01-01T08:38:15+00:00,ac-8,access_switch,14.02,1.21,35.16,187.1,2.7,21.62,27.01,0.0,40.31,healthy,normal
2025-01-01T08:38:20+00:00,ac-3,access_switch,276.59,99.19,6.72,2.32,66.92,7.16,2.23,74.58,2.36,warning,device_failure
2025-01-01T08:38:25+00:00,ac-6,access_switch,32.92,0.89,39.35,204.93,2.36,48.46,59.73,0.74,49.35,healthy,normal
2025-01-01T08:38:30+00:00,co-1,core_switch,29.48,0.98,62.26,240.91,2.77,35.56,47.7,0.14,35.62,healthy,normal
2025-01-01T08:38:35+00:00,da-3,database,38.16,0.49,19.16,119.11,1.46,40.62,37.47,0.78,56.51,healthy,normal
2025-01-01T08:38:40+00:00,co-4,core_switch,32.98,1.15,18.81,282.33,1.82,48.39,59.05,0.22,35.23,healthy,normal
2025-01-01T08:38:45+00:00,da-7,database,26.48,0.89,38.03,226.73,3.31,58.49,36.14,0.46,60.2,healthy,normal
2025-01-01T08:38:50+00:00,da-2,database,81.03,7.27,48.27,56.94,10.08,98.77,94.52,3.81,84.18,warning,device_overload
2025-01-01T08:38:55+00:00,ro-5,router,34.28,0.62,59.97,176.69,4.61,26.58,57.06,0.6,34.8,healthy,normal
2025-01-01T08:39:00+00:00,ac-3,access_switch,134.56,6.01,45.56,114.81,16.85,94.92,99.22,2.46,82.15,warning,device_overload
2025-01-01T08:39:05+00:00,se-2,server,37.69,0.14,62.99,211.44,0.97,15.89,60.55,0.25,37.26,healthy,normal
2025-01-01T08:39:10+00:00,se-3,server,222.26,80.64,21.93,22.8,73.69,53.21,53.96,64.5,10.29,warning,link_failure
2025-01-01T08:39:15+00:00,cl-6,client,132.92,7.69,53.77,123.37,12.32,99.53,88.31,4.02,49.5,warning,device_overload
2025-01-01T08:39:20+00:00,co-8,core_switch,218.99,4.46,83.03,125.6,26.71,81.43,76.61,1.62,88.65,warning,congestion
2025-01-01T08:39:25+00:00,cl-1,client,169.7,7.44,73.29,185.25,14.74,95.91,88.56,4.53,84.84,warning,device_overload
2025-01-01T08:39:30+00:00,ro-8,router,110.26,8.04,96.51,456.96,21.53,75.03,51.24,1.58,95.92,warning,traffic_spike
2025-01-01T08:39:35+00:00,cl-2,client,34.83,1.05,50.44,294.74,1.27,16.04,49.77,0.26,45.61,healthy,normal
2025-01-01T08:39:40+00:00,ro-4,router,298.77,88.74,8.6,0.22,51.45,4.66,1.38,74.05,6.11,offline,device_failure
2025-01-01T08:39:45+00:00,ac-4,access_switch,92.42,2.61,92.97,443.87,27.59,94.14,64.35,4.91,91.85,warning,traffic_spike
2025-01-01T08:39:50+00:00,da-2,database,157.45,4.32,49.2,119.99,22.26,88.21,92.62,3.29,85.94,warning,device_overload
2025-01-01T08:39:55+00:00,da-2,database,66.94,3.41,50.15,135.1,8.0,97.4,95.04,6.62,79.3,warning,device_overload
2025-01-01T08:40:00+00:00,da-6,database,21.89,0.99,37.51,193.34,3.32,34.73,53.05,0.0,61.81,healthy,normal
2025-01-01T08:40:05+00:00,ro-2,router,23.55,1.12,35.89,307.16,1.25,31.1,36.7,0.87,65.92,healthy,normal
2025-01-01T08:40:10+00:00,ac-3,access_switch,23.58,1.26,46.28,246.87,4.24,41.36,42.97,0.85,38.19,healthy,normal
2025-01-01T08:40:15+00:00,da-1,database,92.37,9.61,85.97,144.75,15.1,75.41,42.42,1.69,89.41,warning,congestion
2025-01-01T08:40:20+00:00,cl-7,client,124.28,4.5,98.53,165.36,33.35,46.58,61.86,2.83,86.04,warning,congestion
2025-01-01T08:40:25+00:00,ro-2,router,21.83,0.73,47.97,215.84,1.16,25.01,64.96,0.59,41.4,healthy,normal
2025-01-01T08:40:30+00:00,ro-3,router,146.28,7.95,60.08,147.32,18.29,90.06,87.7,2.06,50.13,warning,device_overload
2025-01-01T08:40:35+00:00,ro-3,router,35.25,1.19,24.03,235.42,4.12,44.23,35.94,0.22,38.45,healthy,normal
2025-01-01T08:40:40+00:00,co-5,core_switch,40.87,0.38,25.54,212.71,1.18,50.84,50.22,0.82,52.01,healthy,normal
2025-01-01T08:40:45+00:00,cl-8,client,17.43,0.55,22.0,254.52,2.3,40.52,26.12,0.35,18.22,healthy,normal
2025-01-01T08:40:50+00:00,se-7,server,90.62,1.63,55.9,94.05,18.8,94.99,97.07,2.54,67.66,warning,device_overload
2025-01-01T08:40:55+00:00,se-6,server,13.43,0.49,41.0,225.14,1.02,29.12,46.42,0.13,48.35,healthy,normal
2025-01-01T08:41:00+00:00,co-7,core_switch,11.69,1.43,28.9,273.05,1.11,34.76,63.45,0.47,23.05,healthy,normal
2025-01-01T08:41:05+00:00,cl-6,client,367.15,85.98,21.25,21.29,74.16,30.5,50.08,48.1,12.6,warning,link_failure
2025-01-01T08:41:10+00:00,co-6,core_switch,261.38,93.12,6.97,5.57,99.01,4.61,1.28,70.97,1.73,offline,device_failure
2025-01-01T08:41:15+00:00,co-3,core_switch,23.29,0.92,27.25,277.92,3.46,25.32,36.08,0.79,63.1,healthy,normal
2025-01-01T08:41:20+00:00,ro-6,router,14.81,0.05,60.93,230.3,1.54,29.26,40.72,0.61,50.44,healthy,normal
2025-01-01T08:41:25+00:00,co-6,core_switch,12.91,0.75,45.11,302.85,3.99,52.51,62.2,0.42,19.02,healthy,normal
2025-01-01T08:41:30+00:00,co-2,core_switch,177.06,10.4,98.28,104.59,22.2,48.66,55.05,3.15,93.26,warning,congestion
2025-01-01T08:41:35+00:00,cl-7,client,13.37,0.78,20.47,326.15,5.9,33.6,27.01,0.17,18.3,healthy,normal
2025-01-01T08:41:40+00:00,se-7,server,29.3,0.36,32.55,208.07,5.23,51.43,50.09,0.74,34.86,healthy,normal
2025-01-01T08:41:45+00:00,ro-3,router,14.16,1.35,46.28,179.74,4.78,51.72,60.0,0.23,16.92,healthy,normal
2025-01-01T08:41:50+00:00,da-5,database,80.55,7.19,63.45,86.39,10.08,88.08,98.37,6.62,60.24,warning,device_overload
2025-01-01T08:41:55+00:00,cl-5,client,30.71,0.03,19.32,180.5,1.27,49.75,31.51,0.55,30.34,healthy,normal
2025-01-01T08:42:00+00:00,cl-8,client,23.96,0.13,23.13,158.38,3.74,18.04,66.1,0.87,65.88,healthy,normal
2025-01-01T08:42:05+00:00,cl-3,client,367.32,93.68,0.85,3.62,78.53,7.22,6.85,78.38,0.69,warning,device_failure
2025-01-01T08:42:10+00:00,cl-4,client,449.41,90.81,0.55,2.91,98.08,7.45,11.25,59.77,3.18,offline,device_failure
2025-01-01T08:42:15+00:00,ac-3,access_switch,32.61,0.01,60.7,310.55,5.59,34.96,43.11,0.59,38.76,healthy,normal
2025-01-01T08:42:20+00:00,ro-2,router,153.5,4.74,67.04,160.17,20.13,90.79,85.09,2.27,70.4,warning,device_overload
2025-01-01T08:42:25+00:00,cl-4,client,117.14,12.35,84.56,106.39,23.25,54.1,52.88,3.21,95.49,warning,congestion
2025-01-01T08:42:30+00:00,ac-1,access_switch,145.3,3.7,70.29,108.51,21.43,98.76,98.05,1.08,66.96,warning,device_overload
2025-01-01T08:42:35+00:00,ro-2,router,98.42,5.79,64.96,99.02,19.24,92.03,87.96,5.66,52.32,warning,device_overload
2025-01-01T08:42:40+00:00,co-3,core_switch,132.66,8.15,91.65,81.58,16.95,49.78,53.38,2.59,95.69,warning,congestion
2025-01-01T08:42:45+00:00,ro-5,router,12.99,0.41,30.98,204.89,4.73,59.04,25.94,0.77,24.74,healthy,normal
2025-01-01T08:42:50+00:00,cl-8,client,30.33,0.88,26.78,152.28,1.25,25.9,53.44,0.55,23.45,healthy,normal
2025-01-01T08:42:55+00:00,ro-1,router,333.0,96.25,21.13,22.6,75.75,27.19,52.78,58.8,9.77,offline,link_failure
2025-01-01T08:43:00+00:00,co-6,core_switch,34.51,0.97,57.21,243.79,2.01,21.11,27.7,0.39,60.64,healthy,normal
2025-01-01T08:43:05+00:00,ac-6,access_switch,23.66,1.28,39.4,272.85,3.08,18.28,44.0,0.12,37.85,healthy,normal
2025-01-01T08:43:10+00:00,da-8,database,143.74,5.41,83.5,154.3,22.65,89.29,88.65,1.19,73.52,warning,device_overload
2025-01-01T08:43:15+00:00,ro-3,router,387.77,74.66,3.01,0.25,76.72,43.0,66.09,63.91,3.94,warning,link_failure
2025-01-01T08:43:20+00:00,co-2,core_switch,317.56,73.35,3.26,22.05,85.5,60.61,55.83,63.56,11.68,warning,link_failure
2025-01-01T08:43:25+00:00,se-5,server,310.58,91.04,18.72,23.08,89.52,28.53,60.61,64.68,9.91,offline,link_failure
2025-01-01T08:43:30+00:00,co-2,core_switch,39.74,0.01,49.61,156.21,1.45,16.37,37.33,0.26,48.41,healthy,normal
2025-01-01T08:43:35+00:00,ac-4,access_switch,19.6,0.41,56.23,150.7,1.68,58.31,63.76,0.54,21.93,healthy,normal
2025-01-01T08:43:40+00:00,co-8,core_switch,15.64,1.16,27.28,212.89,1.67,15.95,61.99,0.48,51.66,healthy,normal
2025-01-01T08:43:45+00:00,se-7,server,39.11,0.22,43.97,143.1,4.33,40.71,37.52,0.5,44.06,healthy,normal
2025-01-01T08:43:50+00:00,se-7,server,289.35,88.67,10.83,18.56,83.8,53.63,60.95,54.25,4.5,warning,link_failure
2025-01-01T08:43:55+00:00,co-1,core_switch,10.1,1.2,49.99,289.72,1.29,33.99,33.67,0.69,48.69,healthy,normal
2025-01-01T08:44:00+00:00,co-2,core_switch,26.16,1.01,30.4,297.57,5.5,52.61,62.55,0.61,45.19,healthy,normal
2025-01-01T08:44:05+00:00,se-7,server,411.31,99.58,4.02,3.32,55.12,0.34,5.97,42.79,6.39,offline,device_failure
2025-01-01T08:44:10+00:00,co-1,core_switch,28.61,0.17,53.41,211.28,1.97,46.8,60.79,0.74,56.88,healthy,normal
2025-01-01T08:44:15+00:00,ac-5,access_switch,202.42,87.59,15.14,3.98,49.22,32.48,54.95,30.03,16.82,offline,link_failure
2025-01-01T08:44:20+00:00,ac-5,access_switch,29.8,0.12,42.08,177.57,3.9,30.35,24.52,0.13,52.99,healthy,normal
2025-01-01T08:44:25+00:00,cl-6,client,31.19,0.84,38.61,192.71,1.24,32.1,37.88,0.0,61.76,healthy,normal
2025-01-01T08:44:30+00:00,ro-5,router,171.35,14.15,90.5,118.67,15.05,58.73,52.03,5.53,86.42,warning,congestion
2025-01-01T08:44:35+00:00,da-7,database,39.99,1.45,20.06,256.05,5.3,21.98,60.04,0.66,22.49,healthy,normal
2025-01-01T08:44:40+00:00,ro-4,router,19.93,1.17,41.49,308.8,3.14,37.68,44.12,0.15,41.22,healthy,normal
2025-01-01T08:44:45+00:00,ac-2,access_switch,20.12,0.28,47.95,245.12,2.02,37.03,50.06,0.28,62.32,healthy,normal
2025-01-01T08:44:50+00:00,cl-3,client,58.11,3.65,89.14,458.13,10.78,80.43,58.75,4.38,93.7,warning,traffic_spike
2025-01-01T08:44:55+00:00,cl-8,client,185.18,6.2,92.72,105.85,22.15,64.22,55.05,5.85,90.78,warning,congestion
2025-01-01T08:45:00+00:00,ro-6,router,10.55,1.44,55.12,213.44,3.9,55.48,44.75,0.64,53.25,healthy,normal
2025-01-01T08:45:05+00:00,da-2,database,102.96,8.16,99.34,755.57,20.43,69.22,60.66,4.95,92.51,warning,traffic_spike
2025-01-01T08:45:10+00:00,co-2,core_switch,390.74,86.96,21.78,8.66,33.1,44.58,34.27,39.97,14.65,offline,link_failure
2025-01-01T08:45:15+00:00,ro-6,router,18.03,0.2,19.11,275.22,2.23,46.78,28.1,0.65,54.03,healthy,normal
2025-01-01T08:45:20+00:00,da-7,database,107.33,9.41,87.24,144.08,22.69,79.97,68.0,4.25,86.48,warning,congestion
2025-01-01T08:45:25+00:00,co-5,core_switch,14.45,0.26,33.24,179.72,0.92,28.79,54.64,0.02,40.99,healthy,normal
2025-01-01T08:45:30+00:00,ro-7,router,74.85,4.57,70.79,75.62,8.81,87.44,84.82,1.62,86.08,warning,device_overload
2025-01-01T08:45:35+00:00,da-7,database,184.81,7.5,94.14,40.03,28.71,56.59,64.38,6.7,86.44,warning,congestion
2025-01-01T08:45:40+00:00,da-6,database,20.75,0.59,41.02,223.59,4.41,37.03,29.63,0.34,21.2,healthy,normal
2025-01-01T08:45:45+00:00,co-8,core_switch,28.58,1.33,61.67,165.28,1.75,19.94,62.09,0.81,55.5,healthy,normal
2025-01-01T08:45:50+00:00,ro-5,router,473.9,95.34,3.22,22.1,32.33,20.39,59.63,36.4,16.05,warning,link_failure
2025-01-01T08:45:55+00:00,ro-4,router,79.95,4.53,92.61,839.23,19.28,81.28,75.13,4.63,96.21,warning,traffic_spike
2025-01-01T08:46:00+00:00,cl-2,client,12.67,0.98,50.46,127.47,4.41,26.62,40.81,0.6,26.27,healthy,normal
2025-01-01T08:46:05+00:00,co-2,core_switch,26.41,0.2,63.36,220.76,4.14,49.86,40.81,0.63,22.77,healthy,normal
2025-01-01T08:46:10+00:00,cl-5,client,26.2,0.48,36.51,305.37,5.67,34.18,39.11,0.71,30.41,healthy,normal
2025-01-01T08:46:15+00:00,ac-6,access_switch,110.08,4.36,88.88,74.53,14.92,81.51,49.09,2.2,98.27,warning,congestion
2025-01-01T08:46:20+00:00,cl-5,client,24.96,0.98,55.58,117.11,1.79,35.27,64.78,0.3,29.49,healthy,normal
2025-01-01T08:46:25+00:00,ac-2,access_switch,38.99,1.15,29.75,144.29,0.83,51.8,38.61,0.53,23.28,healthy,normal
2025-01-01T08:46:30+00:00,se-1,server,373.62,90.17,8.47,19.73,70.59,24.35,59.81,37.07,8.41,offline,link_failure
2025-01-01T08:46:35+00:00,ac-6,access_switch,66.91,6.3,96.21,501.73,27.78,94.05,50.27,3.63,90.95,warning,traffic_spike
2025-01-01T08:46:40+00:00,ro-4,router,33.74,0.25,40.68,243.07,3.47,31.59,49.07,0.36,47.83,healthy,normal
2025-01-01T08:46:45+00:00,ro-8,router,39.55,1.31,43.91,113.73,1.67,20.06,26.41,0.88,65.11,healthy,normal
2025-01-01T08:46:50+00:00,ro-4,router,11.75,0.47,51.69,192.85,4.27,15.97,56.89,0.27,24.67,healthy,normal
2025-01-01T08:46:55+00:00,da-1,database,126.68,6.11,90.26,430.52,8.39,81.77,55.06,3.54,91.31,warning,traffic_spike
2025-01-01T08:47:00+00:00,da-6,database,387.62,88.68,4.3,0.01,73.12,2.36,8.89,80.62,0.73,offline,device_failure
2025-01-01T08:47:05+00:00,co-5,core_switch,41.45,0.14,48.5,135.87,5.15,49.53,30.28,0.24,66.74,healthy,normal
2025-01-01T08:47:10+00:00,co-2,core_switch,152.44,9.19,84.19,96.14,17.15,49.28,55.07,6.5,95.07,warning,congestion
2025-01-01T08:47:15+00:00,cl-5,client,474.63,96.2,7.34,3.67,48.31,6.56,4.79,53.81,3.14,offline,device_failure
2025-01-01T08:47:20+00:00,cl-7,client,15.89,0.33,60.35,168.5,4.17,46.42,43.84,0.52,64.91,healthy,normal
2025-01-01T08:47:25+00:00,ac-6,access_switch,32.83,1.04,63.48,171.41,4.3,42.68,59.35,0.39,53.11,healthy,normal
2025-01-01T08:47:30+00:00,se-8,server,161.67,6.29,79.2,89.97,12.1,89.07,85.33,5.45,85.99,warning,device_overload
2025-01-01T08:47:35+00:00,se-3,server,13.15,1.24,58.17,279.3,3.18,38.15,52.82,0.74,52.76,healthy,normal
2025-01-01T08:47:40+00:00,se-3,server,196.23,8.08,83.81,121.38,14.05,51.33,49.52,6.22,93.18,warning,congestion
2025-01-01T08:47:45+00:00,co-3,core_switch,275.52,89.3,10.79,13.2,42.62,26.62,35.12,34.77,0.1,offline,link_failure
2025-01-01T08:47:50+00:00,ac-6,access_switch,15.95,0.32,63.92,240.36,4.06,25.53,28.65,0.54,65.28,healthy,normal
2025-01-01T08:47:55+00:00,ro-6,router,140.16,4.81,84.24,60.67,14.75,96.96,91.72,1.88,66.85,warning,device_overload
2025-01-01T08:48:00+00:00,cl-2,client,27.86,0.76,18.39,223.75,3.7,17.19,64.34,0.2,43.45,healthy,normal
2025-01-01T08:48:05+00:00,ro-2,router,145.59,2.55,80.71,86.26,7.35,91.53,87.06,4.45,69.22,warning,device_overload
2025-01-01T08:48:10+00:00,ro-3,router,22.86,1.24,39.17,284.07,3.41,56.64,50.56,0.63,58.56,healthy,normal
2025-01-01T08:48:15+00:00,se-1,server,371.61,75.16,3.44,1.9,75.78,39.92,59.38,48.68,13.13,offline,link_failure
2025-01-01T08:48:20+00:00,ro-5,router,123.87,8.84,83.09,168.0,35.18,77.57,74.83,4.52,89.02,warning,congestion
2025-01-01T08:48:25+00:00,cl-3,client,66.91,4.4,53.42,145.11,22.75,97.06,97.65,5.04,69.37,warning,device_overload
2025-01-01T08:48:30+00:00,ro-6,router,131.84,4.56,88.05,157.51,17.7,48.64,74.35,4.76,92.01,warning,congestion
2025-01-01T08:48:35+00:00,ac-2,access_switch,14.39,0.11,40.29,163.97,2.47,30.95,53.87,0.26,60.83,healthy,normal
2025-01-01T08:48:40+00:00,se-4,server,458.45,85.41,8.2,6.36,35.75,48.6,33.43,55.68,5.58,offline,link_failure
2025-01-01T08:48:45+00:00,ro-5,router,35.0,0.5,47.15,135.18,4.0,52.42,38.18,0.71,32.59,healthy,normal
2025-01-01T08:48:50+00:00,co-4,core_switch,374.61,74.35,9.37,23.3,87.26,61.98,31.68,28.13,2.33,offline,link_failure
2025-01-01T08:48:55+00:00,ro-2,router,204.74,14.02,83.33,55.64,25.82,75.48,76.55,1.87,96.64,warning,congestion
2025-01-01T08:49:00+00:00,ro-2,router,80.12,9.41,99.73,532.59,8.65,96.38,79.58,0.76,93.55,warning,traffic_spike
2025-01-01T08:49:05+00:00,ro-1,router,223.83,84.4,15.65,10.86,67.21,61.44,30.87,43.02,4.94,warning,link_failure
2025-01-01T08:49:10+00:00,ro-5,router,141.84,3.13,94.39,492.97,11.38,68.78,73.0,1.7,90.39,warning,traffic_spike
2025-01-01T08:49:15+00:00,ac-3,access_switch,198.76,11.18,93.29,92.82,22.19,50.16,50.97,2.37,88.93,warning,congestion
2025-01-01T08:49:20+00:00,co-6,core_switch,23.3,0.27,59.39,249.03,2.23,55.23,55.96,0.28,51.9,healthy,normal
2025-01-01T08:49:25+00:00,se-3,server,33.89,0.7,60.96,143.36,1.16,20.57,57.54,0.69,45.6,healthy,normal
2025-01-01T08:49:30+00:00,ac-7,access_switch,62.85,9.02,92.75,698.31,20.51,93.2,57.09,2.63,96.59,warning,traffic_spike
2025-01-01T08:49:35+00:00,cl-3,client,493.91,93.98,4.72,2.13,79.59,9.58,3.85,72.24,7.07,offline,device_failure
2025-01-01T08:49:40+00:00,se-2,server,135.87,3.68,88.73,668.5,11.81,71.37,86.98,1.75,95.06,warning,traffic_spike
2025-01-01T08:49:45+00:00,se-8,server,77.73,2.83,98.34,501.44,22.72,73.41,55.78,3.04,94.18,warning,traffic_spike
2025-01-01T08:49:50+00:00,ac-8,access_switch,20.15,0.29,22.92,285.58,2.33,46.36,27.59,0.74,48.97,healthy,normal
2025-01-01T08:49:55+00:00,cl-6,client,33.6,0.03,63.28,313.81,2.52,47.81,40.17,0.89,34.42,healthy,normal
2025-01-01T08:50:00+00:00,ro-5,router,146.88,4.91,52.34,92.12,18.19,88.37,93.93,4.69,63.17,warning,device_overload
2025-01-01T08:50:05+00:00,co-4,core_switch,31.56,1.28,58.2,269.74,1.58,25.03,52.34,0.64,36.79,healthy,normal
2025-01-01T08:50:10+00:00,cl-8,client,116.69,7.93,98.64,122.54,37.66,46.91,62.76,5.25,89.4,warning,congestion
2025-01-01T08:50:15+00:00,ac-6,access_switch,365.92,98.96,5.38,6.25,39.13,43.19,61.17,58.63,10.73,offline,link_failure
2025-01-01T08:50:20+00:00,da-5,database,102.01,4.07,68.67,149.4,14.83,90.86,88.53,4.52,56.26,warning,device_overload
2025-01-01T08:50:25+00:00,ac-4,access_switch,414.69,98.07,1.26,1.91,81.89,5.3,5.84,43.93,3.46,warning,device_failure
2025-01-01T08:50:30+00:00,cl-1,client,22.22,1.26,58.34,235.4,2.1,31.42,30.07,0.9,32.08,healthy,normal
2025-01-01T08:50:35+00:00,co-5,core_switch,27.21,0.5,51.72,181.56,2.26,27.66,50.29,0.46,66.51,healthy,normal
2025-01-01T08:50:40+00:00,cl-4,client,85.59,9.3,83.08,40.09,22.33,60.44,67.89,6.06,96.78,warning,congestion
2025-01-01T08:50:45+00:00,cl-3,client,75.34,7.46,74.38,167.25,19.6,97.33,91.76,2.37,82.88,warning,device_overload
2025-01-01T08:50:50+00:00,ro-7,router,18.57,0.04,51.91,233.95,1.13,44.1,55.93,0.74,53.4,healthy,normal
2025-01-01T08:50:55+00:00,se-7,server,105.63,4.54,99.95,728.49,22.09,68.69,56.14,3.7,98.49,warning,traffic_spike
2025-01-01T08:51:00+00:00,ro-2,router,20.06,1.19,22.86,217.69,1.81,24.72,50.46,0.53,38.7,healthy,normal
2025-01-01T08:51:05+00:00,ac-4,access_switch,316.25,98.21,2.37,3.8,47.6,4.87,11.17,67.16,1.2,offline,device_failure
2025-01-01T08:51:10+00:00,cl-8,client,134.52,5.64,90.96,152.77,26.15,62.44,75.53,2.09,89.72,warning,congestion
2025-01-01T08:51:15+00:00,da-8,database,39.48,1.18,45.83,271.49,1.51,28.68,28.41,0.41,54.75,healthy,normal
2025-01-01T08:51:20+00:00,ro-7,router,161.24,12.53,97.71,83.28,26.48,51.33,68.88,2.31,99.09,warning,congestion
2025-01-01T08:51:25+00:00,da-5,database,30.89,0.47,46.85,314.2,2.49,24.5,44.45,0.71,48.43,healthy,normal
2025-01-01T08:51:30+00:00,cl-5,client,124.73,1.38,69.21,100.41,8.91,86.93,88.08,7.26,48.38,warning,device_overload
2025-01-01T08:51:35+00:00,cl-8,client,203.07,6.01,92.71,42.25,35.16,74.06,58.19,2.2,88.69,warning,congestion
2025-01-01T08:51:40+00:00,se-7,server,23.62,0.88,54.04,260.83,4.54,37.91,52.58,0.18,39.56,healthy,normal
2025-01-01T08:51:45+00:00,da-5,database,25.85,0.33,23.11,328.97,4.71,43.16,60.37,0.56,40.77,healthy,normal
2025-01-01T08:51:50+00:00,ro-5,router,28.09,1.2,37.71,178.15,1.1,21.9,41.84,0.23,19.96,healthy,normal
2025-01-01T08:51:55+00:00,se-2,server,355.16,96.38,7.92,20.05,83.81,41.43,51.35,58.28,6.53,warning,link_failure
2025-01-01T08:52:00+00:00,ro-3,router,161.15,5.4,51.65,186.74,7.79,93.29,92.88,5.69,76.47,warning,device_overload
2025-01-01T08:52:05+00:00,se-5,server,444.95,73.06,6.84,19.45,32.78,43.67,26.58,64.28,10.31,offline,link_failure
2025-01-01T08:52:10+00:00,cl-1,client,115.43,2.34,45.7,75.32,18.14,91.08,92.53,5.11,83.22,warning,device_overload
2025-01-01T08:52:15+00:00,co-6,core_switch,242.53,99.55,7.79,4.75,81.6,8.04,5.45,67.86,5.95,offline,device_failure
2025-01-01T08:52:20+00:00,se-6,server,301.17,96.19,1.74,1.7,69.05,5.0,10.73,67.59,1.54,warning,device_failure
2025-01-01T08:52:25+00:00,co-7,core_switch,28.54,0.99,25.4,132.81,2.52,40.83,49.46,0.52,35.61,healthy,normal
2025-01-01T08:52:30+00:00,se-6,server,424.35,87.22,15.64,13.43,38.31,32.0,62.59,52.95,14.56,offline,link_failure
2025-01-01T08:52:35+00:00,da-5,database,62.58,3.47,98.67,667.04,13.96,74.12,51.27,1.39,93.39,warning,traffic_spike
2025-01-01T08:52:40+00:00,ac-1,access_switch,127.5,6.17,56.01,60.65,16.13,90.15,94.24,4.05,62.67,warning,device_overload
2025-01-01T08:52:45+00:00,se-1,server,98.26,5.8,48.89,183.53,16.14,87.65,96.0,7.12,73.94,warning,device_overload
2025-01-01T08:52:50+00:00,se-8,server,417.2,93.66,2.23,5.97,46.61,1.86,9.16,61.33,2.56,offline,device_failure
2025-01-01T08:52:55+00:00,co-5,core_switch,19.94,0.05,37.58,184.26,5.35,55.64,27.23,0.07,21.48,healthy,normal
2025-01-01T08:53:00+00:00,da-3,database,14.58,1.4,63.32,136.38,1.56,31.9,27.09,0.11,58.04,healthy,normal
2025-01-01T08:53:05+00:00,da-1,database,186.37,93.39,13.2,14.59,87.58,61.66,49.53,51.1,8.53,offline,link_failure
2025-01-01T08:53:10+00:00,ro-4,router,83.4,3.89,46.16,116.93,14.18,91.5,88.27,7.76,47.59,warning,device_overload
2025-01-01T08:53:15+00:00,se-6,server,23.58,1.43,52.98,247.41,6.0,52.63,55.01,0.35,54.98,healthy,normal
2025-01-01T08:53:20+00:00,co-3,core_switch,200.88,10.76,92.17,77.98,24.36,76.72,76.56,1.44,88.86,warning,congestion
2025-01-01T08:53:25+00:00,ro-6,router,135.12,7.62,91.76,548.04,27.41,86.64,68.2,4.73,96.85,warning,traffic_spike
2025-01-01T08:53:30+00:00,cl-7,client,35.25,1.22,22.61,142.66,4.79,55.95,29.5,0.69,53.27,healthy,normal
2025-01-01T08:53:35+00:00,ro-7,router,37.17,0.88,48.31,162.24,1.13,54.57,35.25,0.58,29.32,healthy,normal
2025-01-01T08:53:40+00:00,cl-7,client,131.78,9.71,94.7,805.01,25.69,70.47,65.56,3.0,94.88,warning,traffic_spike
2025-01-01T08:53:45+00:00,ac-2,access_switch,422.44,82.18,9.22,10.05,50.29,28.96,31.38,23.86,1.78,offline,link_failure
2025-01-01T08:53:50+00:00,cl-3,client,171.09,6.82,55.02,125.58,17.55,86.66,99.95,7.09,70.78,warning,device_overload
2025-01-01T08:53:55+00:00,ro-8,router,25.76,0.03,44.39,162.29,1.67,59.89,31.93,0.13,48.03,healthy,normal
2025-01-01T08:54:00+00:00,co-2,core_switch,132.53,4.8,89.8,561.91,24.51,77.14,54.64,3.7,99.72,warning,traffic_spike
2025-01-01T08:54:05+00:00,co-3,core_switch,133.01,15.96,90.47,118.0,25.39,46.58,53.02,4.56,92.37,warning,congestion
2025-01-01T08:54:10+00:00,co-1,core_switch,16.94,0.02,40.54,308.5,5.12,41.02,66.34,0.41,58.3,healthy,normal
2025-01-01T08:54:15+00:00,da-5,database,34.87,0.56,47.92,312.32,5.45,44.9,66.14,0.39,26.17,healthy,normal
2025-01-01T08:54:20+00:00,ro-2,router,393.77,98.39,13.58,18.94,41.18,52.91,52.5,53.7,14.03,offline,link_failure
2025-01-01T08:54:25+00:00,ro-1,router,136.1,14.98,90.27,54.96,33.61,69.36,49.56,4.2,90.57,warning,congestion
2025-01-01T08:54:30+00:00,cl-1,client,200.03,4.42,93.73,155.13,34.05,67.14,69.93,2.58,95.45,warning,congestion
2025-01-01T08:54:35+00:00,ac-6,access_switch,61.23,3.52,53.44,154.67,17.14,88.78,89.73,2.06,60.34,warning,device_overload
2025-01-01T08:54:40+00:00,co-3,core_switch,208.99,6.45,83.41,141.25,36.71,56.5,65.9,4.22,89.51,warning,congestion
2025-01-01T08:54:45+00:00,da-4,database,12.99,1.03,38.15,173.53,2.82,55.29,67.39,0.04,20.64,healthy,normal
2025-01-01T08:54:50+00:00,se-8,server,15.48,0.59,24.47,142.32,3.18,17.46,37.01,0.21,54.77,healthy,normal
2025-01-01T08:54:55+00:00,cl-3,client,452.93,91.63,5.42,6.46,84.33,11.03,1.95,52.98,3.24,warning,device_failure
2025-01-01T08:55:00+00:00,da-6,database,159.33,6.31,99.43,60.13,14.66,46.08,63.53,3.62,87.2,warning,congestion
2025-01-01T08:55:05+00:00,cl-6,client,31.92,1.36,61.79,319.12,2.71,29.73,50.31,0.77,33.01,healthy,normal
2025-01-01T08:55:10+00:00,co-4,core_switch,36.44,0.79,35.18,134.18,2.94,20.6,64.39,0.07,65.57,healthy,normal
2025-01-01T08:55:15+00:00,da-8,database,33.56,1.12,31.22,147.62,5.74,26.09,36.14,0.22,30.92,healthy,normal
2025-01-01T08:55:20+00:00,co-4,core_switch,22.03,0.17,34.41,181.03,2.24,46.12,41.92,0.01,33.16,healthy,normal
2025-01-01T08:55:25+00:00,da-8,database,16.18,1.09,35.69,321.61,1.13,57.17,57.08,0.59,53.09,healthy,normal
2025-01-01T08:55:30+00:00,ro-8,router,24.37,1.46,30.48,131.2,0.81,23.56,40.19,0.46,34.79,healthy,normal
2025-01-01T08:55:35+00:00,ro-3,router,12.54,1.15,51.78,214.83,3.73,59.37,30.62,0.81,37.64,healthy,normal
2025-01-01T08:55:40+00:00,ro-8,router,84.98,1.95,53.2,136.58,8.54,98.21,84.38,7.45,51.86,warning,device_overload
2025-01-01T08:55:45+00:00,ro-6,router,62.94,9.0,98.9,501.43,19.72,70.78,68.58,3.32,97.82,warning,traffic_spike
2025-01-01T08:55:50+00:00,se-3,server,25.42,0.45,20.23,272.95,1.05,23.03,51.41,0.82,50.49,healthy,normal
2025-01-01T08:55:55+00:00,ro-5,router,497.3,99.74,4.56,7.52,92.59,6.45,3.58,68.01,1.06,offline,device_failure
2025-01-01T08:56:00+00:00,se-5,server,156.2,5.94,72.31,118.53,11.21,91.25,96.98,6.45,49.14,warning,device_overload
2025-01-01T08:56:05+00:00,ac-5,access_switch,31.69,1.46,42.57,284.79,1.24,59.13,44.72,0.44,41.75,healthy,normal
2025-01-01T08:56:10+00:00,se-8,server,213.83,94.62,19.94,6.74,66.71,35.89,66.21,40.86,6.38,offline,link_failure
2025-01-01T08:56:15+00:00,cl-7,client,20.11,1.08,58.31,191.04,2.83,53.21,67.45,0.68,24.85,healthy,normal
2025-01-01T08:56:20+00:00,da-3,database,131.4,9.03,95.97,55.93,17.92,68.29,75.27,3.5,99.69,warning,congestion
2025-01-01T08:56:25+00:00,cl-3,client,29.02,1.37,34.1,162.52,5.04,23.68,38.45,0.03,53.79,healthy,normal
2025-01-01T08:56:30+00:00,se-2,server,316.17,98.33,7.93,5.63,87.15,8.79,2.55,82.74,7.3,warning,device_failure
2025-01-01T08:56:35+00:00,ro-8,router,138.25,6.06,90.33,515.62,19.71,70.38,82.03,4.25,97.78,warning,traffic_spike
2025-01-01T08:56:40+00:00,co-8,core_switch,109.52,7.74,88.74,747.1,18.03,82.76,60.63,2.15,96.1,warning,traffic_spike
2025-01-01T08:56:45+00:00,se-6,server,118.8,6.39,99.72,795.9,24.82,85.51,83.64,3.52,95.48,warning,traffic_spike
2025-01-01T08:56:50+00:00,co-5,core_switch,195.35,7.81,88.65,142.92,35.76,68.17,57.53,2.42,86.62,warning,congestion
2025-01-01T08:56:55+00:00,co-4,core_switch,86.16,7.96,94.48,652.54,20.51,78.38,55.03,4.5,97.35,warning,traffic_spike
2025-01-01T08:57:00+00:00,ac-8,access_switch,305.71,88.42,11.35,12.54,83.48,44.74,56.58,58.65,15.12,offline,link_failure
2025-01-01T08:57:05+00:00,co-1,core_switch,135.81,1.64,70.85,66.85,18.96,90.85,87.55,5.07,67.49,warning,device_overload
2025-01-01T08:57:10+00:00,se-6,server,32.43,0.75,35.93,171.13,4.03,44.84,30.43,0.52,25.19,healthy,normal
2025-01-01T08:57:15+00:00,se-5,server,15.2,0.29,43.82,163.76,4.82,16.76,49.26,0.83,43.15,healthy,normal
2025-01-01T08:57:20+00:00,ac-5,access_switch,11.19,1.44,59.26,140.43,5.49,24.51,42.93,0.64,52.46,healthy,normal
2025-01-01T08:57:25+00:00,ac-3,access_switch,33.51,0.24,30.74,205.32,3.51,31.51,40.61,0.4,36.72,healthy,normal
2025-01-01T08:57:30+00:00,se-6,server,138.27,7.5,84.53,68.13,25.38,58.66,44.43,4.89,86.43,warning,congestion
2025-01-01T08:57:35+00:00,cl-6,client,27.66,0.88,46.16,134.73,5.25,26.41,35.25,0.2,54.34,healthy,normal
2025-01-01T08:57:40+00:00,co-5,core_switch,126.19,2.9,82.57,154.44,8.97,98.51,97.8,6.77,61.2,warning,device_overload
2025-01-01T08:57:45+00:00,se-4,server,203.08,9.52,90.4,127.92,15.15,75.44,62.31,6.04,96.94,warning,congestion
2025-01-01T08:57:50+00:00,ac-1,access_switch,81.66,2.34,89.73,497.26,25.3,88.56,73.31,4.71,97.77,warning,traffic_spike
2025-01-01T08:57:55+00:00,ro-3,router,26.28,1.33,39.5,163.69,1.14,26.79,37.38,0.48,51.43,healthy,normal
2025-01-01T08:58:00+00:00,se-6,server,24.1,1.46,49.3,231.67,5.9,22.56,52.09,0.78,53.69,healthy,normal
2025-01-01T08:58:05+00:00,co-4,core_switch,32.6,0.22,32.85,205.02,3.54,35.32,61.98,0.05,31.36,healthy,normal
2025-01-01T08:58:10+00:00,ac-2,access_switch,318.54,93.63,6.79,6.11,53.02,2.78,9.67,86.36,7.27,offline,device_failure
2025-01-01T08:58:15+00:00,ro-5,router,15.24,0.73,22.11,240.76,5.54,53.62,29.73,0.63,38.01,healthy,normal
2025-01-01T08:58:20+00:00,co-3,core_switch,16.29,0.44,52.71,141.35,4.34,55.82,29.31,0.88,64.53,healthy,normal
2025-01-01T08:58:25+00:00,co-6,core_switch,16.85,0.02,18.18,327.0,5.87,25.12,30.48,0.77,48.26,healthy,normal
2025-01-01T08:58:30+00:00,ac-5,access_switch,11.93,0.51,27.3,292.87,5.32,43.47,47.71,0.05,32.56,healthy,normal
2025-01-01T08:58:35+00:00,da-6,database,320.47,77.03,7.24,3.68,64.46,58.18,39.4,30.34,17.11,warning,link_failure
2025-01-01T08:58:40+00:00,da-3,database,151.47,2.38,83.87,153.59,21.24,90.89,98.51,2.17,82.43,warning,device_overload
2025-01-01T08:58:45+00:00,co-4,core_switch,14.87,0.07,41.75,266.72,5.92,48.93,40.5,0.36,29.9,healthy,normal
2025-01-01T08:58:50+00:00,ro-1,router,96.2,5.53,95.81,894.22,12.47,91.8,71.06,1.86,96.34,warning,traffic_spike
2025-01-01T08:58:55+00:00,ro-3,router,36.29,0.25,30.31,246.27,0.85,53.22,26.33,0.67,26.91,healthy,normal
2025-01-01T08:59:00+00:00,da-6,database,161.68,2.58,71.03,65.75,22.25,97.17,91.4,7.34,64.61,warning,device_overload
2025-01-01T08:59:05+00:00,co-6,core_switch,24.43,0.19,63.71,110.86,1.86,23.49,40.57,0.7,36.99,healthy,normal
2025-01-01T08:59:10+00:00,da-1,database,35.08,0.66,58.39,140.06,4.7,54.58,57.8,0.04,42.41,healthy,normal
2025-01-01T08:59:15+00:00,co-6,core_switch,14.33,0.16,64.68,319.4,1.47,40.94,39.73,0.89,20.41,healthy,normal
2025-01-01T08:59:20+00:00,da-7,database,20.0,0.41,21.93,325.13,2.24,38.38,31.01,0.09,55.9,healthy,normal
2025-01-01T08:59:25+00:00,da-7,database,38.6,1.49,26.51,296.51,5.97,50.85,27.14,0.19,42.0,healthy,normal
2025-01-01T08:59:30+00:00,da-5,database,101.26,6.21,97.94,674.72,17.4,70.21,51.15,3.12,90.45,warning,traffic_spike
2025-01-01T08:59:35+00:00,co-3,core_switch,86.54,15.11,93.66,169.18,21.47,62.81,45.11,4.62,92.02,warning,congestion
2025-01-01T08:59:40+00:00,da-2,database,473.45,99.93,0.69,4.35,53.29,0.32,1.29,84.67,1.88,warning,device_failure
2025-01-01T08:59:45+00:00,se-8,server,126.52,9.59,88.49,695.72,26.66,74.89,68.6,3.18,97.76,warning,traffic_spike
2025-01-01T08:59:50+00:00,cl-4,client,12.25,0.52,42.47,245.59,1.79,29.6,36.53,0.47,41.66,healthy,normal
2025-01-01T08:59:55+00:00,da-8,database,186.54,11.86,89.21,78.38,20.06,53.23,70.82,5.19,88.17,warning,congestion
2025-01-01T09:00:00+00:00,ac-2,access_switch,123.26,3.18,90.59,910.22,20.27,95.79,54.14,3.08,94.21,warning,traffic_spike
2025-01-01T09:00:05+00:00,da-7,database,235.93,75.16,18.95,5.72,51.85,39.28,48.53,40.35,3.15,offline,link_failure
2025-01-01T09:00:10+00:00,da-8,database,31.11,0.3,31.23,222.72,1.22,22.79,66.15,0.53,33.95,healthy,normal
2025-01-01T09:00:15+00:00,ro-1,router,12.38,1.11,60.19,159.58,3.53,15.63,31.9,0.86,44.29,healthy,normal
2025-01-01T09:00:20+00:00,cl-5,client,91.31,3.67,88.71,710.32,12.56,85.16,72.07,3.14,96.28,warning,traffic_spike
2025-01-01T09:00:25+00:00,se-5,server,11.49,0.3,55.59,144.99,1.18,21.82,33.16,0.55,50.04,healthy,normal
2025-01-01T09:00:30+00:00,ro-5,router,450.27,99.74,7.5,0.73,66.18,6.85,5.12,79.96,7.82,offline,device_failure
2025-01-01T09:00:35+00:00,da-5,database,36.48,0.21,20.0,326.11,1.79,49.62,52.77,0.18,64.15,healthy,normal
2025-01-01T09:00:40+00:00,da-6,database,32.44,0.14,49.1,145.94,2.31,20.67,64.8,0.87,32.64,healthy,normal
2025-01-01T09:00:45+00:00,ac-5,access_switch,302.82,90.67,17.47,18.41,75.25,36.23,52.88,52.12,3.85,offline,link_failure
2025-01-01T09:00:50+00:00,ac-5,access_switch,20.17,0.19,34.06,177.54,2.36,41.62,40.3,0.26,27.79,healthy,normal
2025-01-01T09:00:55+00:00,co-3,core_switch,36.03,0.93,63.11,122.05,5.26,22.77,52.5,0.11,19.7,healthy,normal
2025-01-01T09:01:00+00:00,se-1,server,18.66,0.32,44.98,277.8,0.93,57.16,36.41,0.17,39.03,healthy,normal
2025-01-01T09:01:05+00:00,ro-8,router,19.84,0.07,57.23,207.1,1.65,33.53,47.93,0.84,50.73,healthy,normal
2025-01-01T09:01:10+00:00,se-5,server,14.64,0.98,52.93,216.86,5.97,59.66,37.88,0.07,38.94,healthy,normal
2025-01-01T09:01:15+00:00,se-5,server,486.04,89.59,1.18,5.6,49.88,4.07,7.05,61.57,3.56,offline,device_failure
2025-01-01T09:01:20+00:00,se-8,server,18.32,0.74,64.01,185.03,1.93,18.55,30.5,0.84,39.3,healthy,normal
2025-01-01T09:01:25+00:00,se-7,server,37.42,0.92,52.03,187.23,2.55,27.86,34.89,0.83,43.65,healthy,normal
2025-01-01T09:01:30+00:00,se-3,server,19.32,0.5,55.25,317.61,4.97,40.21,66.11,0.15,63.92,healthy,normal
2025-01-01T09:01:35+00:00,ro-5,router,35.97,0.48,35.44,126.2,1.38,48.02,57.78,0.29,45.26,healthy,normal
2025-01-01T09:01:40+00:00,da-3,database,98.54,8.19,83.27,157.66,28.61,56.34,74.41,5.23,90.97,warning,congestion
2025-01-01T09:01:45+00:00,co-4,core_switch,41.83,0.76,33.11,252.22,2.33,48.04,58.04,0.27,29.59,healthy,normal
2025-01-01T09:01:50+00:00,ac-8,access_switch,28.51,1.04,41.74,214.25,5.52,55.45,55.36,0.49,55.58,healthy,normal
2025-01-01T09:01:55+00:00,cl-5,client,206.81,5.18,92.88,55.7,21.51,70.98,56.28,5.2,88.02,warning,congestion
2025-01-01T09:02:00+00:00,da-5,database,165.72,8.78,87.24,68.1,30.9,77.93,45.19,6.5,93.35,warning,congestion
2025-01-01T09:02:05+00:00,se-5,server,24.99,0.73,44.31,230.8,3.79,24.23,60.59,0.39,38.69,healthy,normal
2025-01-01T09:02:10+00:00,se-8,server,15.57,0.94,19.11,159.95,5.25,20.04,34.38,0.04,17.59,healthy,normal
2025-01-01T09:02:15+00:00,ac-6,access_switch,57.82,8.59,93.19,568.33,13.94,96.24,50.0,4.09,96.17,warning,traffic_spike
2025-01-01T09:02:20+00:00,co-3,core_switch,19.7,0.24,25.06,176.77,1.08,33.0,49.81,0.85,49.23,healthy,normal
2025-01-01T09:02:25+00:00,cl-1,client,27.97,1.21,61.65,116.39,3.22,42.11,53.99,0.26,25.43,healthy,normal
2025-01-01T09:02:30+00:00,ac-6,access_switch,89.43,8.61,89.74,430.68,25.1,83.97,85.42,2.51,93.71,warning,traffic_spike
2025-01-01T09:02:35+00:00,cl-1,client,224.85,13.88,96.69,163.5,12.11,46.56,73.07,2.68,92.4,warning,congestion
2025-01-01T09:02:40+00:00,ac-1,access_switch,286.5,99.74,11.45,12.41,61.37,25.85,42.53,58.03,12.63,offline,link_failure
2025-01-01T09:02:45+00:00,cl-1,client,122.94,7.28,90.24,658.95,14.54,90.51,84.41,3.4,92.76,warning,traffic_spike
2025-01-01T09:02:50+00:00,da-6,database,11.19,1.5,34.45,207.41,1.79,19.85,31.64,0.31,32.1,healthy,normal
2025-01-01T09:02:55+00:00,se-5,server,30.03,0.78,37.32,213.0,4.15,54.21,31.64,0.88,59.06,healthy,normal
2025-01-01T09:03:00+00:00,da-3,database,123.51,5.89,66.21,160.59,15.76,99.27,97.24,4.22,66.41,warning,device_overload
2025-01-01T09:03:05+00:00,se-3,server,216.48,8.12,98.88,117.16,31.05,62.16,65.07,4.24,89.22,warning,congestion
2025-01-01T09:03:10+00:00,se-8,server,142.23,5.13,77.5,130.93,19.74,88.63,85.74,3.01,46.98,warning,device_overload
2025-01-01T09:03:15+00:00,da-7,database,153.15,5.7,71.1,88.15,13.66,94.35,89.19,1.14,50.01,warning,device_overload
2025-01-01T09:03:20+00:00,co-6,core_switch,146.45,5.51,84.23,148.55,34.72,54.5,66.75,1.73,97.66,warning,congestion
2025-01-01T09:03:25+00:00,ac-7,access_switch,31.83,0.12,18.45,256.91,5.15,29.37,48.92,0.35,38.16,healthy,normal
2025-01-01T09:03:30+00:00,se-2,server,229.95,72.99,10.56,18.39,70.36,46.35,32.2,37.35,2.51,offline,link_failure
2025-01-01T09:03:35+00:00,cl-5,client,100.79,5.78,92.01,624.87,15.89,69.97,74.45,1.79,98.7,warning,traffic_spike
2025-01-01T09:03:40+00:00,ac-2,access_switch,127.53,3.45,53.87,55.12,14.58,91.77,99.86,1.93,67.37,warning,device_overload
2025-01-01T09:03:45+00:00,co-2,core_switch,12.59,0.46,18.78,198.15,2.44,24.59,55.0,0.78,45.92,healthy,normal
2025-01-01T09:03:50+00:00,se-3,server,140.02,2.1,90.71,901.3,25.43,78.19,81.63,3.02,94.33,warning,traffic_spike
2025-01-01T09:03:55+00:00,ac-5,access_switch,370.65,97.42,7.02,5.89,64.73,7.97,13.04,43.48,7.38,offline,device_failure
2025-01-01T09:04:00+00:00,se-5,server,30.35,1.34,24.68,200.7,1.66,44.36,46.31,0.15,46.0,healthy,normal
2025-01-01T09:04:05+00:00,ac-2,access_switch,13.08,1.14,51.24,293.72,2.76,47.64,62.85,0.25,58.05,healthy,normal
2025-01-01T09:04:10+00:00,cl-1,client,22.49,0.9,39.94,315.69,1.3,42.46,65.92,0.14,57.97,healthy,normal
2025-01-01T09:04:15+00:00,ro-2,router,131.61,7.49,96.92,501.73,18.44,94.12,51.78,2.07,97.39,warning,traffic_spike
2025-01-01T09:04:20+00:00,da-1,database,30.86,1.11,45.35,254.17,5.73,45.47,24.42,0.67,46.93,healthy,normal
2025-01-01T09:04:25+00:00,ro-3,router,232.08,72.4,19.17,18.87,54.76,49.53,29.72,50.19,10.13,offline,link_failure
2025-01-01T09:04:30+00:00,ac-3,access_switch,21.62,0.38,49.56,206.91,3.61,31.39,63.84,0.53,58.91,healthy,normal
2025-01-01T09:04:35+00:00,co-6,core_switch,13.15,0.2,62.94,298.65,0.91,59.43,51.62,0.33,60.67,healthy,normal
2025-01-01T09:04:40+00:00,da-1,database,25.32,0.16,32.21,110.83,4.07,39.42,43.59,0.36,61.03,healthy,normal
2025-01-01T09:04:45+00:00,ac-2,access_switch,37.03,1.43,55.61,288.11,1.6,59.93,60.09,0.18,63.23,healthy,normal
2025-01-01T09:04:50+00:00,co-8,core_switch,30.74,0.79,39.53,241.56,1.33,34.17,31.24,0.84,58.11,healthy,normal
2025-01-01T09:04:55+00:00,cl-7,client,17.56,1.22,33.19,202.97,5.89,35.68,64.81,0.34,23.25,healthy,normal
2025-01-01T09:05:00+00:00,ro-1,router,203.76,5.64,93.16,48.71,27.6,60.91,74.25,4.19,87.99,warning,congestion
2025-01-01T09:05:05+00:00,se-3,server,36.96,0.01,27.09,175.14,4.83,17.13,61.34,0.04,38.31,healthy,normal
2025-01-01T09:05:10+00:00,ro-4,router,37.54,0.84,35.65,192.68,1.8,33.43,61.82,0.23,25.12,healthy,normal
2025-01-01T09:05:15+00:00,ac-6,access_switch,92.77,6.12,94.84,888.17,11.3,93.85,86.34,1.64,90.43,warning,traffic_spike
2025-01-01T09:05:20+00:00,ac-7,access_switch,15.84,0.5,46.28,218.28,3.49,34.21,58.64,0.12,18.07,healthy,normal
2025-01-01T09:05:25+00:00,ac-8,access_switch,267.81,89.58,3.89,4.18,99.81,11.47,2.66,46.61,0.66,warning,device_failure
2025-01-01T09:05:30+00:00,da-7,database,67.46,9.76,96.2,665.27,17.6,89.4,51.17,3.0,92.55,warning,traffic_spike
2025-01-01T09:05:35+00:00,da-3,database,103.5,3.49,97.24,816.66,9.58,88.25,72.19,2.56,95.67,warning,traffic_spike
2025-01-01T09:05:40+00:00,ro-3,router,87.65,4.04,59.01,101.93,10.08,90.94,91.18,7.05,70.1,warning,device_overload
2025-01-01T09:05:45+00:00,se-5,server,132.34,4.44,74.67,93.47,21.12,90.25,99.98,5.61,87.13,warning,device_overload
2025-01-01T09:05:50+00:00,ro-7,router,73.34,7.5,51.74,159.13,12.06,94.08,91.31,2.02,53.32,warning,device_overload
2025-01-01T09:05:55+00:00,co-4,core_switch,22.02,0.43,28.16,251.39,3.03,28.55,56.43,0.34,18.98,healthy,normal
2025-01-01T09:06:00+00:00,ac-4,access_switch,108.2,7.73,99.48,773.56,27.31,74.26,84.04,0.79,90.11,warning,traffic_spike
2025-01-01T09:06:05+00:00,se-1,server,400.26,88.4,3.41,0.3,86.99,1.67,4.43,70.3,5.84,warning,device_failure
2025-01-01T09:06:10+00:00,co-6,core_switch,18.35,1.17,33.62,285.38,1.23,48.41,57.46,0.22,27.92,healthy,normal
2025-01-01T09:06:15+00:00,da-4,database,137.01,7.02,96.89,773.78,25.49,81.87,64.13,2.41,94.11,warning,traffic_spike
2025-01-01T09:06:20+00:00,ro-5,router,170.08,5.59,83.98,92.88,37.86,48.92,44.77,2.1,98.24,warning,congestion
2025-01-01T09:06:25+00:00,se-2,server,62.67,4.56,90.89,786.61,16.39,96.45,65.5,4.26,96.96,warning,traffic_spike
2025-01-01T09:06:30+00:00,co-2,core_switch,80.8,6.63,79.57,130.1,15.28,99.23,90.69,3.65,67.29,warning,device_overload
2025-01-01T09:06:35+00:00,cl-7,client,12.55,1.09,57.89,172.22,5.43,47.09,27.43,0.12,25.63,healthy,normal
2025-01-01T09:06:40+00:00,co-1,core_switch,169.28,15.76,98.37,85.16,25.53,50.23,62.21,6.15,86.06,warning,congestion
2025-01-01T09:06:45+00:00,ac-7,access_switch,117.28,14.95,84.39,94.19,27.15,56.75,65.36,3.53,98.21,warning,congestion
2025-01-01T09:06:50+00:00,cl-2,client,78.95,8.1,88.51,699.07,19.96,96.79,79.38,0.78,98.42,warning,traffic_spike
2025-01-01T09:06:55+00:00,cl-1,client,27.75,0.26,39.6,270.21,3.03,58.51,52.87,0.34,36.5,healthy,normal
2025-01-01T09:07:00+00:00,se-7,server,100.59,2.8,46.26,180.67,12.23,97.6,86.46,4.15,83.19,warning,device_overload
2025-01-01T09:07:05+00:00,cl-5,client,19.19,1.45,55.41,305.87,3.14,20.03,42.38,0.13,46.42,healthy,normal
2025-01-01T09:07:10+00:00,da-6,database,135.04,4.43,99.47,465.31,27.86,78.73,82.3,4.74,95.91,warning,traffic_spike
2025-01-01T09:07:15+00:00,ac-2,access_switch,89.3,8.74,92.55,599.79,15.09,81.23,74.43,1.74,95.65,warning,traffic_spike
2025-01-01T09:07:20+00:00,ac-1,access_switch,116.25,10.23,91.57,58.38,19.0,71.24,68.59,5.95,86.83,warning,congestion
2025-01-01T09:07:25+00:00,ro-6,router,210.72,7.07,85.77,165.54,32.91,52.31,77.53,6.55,88.95,warning,congestion
2025-01-01T09:07:30+00:00,ro-8,router,79.77,9.78,93.56,846.13,23.87,73.63,80.13,4.35,90.07,warning,traffic_spike
2025-01-01T09:07:35+00:00,cl-8,client,30.78,0.85,57.22,142.35,4.14,55.76,32.37,0.59,45.24,healthy,normal
2025-01-01T09:07:40+00:00,da-1,database,94.75,3.76,62.74,111.18,11.72,98.7,86.15,1.76,58.37,warning,device_overload
2025-01-01T09:07:45+00:00,da-8,database,122.25,9.93,98.76,155.98,30.2,67.81,68.61,5.86,98.19,warning,congestion
2025-01-01T09:07:50+00:00,da-6,database,369.63,94.76,5.16,7.99,68.9,4.29,2.06,63.4,7.94,offline,device_failure
2025-01-01T09:07:55+00:00,ro-4,router,80.5,6.41,93.13,767.37,12.13,75.6,83.8,4.64,90.08,warning,traffic_spike
2025-01-01T09:08:00+00:00,co-7,core_switch,100.02,5.52,63.8,122.29,16.67,88.56,92.07,6.94,61.56,warning,device_overload
2025-01-01T09:08:05+00:00,co-5,core_switch,79.45,4.49,92.41,748.37,16.4,95.32,84.5,4.34,96.02,warning,traffic_spike
2025-01-01T09:08:10+00:00,da-6,database,471.31,97.91,10.89,23.66,41.94,36.81,64.98,55.29,5.24,offline,link_failure
2025-01-01T09:08:15+00:00,ac-6,access_switch,480.53,92.21,3.09,6.13,53.59,0.58,5.96,57.43,1.23,warning,device_failure
2025-01-01T09:08:20+00:00,cl-7,client,20.35,0.23,44.56,120.18,1.07,18.59,45.95,0.36,56.75,healthy,normal
2025-01-01T09:08:25+00:00,se-7,server,30.14,1.06,23.86,200.08,4.08,55.07,51.89,0.39,53.4,healthy,normal
2025-01-01T09:08:30+00:00,ac-8,access_switch,218.77,9.51,94.02,89.79,33.99,46.81,43.22,5.82,98.58,warning,congestion
2025-01-01T09:08:35+00:00,co-2,core_switch,294.56,89.66,4.2,2.65,48.87,1.62,4.54,65.85,3.75,offline,device_failure
2025-01-01T09:08:40+00:00,ac-3,access_switch,120.71,15.43,83.81,147.16,14.2,67.27,75.42,1.36,90.01,warning,congestion
2025-01-01T09:08:45+00:00,se-8,server,96.21,6.62,91.08,652.96,27.93,76.6,72.57,3.5,99.25,warning,traffic_spike
2025-01-01T09:08:50+00:00,ac-1,access_switch,74.26,6.48,90.09,854.48,15.55,90.67,75.41,4.56,91.06,warning,traffic_spike
2025-01-01T09:08:55+00:00,cl-8,client,393.98,99.29,1.82,0.71,53.79,57.92,60.68,32.46,10.83,offline,link_failure
2025-01-01T09:09:00+00:00,cl-1,client,66.49,3.58,89.68,657.19,24.66,71.08,67.88,3.12,93.55,warning,traffic_spike
2025-01-01T09:09:05+00:00,da-7,database,38.77,0.86,47.98,116.71,0.93,30.53,31.54,0.76,37.97,healthy,normal
2025-01-01T09:09:10+00:00,da-2,database,165.98,6.16,74.54,116.91,13.21,89.45,98.98,1.27,66.65,warning,device_overload
2025-01-01T09:09:15+00:00,ro-2,router,57.08,5.55,98.16,600.4,11.4,82.8,59.74,3.7,91.43,warning,traffic_spike
2025-01-01T09:09:20+00:00,ro-4,router,381.24,91.55,4.48,18.2,70.66,40.07,56.6,44.55,15.46,warning,link_failure
2025-01-01T09:09:25+00:00,ro-7,router,322.76,84.42,15.83,12.42,60.37,44.68,46.88,25.65,12.53,warning,link_failure
2025-01-01T09:09:30+00:00,se-8,server,108.98,13.32,86.35,166.79,34.38,47.69,58.85,4.42,98.27,warning,congestion
2025-01-01T09:09:35+00:00,ro-3,router,11.94,0.73,38.4,134.1,1.45,42.69,36.99,0.24,19.05,healthy,normal
2025-01-01T09:09:40+00:00,co-7,core_switch,159.76,10.41,99.39,93.67,18.44,50.96,56.05,4.28,87.27,warning,congestion
2025-01-01T09:09:45+00:00,ac-6,access_switch,12.13,1.41,22.0,216.67,4.34,24.61,38.52,0.75,56.39,healthy,normal
2025-01-01T09:09:50+00:00,ro-1,router,305.25,90.3,4.06,0.76,96.6,7.12,13.61,74.09,5.56,offline,device_failure
2025-01-01T09:09:55+00:00,co-5,core_switch,99.14,5.75,76.98,100.71,15.28,99.95,87.1,1.03,85.59,warning,device_overload
2025-01-01T09:10:00+00:00,da-2,database,122.28,6.97,97.94,479.35,10.38,95.48,62.4,3.49,94.47,warning,traffic_spike
2025-01-01T09:10:05+00:00,da-5,database,293.41,99.38,8.44,5.03,70.87,3.56,5.53,61.89,1.01,offline,device_failure
2025-01-01T09:10:10+00:00,da-2,database,223.1,12.49,93.25,165.41,24.97,59.45,61.14,4.07,94.48,warning,congestion
2025-01-01T09:10:15+00:00,ac-8,access_switch,217.52,91.42,21.16,19.27,56.05,41.0,40.81,29.12,13.06,warning,link_failure
2025-01-01T09:10:20+00:00,se-8,server,210.16,90.59,15.13,12.27,63.83,62.01,33.97,57.02,13.29,warning,link_failure
2025-01-01T09:10:25+00:00,co-1,core_switch,102.9,3.13,93.97,712.19,24.85,78.51,57.98,4.89,99.64,warning,traffic_spike
2025-01-01T09:10:30+00:00,se-2,server,334.13,74.97,14.58,7.01,82.03,57.7,61.88,56.81,14.87,offline,link_failure
2025-01-01T09:10:35+00:00,co-8,core_switch,19.28,0.32,28.94,288.21,1.48,45.65,35.44,0.57,23.73,healthy,normal
2025-01-01T09:10:40+00:00,da-8,database,133.73,8.67,90.71,812.1,25.95,71.95,87.04,5.0,99.24,warning,traffic_spike
2025-01-01T09:10:45+00:00,ro-4,router,367.63,95.77,2.15,0.67,53.63,11.63,12.66,60.73,2.03,warning,device_failure
2025-01-01T09:10:50+00:00,co-8,core_switch,36.26,0.95,38.12,242.76,5.61,45.83,52.81,0.27,41.44,healthy,normal
2025-01-01T09:10:55+00:00,se-7,server,17.01,0.77,52.7,129.51,0.99,59.5,42.53,0.09,47.92,healthy,normal
2025-01-01T09:11:00+00:00,da-7,database,123.73,2.75,83.82,85.26,15.99,96.66,90.85,5.96,80.78,warning,device_overload
2025-01-01T09:11:05+00:00,ac-3,access_switch,349.83,95.58,3.62,4.4,81.8,1.18,5.57,50.27,4.15,offline,device_failure
2025-01-01T09:11:10+00:00,cl-2,client,10.87,1.11,54.63,303.67,5.43,47.77,43.06,0.85,22.71,healthy,normal
2025-01-01T09:11:15+00:00,cl-6,client,29.11,0.88,40.07,133.69,2.58,55.27,39.13,0.21,59.32,healthy,normal
2025-01-01T09:11:20+00:00,ac-3,access_switch,88.64,6.08,96.21,681.88,20.96,83.31,83.91,4.58,96.57,warning,traffic_spike
2025-01-01T09:11:25+00:00,co-2,core_switch,18.01,1.18,55.65,308.64,4.02,48.55,50.25,0.42,19.48,healthy,normal
2025-01-01T09:11:30+00:00,cl-3,client,31.45,0.5,63.08,280.83,4.46,15.16,40.92,0.59,28.22,healthy,normal
2025-01-01T09:11:35+00:00,se-6,server,168.52,7.51,93.66,126.95,35.2,45.08,76.25,5.68,92.46,warning,congestion
2025-01-01T09:11:40+00:00,ac-4,access_switch,41.48,0.86,59.77,226.34,4.58,26.79,58.52,0.62,40.89,healthy,normal
2025-01-01T09:11:45+00:00,se-5,server,65.86,6.81,94.41,567.94,8.09,84.77,79.52,0.58,96.58,warning,traffic_spike
2025-01-01T09:11:50+00:00,ro-3,router,190.57,12.93,84.41,97.84,22.84,78.85,75.4,3.35,86.02,warning,congestion
2025-01-01T09:11:55+00:00,ac-2,access_switch,10.43,1.46,54.79,153.12,4.62,50.98,28.58,0.64,21.94,healthy,normal
2025-01-01T09:12:00+00:00,co-1,core_switch,39.35,0.19,45.58,220.02,4.87,30.09,29.85,0.59,27.79,healthy,normal
2025-01-01T09:12:05+00:00,da-6,database,131.22,12.44,99.97,168.42,26.6,60.55,64.21,5.27,96.21,warning,congestion
2025-01-01T09:12:10+00:00,co-6,core_switch,28.47,1.37,49.88,197.39,1.1,15.24,36.32,0.35,41.84,healthy,normal
2025-01-01T09:12:15+00:00,co-5,core_switch,37.76,0.14,33.95,210.51,2.67,46.39,56.54,0.66,26.05,healthy,normal
2025-01-01T09:12:20+00:00,se-1,server,33.02,0.87,37.69,120.32,1.51,38.43,54.19,0.36,51.16,healthy,normal
2025-01-01T09:12:25+00:00,ro-6,router,67.02,9.97,88.39,751.29,21.93,76.28,77.66,1.15,95.95,warning,traffic_spike
2025-01-01T09:12:30+00:00,cl-7,client,259.82,79.45,15.72,7.6,84.21,38.58,28.98,26.8,15.06,offline,link_failure
2025-01-01T09:12:35+00:00,se-3,server,274.71,96.78,2.35,1.12,74.98,9.32,11.87,57.26,5.45,offline,device_failure
2025-01-01T09:12:40+00:00,co-8,core_switch,85.11,11.98,96.2,158.84,28.78,79.4,45.79,5.58,87.17,warning,congestion
2025-01-01T09:12:45+00:00,co-3,core_switch,330.81,95.49,5.84,20.02,32.85,27.39,70.31,43.08,12.98,offline,link_failure
2025-01-01T09:12:50+00:00,da-8,database,18.44,0.45,30.59,254.22,5.17,15.71,34.84,0.23,52.08,healthy,normal
2025-01-01T09:12:55+00:00,cl-4,client,119.76,8.19,95.31,146.54,14.11,65.08,69.95,3.85,86.12,warning,congestion
2025-01-01T09:13:00+00:00,cl-6,client,15.29,0.55,56.84,158.37,2.27,51.08,55.15,0.19,19.73,healthy,normal
2025-01-01T09:13:05+00:00,ac-8,access_switch,11.06,1.31,21.32,301.22,4.22,25.7,49.02,0.2,48.17,healthy,normal
2025-01-01T09:13:10+00:00,da-1,database,38.99,1.0,50.63,262.76,1.02,43.47,30.72,0.44,41.3,healthy,normal
2025-01-01T09:13:15+00:00,se-2,server,15.47,0.98,47.81,126.71,3.39,28.8,58.81,0.2,16.75,healthy,normal
2025-01-01T09:13:20+00:00,co-1,core_switch,129.92,5.23,90.04,644.3,26.12,85.62,86.31,4.87,96.23,warning,traffic_spike
2025-01-01T09:13:25+00:00,co-7,core_switch,128.09,15.6,87.6,56.28,22.96,46.03,63.24,4.03,89.08,warning,congestion
2025-01-01T09:13:30+00:00,co-4,core_switch,289.41,93.76,4.96,1.85,85.85,9.01,8.98,82.63,1.9,offline,device_failure
2025-01-01T09:13:35+00:00,ac-7,access_switch,27.62,0.71,51.9,291.57,5.19,36.38,51.38,0.5,48.79,healthy,normal
2025-01-01T09:13:40+00:00,se-7,server,22.1,0.08,57.94,253.32,3.68,30.93,60.71,0.44,35.22,healthy,normal
2025-01-01T09:13:45+00:00,co-7,core_switch,120.27,3.81,94.41,561.9,23.4,97.37,75.2,0.82,94.67,warning,traffic_spike
2025-01-01T09:13:50+00:00,da-1,database,139.38,4.19,98.73,611.17,21.33,69.59,62.01,3.66,98.89,warning,traffic_spike
2025-01-01T09:13:55+00:00,ro-3,router,99.01,3.26,64.23,129.5,14.72,90.01,90.46,2.05,71.25,warning,device_overload
2025-01-01T09:14:00+00:00,ac-7,access_switch,24.61,0.68,20.57,143.03,1.86,31.37,63.6,0.79,62.96,healthy,normal
2025-01-01T09:14:05+00:00,ro-5,router,81.13,2.83,70.94,109.68,18.84,96.62,95.95,1.63,82.48,warning,device_overload
2025-01-01T09:14:10+00:00,ac-8,access_switch,91.68,6.57,69.82,160.48,15.79,93.9,84.7,2.86,66.8,warning,device_overload
2025-01-01T09:14:15+00:00,cl-3,client,474.76,97.86,8.4,4.37,51.71,6.22,5.22,88.61,0.84,offline,device_failure
2025-01-01T09:14:20+00:00,da-7,database,121.04,11.91,97.77,76.5,22.6,46.38,72.71,6.26,93.85,warning,congestion
2025-01-01T09:14:25+00:00,cl-3,client,30.91,0.25,59.66,227.1,1.87,15.93,58.47,0.64,65.23,healthy,normal
2025-01-01T09:14:30+00:00,da-3,database,31.76,1.07,56.36,291.36,4.58,48.85,53.75,0.49,60.07,healthy,normal
2025-01-01T09:14:35+00:00,ro-6,router,416.64,81.71,4.94,11.5,70.83,41.32,41.76,49.77,0.9,offline,link_failure
2025-01-01T09:14:40+00:00,co-2,core_switch,475.36,88.91,6.76,7.91,66.01,3.69,9.73,58.52,5.45,offline,device_failure
2025-01-01T09:14:45+00:00,ro-6,router,160.09,6.96,55.7,135.38,14.69,99.04,88.02,3.29,47.36,warning,device_overload
2025-01-01T09:14:50+00:00,ac-5,access_switch,99.09,3.44,58.37,168.67,9.18,88.45,85.11,4.99,56.82,warning,device_overload
2025-01-01T09:14:55+00:00,ro-2,router,129.59,7.18,91.09,781.33,22.42,70.24,52.89,0.57,91.45,warning,traffic_spike
2025-01-01T09:15:00+00:00,co-8,core_switch,138.18,2.44,99.87,495.5,13.15,94.79,75.91,2.46,97.49,warning,traffic_spike
2025-01-01T09:15:05+00:00,ro-5,router,14.56,0.46,27.92,245.91,1.32,35.35,63.3,0.14,17.62,healthy,normal
2025-01-01T09:15:10+00:00,ro-3,router,173.97,3.88,68.48,92.13,13.13,98.95,89.79,4.25,54.3,warning,device_overload
2025-01-01T09:15:15+00:00,ac-3,access_switch,31.59,1.49,24.91,230.0,1.6,33.39,48.34,0.39,57.69,healthy,normal
2025-01-01T09:15:20+00:00,co-7,core_switch,390.2,94.07,11.6,6.56,87.37,49.07,55.1,34.17,11.02,offline,link_failure
2025-01-01T09:15:25+00:00,co-6,core_switch,28.18,0.18,58.5,124.01,5.95,37.8,24.05,0.45,28.21,healthy,normal
2025-01-01T09:15:30+00:00,cl-5,client,116.46,5.4,70.1,120.25,15.7,87.83,92.81,3.85,58.75,warning,device_overload
2025-01-01T09:15:35+00:00,co-7,core_switch,461.9,94.92,9.28,1.8,64.77,11.52,11.24,45.34,7.27,warning,device_failure
2025-01-01T09:15:40+00:00,co-7,core_switch,40.65,1.12,35.43,213.22,3.0,39.3,65.22,0.14,17.83,healthy,normal
2025-01-01T09:15:45+00:00,ro-5,router,368.12,75.27,3.74,3.91,49.34,32.91,46.32,30.93,11.32,offline,link_failure
2025-01-01T09:15:50+00:00,da-4,database,144.97,8.91,95.05,520.76,21.88,86.5,72.88,3.73,95.53,warning,traffic_spike
2025-01-01T09:15:55+00:00,da-3,database,212.54,9.46,96.27,120.5,21.31,68.81,76.81,3.38,89.02,warning,congestion
2025-01-01T09:16:00+00:00,cl-2,client,100.54,5.32,89.65,107.67,16.87,77.39,71.85,1.36,86.19,warning,congestion
2025-01-01T09:16:05+00:00,se-2,server,163.06,5.6,94.69,164.89,27.09,56.27,55.71,3.95,86.3,warning,congestion
2025-01-01T09:16:10+00:00,ro-5,router,22.91,0.11,24.3,258.39,2.11,19.89,27.57,0.36,25.65,healthy,normal
2025-01-01T09:16:15+00:00,cl-7,client,119.2,4.73,92.75,839.91,9.61,77.21,65.41,3.62,99.85,warning,traffic_spike
2025-01-01T09:16:20+00:00,se-7,server,39.4,0.86,45.44,247.03,1.38,42.48,58.01,0.63,50.97,healthy,normal
2025-01-01T09:16:25+00:00,co-8,core_switch,133.29,3.53,92.05,654.31,22.81,82.41,53.64,0.71,92.7,warning,traffic_spike
2025-01-01T09:16:30+00:00,ac-8,access_switch,18.1,0.41,56.77,291.72,1.79,25.25,43.46,0.74,45.37,healthy,normal
2025-01-01T09:16:35+00:00,cl-8,client,263.12,95.91,4.18,2.54,88.79,6.96,8.79,87.78,0.45,warning,device_failure
2025-01-01T09:16:40+00:00,da-4,database,20.63,0.52,46.46,205.96,3.81,26.7,44.61,0.1,39.57,healthy,normal
2025-01-01T09:16:45+00:00,cl-3,client,153.88,7.19,59.36,100.23,8.9,92.35,89.26,2.78,75.63,warning,device_overload
2025-01-01T09:16:50+00:00,ro-3,router,25.79,0.84,26.63,255.39,1.55,20.08,44.05,0.12,41.93,healthy,normal
2025-01-01T09:16:55+00:00,da-3,database,139.1,2.22,45.62,175.27,17.33,86.61,97.94,6.31,67.03,warning,device_overload
2025-01-01T09:17:00+00:00,ro-3,router,305.39,97.26,12.52,5.21,67.9,54.88,46.05,61.33,9.63,offline,link_failure
2025-01-01T09:17:05+00:00,ac-3,access_switch,344.02,86.5,12.92,9.2,83.72,26.75,45.63,43.22,17.03,offline,link_failure
2025-01-01T09:17:10+00:00,cl-2,client,313.96,90.99,3.48,6.04,48.04,10.14,5.1,61.27,0.61,offline,device_failure
2025-01-01T09:17:15+00:00,cl-3,client,30.53,1.38,25.75,225.44,1.19,32.45,35.78,0.19,16.12,healthy,normal
2025-01-01T09:17:20+00:00,ro-2,router,119.27,2.4,96.22,525.51,18.55,79.79,51.73,4.39,93.88,warning,traffic_spike
2025-01-01T09:17:25+00:00,se-6,server,375.94,94.39,7.47,13.3,45.53,56.4,34.45,54.51,15.01,offline,link_failure
2025-01-01T09:17:30+00:00,ro-1,router,22.88,1.34,29.38,275.83,1.52,31.52,28.82,0.39,54.57,healthy,normal
2025-01-01T09:17:35+00:00,co-4,core_switch,37.58,1.07,45.36,238.02,2.64,17.61,39.97,0.23,51.05,healthy,normal
2025-01-01T09:17:40+00:00,ac-3,access_switch,118.48,3.05,95.56,794.29,19.47,94.26,64.75,2.58,96.18,warning,traffic_spike
2025-01-01T09:17:45+00:00,co-1,core_switch,21.57,0.76,64.78,308.11,4.89,36.14,59.14,0.8,57.74,healthy,normal
2025-01-01T09:17:50+00:00,cl-4,client,31.59,1.43,25.14,289.99,3.26,57.56,48.89,0.08,62.22,healthy,normal
2025-01-01T09:17:55+00:00,co-3,core_switch,23.98,0.76,43.36,173.46,2.87,47.7,34.87,0.83,32.16,healthy,normal
2025-01-01T09:18:00+00:00,se-7,server,39.75,0.64,47.39,250.1,2.27,51.53,45.25,0.1,55.03,healthy,normal
2025-01-01T09:18:05+00:00,ro-2,router,262.54,99.95,2.31,1.33,69.4,11.9,2.34,47.87,7.3,warning,device_failure
2025-01-01T09:18:10+00:00,co-6,core_switch,96.47,3.7,96.86,802.34,22.69,83.84,60.71,4.11,93.92,warning,traffic_spike
2025-01-01T09:18:15+00:00,ro-2,router,16.25,0.26,35.18,279.42,4.63,58.86,28.65,0.63,44.99,healthy,normal
2025-01-01T09:18:20+00:00,co-1,core_switch,38.01,0.17,40.59,300.52,3.38,20.19,27.89,0.09,28.18,healthy,normal
2025-01-01T09:18:25+00:00,da-3,database,36.47,1.11,43.27,319.81,1.38,50.33,31.4,0.13,35.35,healthy,normal
2025-01-01T09:18:30+00:00,se-6,server,150.58,6.89,51.92,88.73,18.98,88.5,90.9,2.67,87.96,warning,device_overload
2025-01-01T09:18:35+00:00,co-4,core_switch,36.2,0.83,62.1,286.71,4.72,45.74,27.92,0.36,65.39,healthy,normal
2025-01-01T09:18:40+00:00,se-3,server,411.28,75.23,6.39,6.64,40.57,63.44,31.66,57.84,1.28,offline,link_failure
2025-01-01T09:18:45+00:00,co-6,core_switch,80.16,3.13,80.51,161.0,22.89,99.59,91.99,2.26,68.78,warning,device_overload
2025-01-01T09:18:50+00:00,ro-6,router,113.06,9.17,96.35,630.46,27.78,70.63,86.41,4.68,90.76,warning,traffic_spike
2025-01-01T09:18:55+00:00,ac-5,access_switch,13.65,0.1,48.62,173.11,5.54,49.12,32.29,0.53,18.43,healthy,normal
2025-01-01T09:19:00+00:00,se-4,server,94.74,5.86,87.31,117.38,36.84,52.24,65.24,5.81,92.86,warning,congestion
2025-01-01T09:19:05+00:00,da-6,database,13.16,1.27,48.87,318.32,5.42,23.4,65.28,0.3,31.86,healthy,normal
2025-01-01T09:19:10+00:00,se-6,server,334.58,79.35,3.94,15.09,53.83,32.9,69.21,49.54,7.34,warning,link_failure
2025-01-01T09:19:15+00:00,ro-2,router,19.57,0.7,19.13,233.13,1.02,18.54,40.04,0.21,48.03,healthy,normal
2025-01-01T09:19:20+00:00,ro-6,router,22.98,1.09,55.01,161.1,5.73,59.67,25.43,0.35,21.5,healthy,normal
2025-01-01T09:19:25+00:00,se-1,server,20.97,1.25,62.73,174.8,2.43,31.31,38.94,0.13,37.05,healthy,normal
2025-01-01T09:19:30+00:00,co-5,core_switch,33.2,0.5,54.93,315.43,2.21,28.27,35.21,0.56,40.01,healthy,normal
2025-01-01T09:19:35+00:00,cl-4,client,25.42,0.09,39.29,236.53,5.49,52.73,25.67,0.89,49.45,healthy,normal
2025-01-01T09:19:40+00:00,ac-7,access_switch,151.46,10.58,89.18,95.94,31.31,81.2,76.64,4.28,96.19,warning,congestion
2025-01-01T09:19:45+00:00,cl-3,client,84.25,3.94,98.93,447.13,25.55,74.54,83.5,4.69,98.81,warning,traffic_spike
2025-01-01T09:19:50+00:00,da-4,database,427.78,72.81,6.44,16.63,37.78,32.86,41.35,57.04,17.95,offline,link_failure
2025-01-01T09:19:55+00:00,ro-5,router,28.23,1.43,32.95,220.45,2.03,55.96,38.48,0.8,41.12,healthy,normal
2025-01-01T09:20:00+00:00,ro-1,router,21.99,0.82,26.81,256.35,1.84,51.11,54.41,0.29,41.94,healthy,normal
2025-01-01T09:20:05+00:00,se-8,server,37.75,1.07,58.29,177.86,1.93,58.36,30.92,0.86,56.93,healthy,normal
2025-01-01T09:20:10+00:00,co-3,core_switch,139.43,3.02,60.86,119.49,21.52,87.74,94.06,6.17,54.67,warning,device_overload
2025-01-01T09:20:15+00:00,se-6,server,25.25,1.46,31.9,223.43,1.88,28.3,61.38,0.45,38.68,healthy,normal
2025-01-01T09:20:20+00:00,co-7,core_switch,130.61,9.54,91.83,141.89,17.9,73.66,43.24,3.87,97.78,warning,congestion
2025-01-01T09:20:25+00:00,ro-2,router,160.65,2.3,47.29,156.5,8.11,89.21,96.21,5.53,51.25,warning,device_overload
2025-01-01T09:20:30+00:00,se-1,server,122.08,8.88,96.65,625.82,11.93,91.44,82.93,1.06,95.15,warning,traffic_spike
2025-01-01T09:20:35+00:00,co-7,core_switch,36.96,0.36,45.81,311.58,4.97,34.6,49.5,0.55,52.61,healthy,normal
2025-01-01T09:20:40+00:00,cl-1,client,87.49,14.64,95.43,83.27,25.98,64.65,46.75,6.5,94.7,warning,congestion
2025-01-01T09:20:45+00:00,ro-3,router,295.88,92.84,2.68,0.22,64.34,8.33,0.83,65.27,4.11,warning,device_failure
2025-01-01T09:20:50+00:00,co-2,core_switch,111.69,4.8,99.94,587.0,12.96,70.11,75.98,0.54,93.07,warning,traffic_spike
2025-01-01T09:20:55+00:00,da-8,database,35.94,0.9,57.28,249.39,4.01,46.17,54.64,0.36,28.52,healthy,normal
2025-01-01T09:21:00+00:00,co-2,core_switch,36.8,1.03,56.39,230.32,5.39,54.98,38.93,0.74,42.14,healthy,normal
2025-01-01T09:21:05+00:00,da-8,database,12.02,0.33,45.89,329.94,0.98,44.69,64.65,0.63,60.97,healthy,normal
2025-01-01T09:21:10+00:00,da-5,database,128.65,8.91,90.11,918.82,21.92,80.44,72.96,3.67,95.41,warning,traffic_spike
2025-01-01T09:21:15+00:00,ro-3,router,477.43,91.2,2.74,5.93,92.3,1.52,3.75,86.23,5.77,warning,device_failure
2025-01-01T09:21:20+00:00,da-5,database,343.25,78.5,15.04,21.17,41.87,44.71,52.8,63.97,11.11,warning,link_failure
2025-01-01T09:21:25+00:00,se-4,server,39.22,0.73,33.01,317.68,3.11,15.8,34.24,0.34,48.11,healthy,normal
2025-01-01T09:21:30+00:00,cl-1,client,27.27,0.58,47.71,145.42,2.58,36.32,50.62,0.4,34.59,healthy,normal
2025-01-01T09:21:35+00:00,se-7,server,14.97,0.85,61.45,220.35,5.66,38.07,59.82,0.5,61.52,healthy,normal
2025-01-01T09:21:40+00:00,ac-4,access_switch,32.88,1.29,38.87,171.83,1.6,57.52,50.81,0.86,52.05,healthy,normal
2025-01-01T09:21:45+00:00,se-6,server,107.6,4.07,99.16,102.73,29.24,61.95,60.74,1.55,93.42,warning,congestion
2025-01-01T09:21:50+00:00,cl-3,client,106.42,9.52,94.89,87.01,15.72,57.4,63.25,3.53,99.75,warning,congestion
2025-01-01T09:21:55+00:00,da-7,database,24.8,0.09,56.99,217.96,3.44,24.24,49.24,0.6,54.71,healthy,normal
2025-01-01T09:22:00+00:00,co-2,core_switch,258.03,89.32,7.88,6.5,57.85,11.11,7.17,70.66,2.9,offline,device_failure
2025-01-01T09:22:05+00:00,se-4,server,20.88,0.21,61.37,164.45,2.2,26.38,54.97,0.48,16.56,healthy,normal
2025-01-01T09:22:10+00:00,se-8,server,70.86,5.66,98.31,666.42,25.12,90.15,55.32,2.46,92.58,warning,traffic_spike
2025-01-01T09:22:15+00:00,ro-8,router,111.17,10.73,96.03,147.21,20.48,66.42,61.24,5.23,87.89,warning,congestion
2025-01-01T09:22:20+00:00,cl-8,client,60.91,7.22,66.15,135.69,16.72,93.38,91.97,7.98,51.5,warning,device_overload
2025-01-01T09:22:25+00:00,se-2,server,109.76,8.31,98.88,883.54,22.83,70.2,65.18,4.56,97.03,warning,traffic_spike
2025-01-01T09:22:30+00:00,ac-2,access_switch,253.15,91.53,7.91,3.17,77.59,7.87,8.02,48.85,3.58,offline,device_failure
2025-01-01T09:22:35+00:00,se-2,server,115.55,1.56,77.02,79.15,21.78,92.02,96.97,5.52,83.87,warning,device_overload
2025-01-01T09:22:40+00:00,ro-2,router,34.4,1.27,54.52,217.27,4.6,28.27,30.52,0.82,45.63,healthy,normal
2025-01-01T09:22:45+00:00,cl-4,client,33.3,0.47,62.38,216.54,2.93,37.06,40.51,0.29,56.99,healthy,normal
2025-01-01T09:22:50+00:00,da-7,database,22.09,1.21,34.17,290.73,3.09,37.26,28.99,0.46,18.27,healthy,normal
2025-01-01T09:22:55+00:00,co-2,core_switch,10.83,1.01,45.67,118.25,5.88,19.06,44.82,0.73,30.93,healthy,normal
2025-01-01T09:23:00+00:00,ro-4,router,20.4,0.78,42.09,138.01,0.87,38.42,48.42,0.51,48.89,healthy,normal
2025-01-01T09:23:05+00:00,da-2,database,138.42,3.34,76.01,164.26,11.06,88.58,88.36,8.0,46.75,warning,device_overload
2025-01-01T09:23:10+00:00,se-8,server,11.85,0.5,59.33,229.92,4.89,25.77,42.78,0.8,63.2,healthy,normal
2025-01-01T09:23:15+00:00,se-2,server,207.93,4.2,93.25,63.48,37.11,79.91,72.63,1.05,94.43,warning,congestion
2025-01-01T09:23:20+00:00,da-3,database,210.72,8.36,91.02,76.62,14.72,58.68,77.44,5.73,88.37,warning,congestion
2025-01-01T09:23:25+00:00,ac-7,access_switch,10.3,0.81,63.09,255.48,1.29,41.59,30.1,0.65,20.63,healthy,normal
2025-01-01T09:23:30+00:00,se-6,server,17.73,0.27,34.53,244.95,1.23,54.52,58.91,0.22,34.74,healthy,normal
2025-01-01T09:23:35+00:00,se-5,server,35.89,0.3,23.38,168.9,2.74,49.14,65.31,0.52,22.39,healthy,normal
2025-01-01T09:23:40+00:00,cl-8,client,114.98,4.69,52.88,104.17,17.5,86.08,87.95,1.68,46.25,warning,device_overload
2025-01-01T09:23:45+00:00,ac-2,access_switch,177.31,7.02,89.21,72.95,26.5,46.94,49.1,3.62,96.29,warning,congestion
2025-01-01T09:23:50+00:00,ac-2,access_switch,14.55,0.18,21.25,327.66,2.21,36.9,41.84,0.22,62.71,healthy,normal
2025-01-01T09:23:55+00:00,da-1,database,24.33,1.34,26.31,158.27,2.89,51.93,64.16,0.0,37.11,healthy,normal
2025-01-01T09:24:00+00:00,co-3,core_switch,288.41,94.78,20.16,20.75,73.08,37.21,50.84,60.91,12.11,warning,link_failure
2025-01-01T09:24:05+00:00,co-4,core_switch,36.48,1.09,63.34,124.58,3.34,56.55,60.85,0.2,62.21,healthy,normal
2025-01-01T09:24:10+00:00,da-8,database,30.18,0.45,27.73,129.41,1.66,27.41,53.68,0.34,43.69,healthy,normal
2025-01-01T09:24:15+00:00,da-4,database,31.77,0.59,26.5,137.03,5.55,18.26,47.72,0.09,17.83,healthy,normal
2025-01-01T09:24:20+00:00,ac-1,access_switch,99.4,6.28,91.85,645.25,22.26,91.3,59.06,0.52,98.05,warning,traffic_spike
2025-01-01T09:24:25+00:00,ro-7,router,25.25,1.1,25.2,154.26,3.65,20.93,43.96,0.09,36.63,healthy,normal
2025-01-01T09:24:30+00:00,se-7,server,25.02,0.45,42.74,231.34,2.4,39.8,61.32,0.43,50.83,healthy,normal
2025-01-01T09:24:35+00:00,da-8,database,141.22,6.43,52.84,63.73,9.5,89.73,89.88,7.28,81.9,warning,device_overload
2025-01-01T09:24:40+00:00,ro-3,router,79.59,2.76,89.53,581.04,19.32,68.66,63.93,3.48,97.67,warning,traffic_spike
2025-01-01T09:24:45+00:00,se-5,server,40.25,0.12,30.55,239.06,5.58,46.49,29.07,0.2,50.5,healthy,normal
2025-01-01T09:24:50+00:00,se-4,server,137.91,3.29,88.74,638.86,24.74,96.94,66.68,4.62,93.07,warning,traffic_spike
2025-01-01T09:24:55+00:00,cl-1,client,489.52,97.17,1.33,3.29,77.82,1.02,3.48,42.8,2.24,offline,device_failure
2025-01-01T09:25:00+00:00,ac-3,access_switch,41.89,0.27,42.07,301.18,4.52,34.21,61.19,0.17,60.99,healthy,normal
2025-01-01T09:25:05+00:00,ro-8,router,143.02,7.36,99.53,453.62,26.96,81.82,71.01,1.7,98.23,warning,traffic_spike
2025-01-01T09:25:10+00:00,da-5,database,67.41,6.43,55.68,130.18,15.36,93.94,84.83,6.17,55.14,warning,device_overload
2025-01-01T09:25:15+00:00,da-7,database,23.27,0.9,23.17,223.56,4.42,46.09,47.92,0.64,39.34,healthy,normal
2025-01-01T09:25:20+00:00,co-3,core_switch,15.38,0.39,59.67,209.8,1.21,48.17,49.32,0.12,55.99,healthy,normal
2025-01-01T09:25:25+00:00,co-1,core_switch,22.56,0.66,39.26,158.17,5.35,29.53,36.51,0.43,32.27,healthy,normal
2025-01-01T09:25:30+00:00,da-3,database,134.39,8.81,91.11,659.53,24.69,94.05,54.73,4.85,97.62,warning,traffic_spike
2025-01-01T09:25:35+00:00,ro-7,router,121.3,4.27,64.47,57.16,19.92,89.83,88.49,4.01,85.37,warning,device_overload
2025-01-01T09:25:40+00:00,cl-1,client,75.14,5.23,96.86,486.67,14.92,76.54,52.11,2.92,92.12,warning,traffic_spike
2025-01-01T09:25:45+00:00,cl-3,client,21.5,0.28,43.16,313.28,1.4,45.14,29.45,0.4,27.81,healthy,normal
2025-01-01T09:25:50+00:00,co-1,core_switch,29.84,1.16,19.64,148.23,5.87,37.96,48.35,0.39,21.21,healthy,normal
2025-01-01T09:25:55+00:00,da-8,database,35.38,1.0,53.87,157.25,3.63,37.03,30.76,0.56,54.33,healthy,normal
2025-01-01T09:26:00+00:00,co-4,core_switch,226.44,72.17,7.55,16.53,45.96,23.89,36.72,43.96,13.5,warning,link_failure
2025-01-01T09:26:05+00:00,ro-2,router,118.66,9.67,92.72,100.66,37.94,76.43,75.84,6.78,94.78,warning,congestion
2025-01-01T09:26:10+00:00,se-5,server,71.44,3.04,98.37,897.89,25.58,75.58,70.32,1.01,90.54,warning,traffic_spike
2025-01-01T09:26:15+00:00,co-2,core_switch,34.06,1.13,55.34,257.05,2.2,16.83,46.25,0.24,24.32,healthy,normal
2025-01-01T09:26:20+00:00,se-4,server,79.77,4.44,67.67,175.22,11.23,92.63,89.84,2.68,59.01,warning,device_overload
2025-01-01T09:26:25+00:00,da-8,database,27.26,0.67,50.58,238.0,3.07,22.16,34.33,0.76,37.18,healthy,normal
2025-01-01T09:26:30+00:00,da-8,database,31.2,0.39,25.31,144.08,2.42,53.9,55.74,0.88,25.77,healthy,normal
2025-01-01T09:26:35+00:00,cl-7,client,131.82,5.73,90.63,896.83,10.77,71.58,50.29,4.96,94.85,warning,traffic_spike
2025-01-01T09:26:40+00:00,da-1,database,312.25,91.41,1.33,7.04,81.67,38.41,64.75,48.23,0.1,offline,link_failure
2025-01-01T09:26:45+00:00,cl-8,client,64.18,6.44,55.51,177.55,11.15,91.05,89.05,1.24,48.45,warning,device_overload
2025-01-01T09:26:50+00:00,da-3,database,16.57,0.41,38.98,243.47,1.97,39.01,66.68,0.6,37.93,healthy,normal
2025-01-01T09:26:55+00:00,ro-8,router,11.79,0.64,55.19,153.37,2.81,53.25,42.72,0.02,35.37,healthy,normal
2025-01-01T09:27:00+00:00,cl-8,client,28.4,1.08,55.35,281.62,2.79,47.08,47.51,0.29,58.12,healthy,normal
2025-01-01T09:27:05+00:00,cl-1,client,56.68,4.13,88.76,831.68,21.01,88.73,50.28,0.73,98.58,warning,traffic_spike
2025-01-01T09:27:10+00:00,co-5,core_switch,11.53,1.37,55.4,303.83,5.19,34.57,42.49,0.7,57.66,healthy,normal
2025-01-01T09:27:15+00:00,ac-7,access_switch,259.17,76.49,11.59,20.27,72.63,38.32,49.25,20.2,3.52,warning,link_failure
2025-01-01T09:27:20+00:00,se-6,server,27.0,0.69,20.24,209.56,3.11,44.91,47.75,0.88,25.64,healthy,normal
2025-01-01T09:27:25+00:00,ro-3,router,127.66,4.57,83.13,75.57,13.84,89.7,94.67,5.54,70.33,warning,device_overload
2025-01-01T09:27:30+00:00,cl-7,client,228.49,14.5,84.94,66.61,21.29,55.06,52.32,2.95,98.35,warning,congestion
2025-01-01T09:27:35+00:00,se-3,server,97.3,7.9,59.38,129.69,19.61,93.16,98.84,7.91,66.3,warning,device_overload
2025-01-01T09:27:40+00:00,se-8,server,114.86,5.73,75.22,127.02,22.14,96.73,90.91,3.55,78.18,warning,device_overload
2025-01-01T09:27:45+00:00,co-6,core_switch,41.43,0.53,62.22,318.14,3.99,42.66,29.87,0.45,17.72,healthy,normal
2025-01-01T09:27:50+00:00,da-7,database,72.41,6.21,97.37,445.53,18.63,87.05,59.24,3.78,99.23,warning,traffic_spike
2025-01-01T09:27:55+00:00,ac-4,access_switch,41.2,0.33,59.9,121.09,0.97,24.43,25.85,0.36,50.93,healthy,normal
2025-01-01T09:28:00+00:00,cl-8,client,16.38,0.19,26.47,175.88,2.24,20.52,59.93,0.56,27.41,healthy,normal
2025-01-01T09:28:05+00:00,co-3,core_switch,229.91,9.54,88.92,169.52,30.22,56.79,54.15,4.8,99.67,warning,congestion
2025-01-01T09:28:10+00:00,ac-6,access_switch,396.62,93.28,0.93,4.98,97.18,4.91,13.26,79.51,0.25,offline,device_failure
2025-01-01T09:28:15+00:00,co-7,core_switch,27.37,1.21,21.29,304.37,1.34,56.4,65.74,0.49,44.38,healthy,normal
2025-01-01T09:28:20+00:00,se-3,server,402.15,98.94,2.2,13.94,87.66,60.48,38.19,32.91,9.41,offline,link_failure
2025-01-01T09:28:25+00:00,ac-7,access_switch,13.37,0.79,37.93,178.44,2.02,43.74,32.88,0.55,16.74,healthy,normal
2025-01-01T09:28:30+00:00,co-2,core_switch,37.56,0.34,20.21,131.99,4.15,27.65,61.61,0.05,27.07,healthy,normal
2025-01-01T09:28:35+00:00,se-7,server,25.9,0.03,51.88,132.82,2.31,32.22,61.9,0.65,54.7,healthy,normal
2025-01-01T09:28:40+00:00,cl-6,client,16.78,0.06,47.24,301.96,5.04,26.29,34.7,0.72,53.3,healthy,normal
2025-01-01T09:28:45+00:00,co-4,core_switch,33.24,0.19,22.93,111.94,5.7,18.36,41.09,0.3,26.67,healthy,normal
2025-01-01T09:28:50+00:00,ro-3,router,23.93,0.24,54.47,202.0,2.0,43.17,57.78,0.38,25.66,healthy,normal
2025-01-01T09:28:55+00:00,da-7,database,36.26,1.26,38.37,306.69,5.23,46.9,62.51,0.19,56.27,healthy,normal
2025-01-01T09:29:00+00:00,cl-3,client,112.56,4.21,79.91,170.94,14.75,91.54,98.51,6.47,47.0,warning,device_overload
2025-01-01T09:29:05+00:00,da-7,database,144.33,9.01,92.26,788.47,26.4,85.2,74.2,3.32,92.67,warning,traffic_spike
2025-01-01T09:29:10+00:00,cl-2,client,150.68,9.17,85.83,78.67,27.3,51.76,50.63,2.54,98.5,warning,congestion
2025-01-01T09:29:15+00:00,se-7,server,95.76,14.36,94.18,81.08,18.51,64.9,47.11,6.33,92.63,warning,congestion
2025-01-01T09:29:20+00:00,se-1,server,38.11,0.69,23.25,156.62,4.66,35.77,63.91,0.46,41.64,healthy,normal
2025-01-01T09:29:25+00:00,ro-3,router,11.51,1.16,48.99,198.57,2.81,16.04,57.36,0.12,61.82,healthy,normal
2025-01-01T09:29:30+00:00,co-7,core_switch,119.51,4.39,61.42,152.84,12.54,96.57,84.13,2.71,54.25,warning,device_overload
2025-01-01T09:29:35+00:00,da-2,database,135.04,4.58,82.06,111.37,12.34,86.07,88.8,7.93,72.2,warning,device_overload
2025-01-01T09:29:40+00:00,ro-8,router,25.91,1.42,62.38,255.71,1.05,49.28,47.98,0.14,38.89,healthy,normal
2025-01-01T09:29:45+00:00,da-1,database,28.51,0.92,53.93,329.97,4.66,49.43,65.47,0.3,39.93,healthy,normal
2025-01-01T09:29:50+00:00,cl-7,client,29.97,0.04,59.84,281.86,2.57,18.23,55.3,0.48,52.11,healthy,normal
2025-01-01T09:29:55+00:00,ac-7,access_switch,11.3,1.42,59.11,175.85,2.67,38.87,43.15,0.47,17.63,healthy,normal
2025-01-01T09:30:00+00:00,ac-1,access_switch,116.54,4.57,55.49,133.34,22.86,91.18,96.2,1.15,76.65,warning,device_overload
2025-01-01T09:30:05+00:00,ro-2,router,81.04,7.85,97.26,688.88,21.18,77.89,51.69,3.97,94.24,warning,traffic_spike
2025-01-01T09:30:10+00:00,da-8,database,28.31,1.48,59.2,325.61,3.13,15.22,53.44,0.63,53.95,healthy,normal
2025-01-01T09:30:15+00:00,da-2,database,11.55,1.11,23.01,118.86,3.08,58.38,35.87,0.02,25.48,healthy,normal
2025-01-01T09:30:20+00:00,da-7,database,41.86,0.12,52.26,269.7,3.78,23.86,63.55,0.36,19.4,healthy,normal
2025-01-01T09:30:25+00:00,cl-5,client,74.1,6.84,99.52,891.64,20.75,72.58,76.25,1.88,90.09,warning,traffic_spike
2025-01-01T09:30:30+00:00,co-4,core_switch,27.47,1.48,25.62,175.74,4.57,42.33,50.91,0.58,28.62,healthy,normal
2025-01-01T09:30:35+00:00,co-6,core_switch,220.18,5.29,92.24,158.41,16.69,64.2,49.4,5.91,88.83,warning,congestion
2025-01-01T09:30:40+00:00,ro-6,router,216.86,74.75,15.29,6.47,78.34,62.96,49.96,39.82,11.82,offline,link_failure
2025-01-01T09:30:45+00:00,da-8,database,19.97,1.25,40.94,167.92,5.19,15.42,40.72,0.89,26.26,healthy,normal
2025-01-01T09:30:50+00:00,se-4,server,456.84,99.86,0.25,1.23,55.04,10.49,1.53,83.45,0.12,offline,device_failure
2025-01-01T09:30:55+00:00,ac-7,access_switch,113.14,7.08,91.56,630.7,15.18,92.02,86.83,4.06,98.61,warning,traffic_spike
2025-01-01T09:31:00+00:00,da-5,database,40.01,0.42,56.24,278.99,4.6,35.57,45.08,0.31,44.15,healthy,normal
2025-01-01T09:31:05+00:00,cl-6,client,25.96,0.72,21.67,288.38,5.0,25.14,62.93,0.24,38.88,healthy,normal
2025-01-01T09:31:10+00:00,co-4,core_switch,96.96,13.08,92.76,154.74,37.21,77.5,55.28,1.37,95.1,warning,congestion
2025-01-01T09:31:15+00:00,ac-4,access_switch,24.93,0.08,41.41,309.51,5.79,54.71,45.89,0.09,18.95,healthy,normal
2025-01-01T09:31:20+00:00,co-7,core_switch,106.11,8.74,89.02,753.85,18.53,91.1,84.37,3.47,94.66,warning,traffic_spike
2025-01-01T09:31:25+00:00,cl-4,client,90.46,12.01,83.77,97.37,24.12,47.21,62.35,3.63,95.58,warning,congestion
2025-01-01T09:31:30+00:00,ac-8,access_switch,313.15,91.89,0.98,6.61,81.32,8.21,9.62,53.32,2.86,offline,device_failure
2025-01-01T09:31:35+00:00,co-2,core_switch,159.06,3.6,81.11,148.64,16.53,92.21,97.05,3.81,55.85,warning,device_overload
2025-01-01T09:31:40+00:00,da-5,database,426.38,99.19,6.12,6.05,65.84,10.34,10.41,74.42,0.17,warning,device_failure
2025-01-01T09:31:45+00:00,cl-8,client,214.32,10.64,96.06,169.2,37.04,56.47,76.86,1.27,96.14,warning,congestion
2025-01-01T09:31:50+00:00,cl-2,client,293.2,97.62,7.01,5.23,85.38,1.3,8.48,50.47,3.56,offline,device_failure
2025-01-01T09:31:55+00:00,cl-8,client,117.86,10.26,95.66,121.58,16.56,51.63,64.18,2.08,87.21,warning,congestion
2025-01-01T09:32:00+00:00,co-5,core_switch,31.46,0.12,30.88,256.65,3.2,24.2,54.85,0.23,21.67,healthy,normal
2025-01-01T09:32:05+00:00,ac-2,access_switch,101.77,9.5,88.22,859.28,21.59,79.96,71.0,3.61,94.73,warning,traffic_spike
2025-01-01T09:32:10+00:00,se-7,server,83.29,5.6,90.5,704.19,15.09,94.2,76.49,1.13,91.44,warning,traffic_spike
2025-01-01T09:32:15+00:00,ac-8,access_switch,10.34,1.42,53.74,182.37,1.27,35.58,62.05,0.77,37.94,healthy,normal
2025-01-01T09:32:20+00:00,cl-2,client,21.53,0.68,43.15,207.34,3.76,25.44,41.21,0.74,43.03,healthy,normal
2025-01-01T09:32:25+00:00,cl-2,client,110.24,2.14,98.52,677.7,19.58,74.24,64.23,3.9,98.81,warning,traffic_spike
2025-01-01T09:32:30+00:00,ac-8,access_switch,39.0,1.36,61.46,113.27,4.67,21.01,30.19,0.57,28.78,healthy,normal
2025-01-01T09:32:35+00:00,se-5,server,13.29,0.64,23.21,193.68,4.02,44.79,38.87,0.28,25.82,healthy,normal
2025-01-01T09:32:40+00:00,se-4,server,355.13,95.39,15.19,16.49,45.59,54.27,31.86,42.94,8.49,warning,link_failure
2025-01-01T09:32:45+00:00,ac-8,access_switch,22.82,0.23,37.97,125.8,5.48,44.99,29.24,0.66,46.91,healthy,normal
2025-01-01T09:32:50+00:00,da-4,database,37.93,0.89,21.21,204.17,1.6,50.28,64.9,0.64,54.29,healthy,normal
2025-01-01T09:32:55+00:00,ac-7,access_switch,330.21,98.88,1.98,4.06,81.45,5.15,10.0,52.96,0.53,warning,device_failure
2025-01-01T09:33:00+00:00,co-2,core_switch,96.44,9.21,93.03,639.14,27.79,74.19,79.52,1.49,97.64,warning,traffic_spike
2025-01-01T09:33:05+00:00,ac-7,access_switch,33.31,1.47,57.35,318.49,4.6,23.72,43.28,0.78,43.79,healthy,normal
2025-01-01T09:33:10+00:00,ro-5,router,187.85,6.52,98.47,112.99,15.06,70.49,55.6,5.92,93.72,warning,congestion
2025-01-01T09:33:15+00:00,co-3,core_switch,31.38,0.25,44.75,170.26,5.63,22.46,48.97,0.17,32.37,healthy,normal
2025-01-01T09:33:20+00:00,ac-5,access_switch,17.12,0.78,18.41,125.58,2.47,37.71,38.54,0.6,24.45,healthy,normal
2025-01-01T09:33:25+00:00,co-5,core_switch,11.97,0.43,50.87,318.12,2.63,27.89,43.11,0.85,53.35,healthy,normal
2025-01-01T09:33:30+00:00,da-3,database,118.2,3.42,90.02,633.73,8.78,79.37,57.65,0.87,91.59,warning,traffic_spike
2025-01-01T09:33:35+00:00,se-8,server,23.2,0.43,63.49,147.15,4.4,56.52,62.54,0.3,50.87,healthy,normal
2025-01-01T09:33:40+00:00,ac-5,access_switch,38.12,0.92,43.56,191.37,2.61,17.25,65.21,0.89,47.37,healthy,normal
2025-01-01T09:33:45+00:00,se-8,server,372.59,99.38,4.87,0.97,65.68,6.68,7.97,65.84,6.93,warning,device_failure
2025-01-01T09:33:50+00:00,da-2,database,169.85,7.29,50.63,64.02,15.1,98.07,91.81,3.78,68.39,warning,device_overload
2025-01-01T09:33:55+00:00,ac-7,access_switch,129.08,4.57,94.57,699.64,11.14,95.49,58.67,2.63,91.06,warning,traffic_spike
2025-01-01T09:34:00+00:00,cl-2,client,119.96,7.27,92.74,469.04,17.85,80.98,84.52,2.24,90.96,warning,traffic_spike
2025-01-01T09:34:05+00:00,ac-8,access_switch,224.82,10.73,99.31,140.41,23.93,71.86,61.39,1.37,89.64,warning,congestion
2025-01-01T09:34:10+00:00,se-6,server,27.86,0.01,36.56,234.38,5.12,36.29,38.47,0.33,62.6,healthy,normal
2025-01-01T09:34:15+00:00,se-7,server,22.68,1.04,33.41,316.51,2.67,15.67,57.15,0.56,47.1,healthy,normal
2025-01-01T09:34:20+00:00,se-5,server,323.62,88.93,2.66,5.35,56.51,6.27,9.87,76.67,5.55,offline,device_failure
2025-01-01T09:34:25+00:00,ro-1,router,28.96,0.6,27.65,285.62,4.06,28.4,35.52,0.3,22.81,healthy,normal
2025-01-01T09:34:30+00:00,ro-8,router,36.79,0.78,58.01,184.98,4.19,33.12,62.35,0.09,56.54,healthy,normal
2025-01-01T09:34:35+00:00,ac-4,access_switch,485.34,89.02,2.06,5.9,56.04,7.88,12.53,74.59,7.75,offline,device_failure
2025-01-01T09:34:40+00:00,se-7,server,90.22,2.36,83.67,169.64,21.24,88.05,95.08,4.09,72.32,warning,device_overload
2025-01-01T09:34:45+00:00,ac-3,access_switch,208.53,79.12,6.31,12.51,55.55,43.77,59.53,50.68,6.29,offline,link_failure
2025-01-01T09:34:50+00:00,se-3,server,11.18,0.57,45.02,169.27,5.66,35.06,24.5,0.05,56.11,healthy,normal
2025-01-01T09:34:55+00:00,da-8,database,390.94,94.71,9.91,13.46,39.74,42.77,64.47,21.08,1.96,offline,link_failure
2025-01-01T09:35:00+00:00,co-7,core_switch,64.31,1.05,73.77,71.9,15.78,93.75,95.32,1.35,56.03,warning,device_overload
2025-01-01T09:35:05+00:00,cl-8,client,21.2,1.15,59.35,123.71,1.41,55.51,40.5,0.34,41.08,healthy,normal
2025-01-01T09:35:10+00:00,co-4,core_switch,496.18,93.43,5.16,0.72,81.29,3.8,1.32,38.57,0.15,warning,device_failure
2025-01-01T09:35:15+00:00,co-7,core_switch,146.54,1.99,84.28,115.18,17.52,96.09,93.55,4.11,73.95,warning,device_overload
2025-01-01T09:35:20+00:00,cl-5,client,19.6,1.27,42.92,120.44,5.82,26.53,45.08,0.25,31.38,healthy,normal
2025-01-01T09:35:25+00:00,se-8,server,396.31,94.28,3.41,2.74,56.22,7.07,3.65,46.0,1.57,offline,device_failure
2025-01-01T09:35:30+00:00,ro-3,router,21.65,1.31,20.34,316.7,5.85,41.56,30.19,0.08,36.8,healthy,normal
2025-01-01T09:35:35+00:00,co-7,core_switch,316.58,90.23,4.09,16.09,67.17,36.92,43.75,57.94,1.27,offline,link_failure
2025-01-01T09:35:40+00:00,ro-2,router,14.29,0.35,30.44,315.35,5.69,17.79,45.4,0.21,18.47,healthy,normal
2025-01-01T09:35:45+00:00,co-8,core_switch,37.36,1.42,43.06,299.88,2.56,24.34,45.7,0.86,51.58,healthy,normal
2025-01-01T09:35:50+00:00,ro-7,router,41.66,0.23,31.84,182.87,5.59,32.2,54.72,0.76,40.41,healthy,normal
2025-01-01T09:35:55+00:00,da-8,database,41.36,1.3,44.81,122.85,1.57,24.89,54.89,0.27,20.98,healthy,normal
2025-01-01T09:36:00+00:00,ro-1,router,10.31,1.16,50.8,235.11,4.41,41.85,33.11,0.32,19.32,healthy,normal
2025-01-01T09:36:05+00:00,co-3,core_switch,218.55,14.65,92.48,115.05,18.42,73.14,63.29,2.89,89.28,warning,congestion
2025-01-01T09:36:10+00:00,se-5,server,40.32,0.67,50.89,296.33,1.18,29.26,66.64,0.63,42.85,healthy,normal
2025-01-01T09:36:15+00:00,se-1,server,113.27,10.35,85.38,90.81,31.35,62.24,60.73,2.0,99.16,warning,congestion
2025-01-01T09:36:20+00:00,cl-2,client,152.2,2.89,67.38,115.7,18.51,99.57,99.78,3.18,86.44,warning,device_overload
2025-01-01T09:36:25+00:00,co-3,core_switch,132.85,9.64,89.44,76.8,19.39,67.58,43.1,1.81,95.44,warning,congestion
2025-01-01T09:36:30+00:00,co-4,core_switch,355.67,94.23,12.49,13.29,89.24,26.99,55.34,61.24,2.59,offline,link_failure
2025-01-01T09:36:35+00:00,da-5,database,94.83,8.02,89.18,557.76,19.62,82.5,70.5,3.33,99.14,warning,traffic_spike
2025-01-01T09:36:40+00:00,ac-7,access_switch,20.12,1.29,56.68,290.83,5.72,45.98,46.82,0.21,15.51,healthy,normal
2025-01-01T09:36:45+00:00,co-5,core_switch,68.51,5.35,97.03,507.88,8.79,86.37,71.31,4.81,99.07,warning,traffic_spike
2025-01-01T09:36:50+00:00,cl-4,client,13.28,1.34,43.16,174.75,2.06,37.07,60.82,0.75,37.09,healthy,normal
2025-01-01T09:36:55+00:00,cl-5,client,35.12,0.8,56.65,151.68,4.84,43.19,65.49,0.78,19.62,healthy,normal
2025-01-01T09:37:00+00:00,se-6,server,154.16,8.72,89.78,163.22,32.01,73.7,52.14,6.11,87.07,warning,congestion
2025-01-01T09:37:05+00:00,ac-4,access_switch,71.12,2.39,96.8,562.85,18.28,96.33,83.95,1.24,99.5,warning,traffic_spike
2025-01-01T09:37:10+00:00,da-8,database,27.88,0.45,53.13,290.36,1.05,33.07,56.49,0.12,64.98,healthy,normal
2025-01-01T09:37:15+00:00,cl-1,client,41.73,0.71,43.1,287.68,3.75,31.9,57.84,0.3,22.33,healthy,normal
2025-01-01T09:37:20+00:00,co-3,core_switch,95.58,6.24,82.69,141.1,17.99,95.65,85.46,2.11,81.5,warning,device_overload
2025-01-01T09:37:25+00:00,co-6,core_switch,118.21,2.56,83.75,78.29,16.13,88.56,87.67,4.13,49.42,warning,device_overload
2025-01-01T09:37:30+00:00,cl-2,client,155.57,2.27,49.35,131.51,20.67,87.64,90.41,2.41,56.24,warning,device_overload
2025-01-01T09:37:35+00:00,da-8,database,109.57,7.72,78.97,142.57,7.72,87.33,88.3,7.4,50.55,warning,device_overload
2025-01-01T09:37:40+00:00,da-4,database,229.3,7.2,94.61,83.12,19.05,52.62,52.06,1.75,92.83,warning,congestion
2025-01-01T09:37:45+00:00,ro-3,router,403.01,72.6,17.47,3.94,50.2,36.3,54.29,52.81,11.66,offline,link_failure
2025-01-01T09:37:50+00:00,co-1,core_switch,18.28,1.01,63.94,134.03,2.11,28.49,49.17,0.19,20.0,healthy,normal
2025-01-01T09:37:55+00:00,da-7,database,124.49,5.08,87.36,162.46,22.1,64.94,66.69,1.44,98.47,warning,congestion
2025-01-01T09:38:00+00:00,co-2,core_switch,28.91,1.23,30.52,141.94,4.01,20.18,27.11,0.89,38.51,healthy,normal
2025-01-01T09:38:05+00:00,ac-7,access_switch,22.51,0.35,18.28,116.33,2.02,19.51,28.66,0.88,19.67,healthy,normal
2025-01-01T09:38:10+00:00,se-4,server,35.78,0.34,30.44,243.46,1.35,53.35,25.89,0.63,53.86,healthy,normal
2025-01-01T09:38:15+00:00,cl-2,client,115.33,7.92,65.48,107.53,13.08,96.02,85.84,4.73,72.4,warning,device_overload
2025-01-01T09:38:20+00:00,cl-2,client,87.83,9.53,90.79,445.59,10.04,88.99,75.81,3.99,96.74,warning,traffic_spike
2025-01-01T09:38:25+00:00,da-2,database,472.39,88.29,1.5,0.68,73.21,6.02,9.31,57.7,4.73,warning,device_failure
2025-01-01T09:38:30+00:00,da-7,database,17.69,0.62,55.27,115.1,4.46,57.84,60.22,0.56,25.76,healthy,normal
2025-01-01T09:38:35+00:00,da-7,database,55.82,8.43,88.74,749.24,16.08,95.6,66.47,4.52,96.41,warning,traffic_spike
2025-01-01T09:38:40+00:00,ac-3,access_switch,298.06,99.49,3.37,4.14,89.2,1.05,0.72,36.99,1.23,offline,device_failure
2025-01-01T09:38:45+00:00,ac-7,access_switch,83.4,4.88,98.72,863.36,27.54,93.87,68.41,1.22,93.24,warning,traffic_spike
2025-01-01T09:38:50+00:00,ac-2,access_switch,19.04,0.01,64.23,152.39,5.93,48.03,36.62,0.55,45.82,healthy,normal
2025-01-01T09:38:55+00:00,co-8,core_switch,79.53,8.39,95.98,790.52,11.43,71.13,80.32,2.64,93.17,warning,traffic_spike
2025-01-01T09:39:00+00:00,se-7,server,10.18,0.76,43.99,245.25,3.16,24.6,50.66,0.14,35.31,healthy,normal
2025-01-01T09:39:05+00:00,da-3,database,13.03,0.42,44.92,253.72,3.58,50.7,25.64,0.24,55.61,healthy,normal
2025-01-01T09:39:10+00:00,ac-7,access_switch,75.86,9.63,99.67,669.76,10.29,83.93,67.97,4.82,95.11,warning,traffic_spike
2025-01-01T09:39:15+00:00,co-4,core_switch,135.0,2.9,93.24,783.0,23.79,79.13,64.76,0.77,98.7,warning,traffic_spike
2025-01-01T09:39:20+00:00,ac-2,access_switch,19.58,0.69,48.46,132.88,1.76,20.16,44.99,0.2,17.16,healthy,normal
2025-01-01T09:39:25+00:00,ac-5,access_switch,167.45,13.27,91.97,157.96,31.45,54.5,68.13,1.66,96.74,warning,congestion
2025-01-01T09:39:30+00:00,se-3,server,28.8,1.02,61.92,180.34,2.36,51.49,25.41,0.26,53.99,healthy,normal
2025-01-01T09:39:35+00:00,co-8,core_switch,114.76,14.23,85.97,44.36,33.36,45.38,48.36,3.65,88.53,warning,congestion
2025-01-01T09:39:40+00:00,da-6,database,22.88,1.02,61.52,198.82,2.71,45.4,42.66,0.12,21.72,healthy,normal
2025-01-01T09:39:45+00:00,se-4,server,135.13,8.11,97.03,594.72,8.78,68.36,82.95,2.98,95.99,warning,traffic_spike
2025-01-01T09:39:50+00:00,da-6,database,27.65,1.05,20.94,201.46,5.87,44.32,29.1,0.39,59.86,healthy,normal
2025-01-01T09:39:55+00:00,co-4,core_switch,64.14,5.71,99.2,540.94,25.48,89.34,69.26,2.79,92.42,warning,traffic_spike
2025-01-01T09:40:00+00:00,se-1,server,19.6,0.28,51.58,311.34,1.43,41.46,31.67,0.05,16.41,healthy,normal
2025-01-01T09:40:05+00:00,ac-5,access_switch,418.4,95.2,3.05,5.13,51.23,3.88,1.48,62.03,3.16,offline,device_failure
2025-01-01T09:40:10+00:00,ac-6,access_switch,35.61,1.36,31.71,238.46,0.87,55.59,62.14,0.22,60.6,healthy,normal
2025-01-01T09:40:15+00:00,co-5,core_switch,23.47,0.3,59.55,149.77,1.1,39.86,44.56,0.19,27.07,healthy,normal
2025-01-01T09:40:20+00:00,ro-2,router,149.15,13.15,97.2,99.96,19.94,64.28,72.81,4.3,95.1,warning,congestion
2025-01-01T09:40:25+00:00,da-5,database,282.63,89.14,1.1,2.24,74.45,4.79,0.95,53.39,5.77,warning,device_failure
2025-01-01T09:40:30+00:00,cl-4,client,475.77,94.93,5.84,4.52,74.37,0.45,0.08,53.99,2.39,offline,device_failure
2025-01-01T09:40:35+00:00,co-2,core_switch,21.71,0.85,58.04,247.14,5.54,44.3,58.63,0.01,36.12,healthy,normal
2025-01-01T09:40:40+00:00,ro-6,router,109.31,9.66,97.2,615.13,18.07,90.22,58.32,1.02,99.77,warning,traffic_spike
2025-01-01T09:40:45+00:00,cl-7,client,121.8,9.53,91.36,618.32,15.74,91.78,75.2,1.61,97.27,warning,traffic_spike
2025-01-01T09:40:50+00:00,se-7,server,139.18,8.45,99.51,708.3,16.81,85.67,77.34,4.68,95.03,warning,traffic_spike
2025-01-01T09:40:55+00:00,ro-7,router,58.38,6.29,91.6,826.4,14.91,83.69,77.6,2.99,94.26,warning,traffic_spike
2025-01-01T09:41:00+00:00,da-5,database,195.35,9.54,85.36,155.15,22.46,66.49,72.62,2.3,99.04,warning,congestion
2025-01-01T09:41:05+00:00,da-1,database,112.91,3.75,89.95,593.49,14.95,96.86,75.24,3.92,98.56,warning,traffic_spike
2025-01-01T09:41:10+00:00,se-8,server,470.58,91.67,1.79,0.32,61.68,9.41,9.28,68.68,1.37,offline,device_failure
2025-01-01T09:41:15+00:00,se-1,server,32.63,0.2,60.75,116.67,5.79,59.02,66.91,0.77,40.11,healthy,normal
2025-01-01T09:41:20+00:00,da-6,database,170.43,14.03,98.36,108.16,30.16,78.65,56.05,6.33,92.91,warning,congestion
2025-01-01T09:41:25+00:00,ac-2,access_switch,161.68,5.1,67.28,149.25,7.24,91.1,94.36,4.9,59.03,warning,device_overload
2025-01-01T09:41:30+00:00,ro-2,router,27.09,1.13,64.55,142.78,4.07,34.08,24.86,0.76,40.24,healthy,normal
2025-01-01T09:41:35+00:00,da-3,database,12.22,0.15,40.3,237.34,1.57,19.85,64.16,0.14,17.67,healthy,normal
2025-01-01T09:41:40+00:00,ac-2,access_switch,38.68,1.43,57.36,199.86,5.38,28.99,54.31,0.05,21.77,healthy,normal
2025-01-01T09:41:45+00:00,co-3,core_switch,20.96,1.17,43.33,266.3,4.97,35.09,66.63,0.64,23.15,healthy,normal
2025-01-01T09:41:50+00:00,da-8,database,13.29,0.17,40.05,187.58,1.06,28.73,41.34,0.05,54.56,healthy,normal
2025-01-01T09:41:55+00:00,cl-6,client,88.49,13.49,85.23,54.08,30.0,78.55,44.57,3.83,91.4,warning,congestion
2025-01-01T09:42:00+00:00,se-8,server,318.81,99.26,9.07,0.26,82.22,4.59,8.9,62.37,5.17,offline,device_failure
2025-01-01T09:42:05+00:00,ac-2,access_switch,409.03,98.0,4.82,7.54,57.08,2.43,10.18,63.06,1.78,warning,device_failure
2025-01-01T09:42:10+00:00,da-6,database,379.85,91.03,8.62,0.35,57.69,0.75,3.92,65.41,7.04,warning,device_failure
2025-01-01T09:42:15+00:00,co-8,core_switch,18.72,0.88,46.58,157.4,1.55,46.65,36.77,0.53,60.28,healthy,normal
2025-01-01T09:42:20+00:00,ro-5,router,39.62,0.84,18.48,177.18,3.56,17.48,50.9,0.82,36.98,healthy,normal
2025-01-01T09:42:25+00:00,cl-7,client,15.53,0.83,51.45,144.38,2.45,43.59,51.61,0.79,64.81,healthy,normal
2025-01-01T09:42:30+00:00,co-2,core_switch,271.72,77.09,18.21,13.99,82.18,61.29,52.64,57.14,17.18,warning,link_failure
2025-01-01T09:42:35+00:00,co-1,core_switch,34.93,0.4,19.45,151.31,3.51,39.57,64.33,0.59,50.78,healthy,normal
2025-01-01T09:42:40+00:00,da-5,database,94.72,6.6,89.05,622.99,24.03,79.35,59.59,4.25,91.89,warning,traffic_spike
2025-01-01T09:42:45+00:00,cl-5,client,10.8,1.22,37.02,116.03,2.55,24.56,39.68,0.69,61.68,healthy,normal
2025-01-01T09:42:50+00:00,se-5,server,227.22,13.55,99.55,104.23,16.21,45.27,64.44,5.39,97.67,warning,congestion
2025-01-01T09:42:55+00:00,se-4,server,28.82,0.66,44.08,323.81,4.07,18.81,61.51,0.4,42.05,healthy,normal
2025-01-01T09:43:00+00:00,ac-8,access_switch,37.18,0.01,22.86,122.8,1.62,48.03,63.15,0.61,35.3,healthy,normal
2025-01-01T09:43:05+00:00,co-8,core_switch,17.47,1.48,27.18,175.38,4.94,48.56,54.09,0.67,52.04,healthy,normal
2025-01-01T09:43:10+00:00,ac-7,access_switch,21.66,0.82,36.16,290.25,5.62,21.48,43.39,0.18,22.05,healthy,normal
2025-01-01T09:43:15+00:00,ro-4,router,36.08,0.27,34.18,208.03,5.95,25.18,48.87,0.4,34.1,healthy,normal
2025-01-01T09:43:20+00:00,se-6,server,15.78,0.37,35.46,276.6,4.21,43.12,53.0,0.04,34.76,healthy,normal
2025-01-01T09:43:25+00:00,ro-2,router,129.78,2.37,75.79,96.0,10.45,92.02,95.04,7.78,77.46,warning,device_overload
2025-01-01T09:43:30+00:00,se-7,server,38.75,1.19,47.72,180.56,4.35,30.8,27.41,0.59,63.11,healthy,normal
2025-01-01T09:43:35+00:00,ro-5,router,33.79,0.51,22.74,132.76,4.64,24.98,47.29,0.23,26.5,healthy,normal
2025-01-01T09:43:40+00:00,cl-7,client,89.26,8.91,88.91,606.32,18.19,89.37,83.37,2.95,92.73,warning,traffic_spike
2025-01-01T09:43:45+00:00,se-6,server,10.8,0.25,45.92,291.74,4.28,51.24,51.42,0.68,46.33,healthy,normal
2025-01-01T09:43:50+00:00,ro-2,router,340.96,88.0,18.59,8.69,62.48,61.77,68.74,30.3,15.32,warning,link_failure
2025-01-01T09:43:55+00:00,ro-1,router,148.47,4.84,83.68,160.38,37.57,63.27,72.02,6.57,93.85,warning,congestion
2025-01-01T09:44:00+00:00,ac-7,access_switch,17.79,0.7,47.96,162.44,1.67,58.38,34.54,0.03,25.93,healthy,normal
2025-01-01T09:44:05+00:00,co-4,core_switch,27.85,1.36,22.9,121.3,1.6,35.28,35.97,0.14,56.7,healthy,normal
2025-01-01T09:44:10+00:00,cl-3,client,32.27,0.66,21.43,122.63,2.65,16.17,52.93,0.63,43.91,healthy,normal
2025-01-01T09:44:15+00:00,ac-6,access_switch,12.9,0.12,51.77,230.08,5.84,37.85,33.9,0.8,26.16,healthy,normal
2025-01-01T09:44:20+00:00,co-3,core_switch,23.08,0.38,29.89,288.9,4.74,19.74,45.27,0.73,33.84,healthy,normal
2025-01-01T09:44:25+00:00,cl-5,client,41.11,0.36,27.42,158.92,5.29,32.99,63.25,0.4,23.43,healthy,normal
2025-01-01T09:44:30+00:00,da-1,database,116.38,8.09,95.13,714.22,23.89,68.57,55.2,4.19,99.65,warning,traffic_spike
2025-01-01T09:44:35+00:00,da-5,database,25.94,1.14,62.59,263.42,0.89,21.46,38.98,0.45,46.48,healthy,normal
2025-01-01T09:44:40+00:00,da-8,database,115.82,6.36,99.94,489.08,13.62,69.49,86.33,1.87,98.49,warning,traffic_spike
2025-01-01T09:44:45+00:00,da-7,database,37.9,0.5,48.29,308.38,3.26,58.77,62.59,0.19,38.21,healthy,normal
2025-01-01T09:44:50+00:00,se-6,server,431.59,89.78,2.34,23.05,81.94,50.38,54.06,58.72,3.57,warning,link_failure
2025-01-01T09:44:55+00:00,co-1,core_switch,314.73,76.41,19.48,6.8,54.25,53.1,71.33,26.2,17.77,offline,link_failure
2025-01-01T09:45:00+00:00,ac-5,access_switch,19.64,1.35,48.56,164.26,2.89,44.56,57.28,0.6,47.05,healthy,normal
2025-01-01T09:45:05+00:00,se-2,server,29.23,0.58,44.73,153.34,1.82,23.19,36.67,0.08,54.6,healthy,normal
2025-01-01T09:45:10+00:00,ac-5,access_switch,127.76,4.21,68.51,127.15,20.04,90.36,85.7,6.07,62.28,warning,device_overload
2025-01-01T09:45:15+00:00,se-5,server,34.44,0.54,38.02,252.93,3.72,50.6,56.05,0.53,41.35,healthy,normal
2025-01-01T09:45:20+00:00,ro-2,router,132.3,4.63,89.45,78.15,33.2,52.96,67.98,3.13,91.37,warning,congestion
2025-01-01T09:45:25+00:00,ac-1,access_switch,27.04,1.05,44.76,319.69,2.46,28.46,57.19,0.33,22.19,healthy,normal
2025-01-01T09:45:30+00:00,co-2,core_switch,103.54,1.24,84.57,138.8,13.71,90.54,90.15,1.56,62.91,warning,device_overload
2025-01-01T09:45:35+00:00,da-2,database,29.08,0.59,52.22,259.86,1.94,28.71,28.07,0.24,40.44,healthy,normal
2025-01-01T09:45:40+00:00,da-6,database,134.84,5.41,91.89,851.14,21.82,93.29,65.06,2.01,93.15,warning,traffic_spike
2025-01-01T09:45:45+00:00,ro-3,router,77.64,7.4,98.25,797.45,23.43,78.52,64.35,2.45,95.93,warning,traffic_spike
2025-01-01T09:45:50+00:00,da-6,database,33.4,0.9,35.04,156.5,1.6,33.6,41.48,0.25,62.86,healthy,normal
2025-01-01T09:45:55+00:00,ro-2,router,199.14,5.3,83.84,163.91,25.83,49.64,45.78,1.64,92.68,warning,congestion
2025-01-01T09:46:00+00:00,cl-7,client,11.04,0.7,24.55,212.17,4.42,15.93,58.72,0.06,47.08,healthy,normal
2025-01-01T09:46:05+00:00,co-6,core_switch,122.54,4.82,49.29,73.43,19.85,99.72,92.22,3.47,87.68,warning,device_overload
2025-01-01T09:46:10+00:00,da-1,database,62.62,3.77,57.11,169.41,22.27,95.06,88.79,2.45,59.07,warning,device_overload
2025-01-01T09:46:15+00:00,da-4,database,28.11,0.71,26.93,272.29,1.03,40.19,55.8,0.61,40.14,healthy,normal
2025-01-01T09:46:20+00:00,se-1,server,18.94,1.14,40.26,318.14,4.04,26.92,33.03,0.07,65.59,healthy,normal
2025-01-01T09:46:25+00:00,se-3,server,383.12,97.0,2.12,5.05,98.33,2.99,11.78,80.74,7.12,offline,device_failure
2025-01-01T09:46:30+00:00,se-4,server,80.39,4.59,97.16,634.87,14.64,77.22,85.49,3.05,90.04,warning,traffic_spike
2025-01-01T09:46:35+00:00,cl-8,client,18.22,0.89,38.74,208.4,3.74,37.14,26.52,0.46,34.15,healthy,normal
2025-01-01T09:46:40+00:00,se-6,server,196.94,97.27,21.5,20.2,62.36,38.03,59.15,58.84,1.99,offline,link_failure
2025-01-01T09:46:45+00:00,se-8,server,12.85,0.23,20.62,281.99,3.45,21.98,65.32,0.76,56.38,healthy,normal
2025-01-01T09:46:50+00:00,ro-3,router,241.93,96.6,1.47,5.81,84.65,5.76,2.32,57.45,1.42,warning,device_failure
2025-01-01T09:46:55+00:00,da-4,database,13.79,1.33,63.43,267.4,3.76,16.68,67.02,0.09,46.18,healthy,normal
2025-01-01T09:47:00+00:00,ac-2,access_switch,208.97,8.19,84.02,152.59,21.29,68.06,44.8,6.57,90.06,warning,congestion
2025-01-01T09:47:05+00:00,se-1,server,184.74,5.31,98.42,70.75,18.95,62.08,42.66,1.62,89.03,warning,congestion
2025-01-01T09:47:10+00:00,co-1,core_switch,119.69,8.5,92.84,586.23,14.67,70.72,82.93,4.57,91.23,warning,traffic_spike
2025-01-01T09:47:15+00:00,da-3,database,244.82,93.74,3.51,3.91,94.67,11.55,13.97,60.81,1.53,offline,device_failure
2025-01-01T09:47:20+00:00,cl-6,client,23.44,0.68,57.43,239.35,2.83,20.47,30.6,0.89,58.07,healthy,normal
2025-01-01T09:47:25+00:00,ac-6,access_switch,111.77,13.01,89.63,115.65,37.1,53.55,60.02,2.57,96.22,warning,congestion
2025-01-01T09:47:30+00:00,da-8,database,59.44,9.88,96.54,811.4,17.17,68.32,68.44,1.42,99.47,warning,traffic_spike
2025-01-01T09:47:35+00:00,cl-2,client,32.86,0.91,49.87,123.12,3.72,46.16,47.17,0.77,32.95,healthy,normal
2025-01-01T09:47:40+00:00,da-2,database,30.13,1.26,32.07,265.43,4.15,56.06,30.12,0.51,63.65,healthy,normal
2025-01-01T09:47:45+00:00,cl-4,client,110.08,7.31,92.85,702.28,9.23,69.41,56.22,4.76,93.98,warning,traffic_spike
2025-01-01T09:47:50+00:00,da-3,database,131.41,6.17,72.66,156.14,16.14,97.87,96.39,2.98,67.22,warning,device_overload
2025-01-01T09:47:55+00:00,da-7,database,209.45,15.68,86.34,56.89,24.13,57.47,51.76,1.1,90.6,warning,congestion
2025-01-01T09:48:00+00:00,ro-4,router,34.11,1.39,30.95,155.74,4.96,39.92,51.24,0.29,31.16,healthy,normal
2025-01-01T09:48:05+00:00,da-3,database,27.01,0.9,18.3,146.9,5.8,33.16,48.95,0.48,21.49,healthy,normal
2025-01-01T09:48:10+00:00,ro-6,router,124.42,4.74,53.75,82.8,17.15,95.68,99.26,2.14,70.54,warning,device_overload
2025-01-01T09:48:15+00:00,da-7,database,36.65,0.52,18.84,294.27,2.59,44.08,38.05,0.35,26.06,healthy,normal
2025-01-01T09:48:20+00:00,ro-1,router,239.93,96.29,9.81,0.2,94.01,3.27,1.54,58.84,5.99,warning,device_failure
2025-01-01T09:48:25+00:00,da-2,database,11.7,0.11,42.74,208.16,4.06,41.74,59.29,0.62,30.78,healthy,normal
2025-01-01T09:48:30+00:00,ac-8,access_switch,89.31,7.65,51.46,78.93,22.97,94.69,88.55,4.49,55.42,warning,device_overload
2025-01-01T09:48:35+00:00,co-2,core_switch,159.06,14.41,87.34,133.42,20.17,56.21,58.97,3.5,86.49,warning,congestion
2025-01-01T09:48:40+00:00,ro-6,router,19.95,0.66,62.22,240.12,3.52,41.73,64.89,0.51,20.69,healthy,normal
2025-01-01T09:48:45+00:00,se-3,server,12.61,0.5,41.58,213.19,1.23,29.42,25.78,0.79,53.56,healthy,normal
2025-01-01T09:48:50+00:00,co-4,core_switch,41.3,0.25,51.49,153.24,1.74,16.55,51.72,0.08,50.51,healthy,normal
2025-01-01T09:48:55+00:00,cl-5,client,109.58,3.93,88.94,724.32,26.96,90.13,79.36,0.94,90.93,warning,traffic_spike
2025-01-01T09:49:00+00:00,ro-2,router,203.0,9.95,97.56,73.84,30.29,59.55,59.95,4.79,95.79,warning,congestion
2025-01-01T09:49:05+00:00,cl-7,client,344.93,93.22,12.94,20.97,32.58,60.63,32.36,59.91,14.9,offline,link_failure
2025-01-01T09:49:10+00:00,ac-5,access_switch,107.03,10.51,92.9,116.92,27.82,63.81,43.52,2.68,98.16,warning,congestion
2025-01-01T09:49:15+00:00,da-2,database,98.54,8.6,95.8,487.17,26.6,86.15,85.4,3.75,94.48,warning,traffic_spike
2025-01-01T09:49:20+00:00,ac-4,access_switch,465.16,90.7,5.71,11.35,74.07,61.2,31.69,56.9,16.7,offline,link_failure
2025-01-01T09:49:25+00:00,co-2,core_switch,92.62,3.56,59.12,141.55,11.96,99.04,94.7,2.12,50.75,warning,device_overload
2025-01-01T09:49:30+00:00,ac-3,access_switch,26.74,1.35,45.29,191.36,4.47,22.44,65.37,0.52,64.48,healthy,normal
2025-01-01T09:49:35+00:00,co-1,core_switch,35.13,1.38,18.54,143.71,4.11,38.94,55.29,0.26,24.16,healthy,normal
2025-01-01T09:49:40+00:00,ro-4,router,189.6,15.72,97.69,44.88,24.85,50.76,51.02,6.51,89.91,warning,congestion
2025-01-01T09:49:45+00:00,co-4,core_switch,15.87,0.7,44.03,264.96,4.64,27.74,59.04,0.2,32.01,healthy,normal
2025-01-01T09:49:50+00:00,cl-8,client,21.98,1.08,25.07,186.67,5.79,27.27,50.18,0.7,44.38,healthy,normal
2025-01-01T09:49:55+00:00,se-5,server,227.12,13.12,83.73,131.27,26.9,54.48,64.1,1.68,97.07,warning,congestion
2025-01-01T09:50:00+00:00,cl-3,client,33.02,1.27,39.28,127.46,5.49,28.08,38.86,0.81,18.43,healthy,normal
2025-01-01T09:50:05+00:00,ac-2,access_switch,41.62,0.73,33.44,316.65,3.48,31.98,52.55,0.21,34.37,healthy,normal
2025-01-01T09:50:10+00:00,cl-8,client,89.08,3.27,95.35,865.69,9.71,94.27,84.17,1.58,91.64,warning,traffic_spike
2025-01-01T09:50:15+00:00,co-6,core_switch,16.03,0.79,27.99,302.8,1.12,43.3,33.28,0.6,52.48,healthy,normal
2025-01-01T09:50:20+00:00,se-8,server,120.63,7.22,54.95,151.94,9.15,87.38,88.89,7.51,67.96,warning,device_overload
2025-01-01T09:50:25+00:00,da-2,database,36.23,1.26,19.72,230.75,0.88,54.69,26.44,0.71,52.6,healthy,normal
2025-01-01T09:50:30+00:00,se-1,server,397.25,92.17,4.74,2.14,48.47,1.05,1.11,48.33,4.58,warning,device_failure
2025-01-01T09:50:35+00:00,ro-4,router,424.65,74.16,1.37,20.49,77.15,37.35,50.1,55.08,13.24,offline,link_failure
2025-01-01T09:50:40+00:00,da-2,database,10.3,1.38,60.49,167.87,5.01,55.04,56.25,0.36,25.75,healthy,normal
2025-01-01T09:50:45+00:00,ac-4,access_switch,38.74,0.21,24.98,267.76,5.29,40.83,38.76,0.87,34.49,healthy,normal
2025-01-01T09:50:50+00:00,ro-1,router,198.08,6.12,83.51,102.53,16.77,71.71,42.94,3.38,99.57,warning,congestion
2025-01-01T09:50:55+00:00,cl-4,client,74.17,1.7,70.58,159.09,16.96,98.91,91.06,3.06,78.08,warning,device_overload
2025-01-01T09:51:00+00:00,ro-5,router,79.84,2.12,59.33,78.48,11.98,88.81,95.33,5.46,61.68,warning,device_overload
2025-01-01T09:51:05+00:00,ro-6,router,10.96,0.4,38.66,140.68,3.24,23.82,56.61,0.42,64.63,healthy,normal
2025-01-01T09:51:10+00:00,cl-5,client,23.56,0.47,52.07,215.77,4.19,29.05,50.34,0.46,62.56,healthy,normal
2025-01-01T09:51:15+00:00,cl-2,client,29.9,0.19,38.79,164.32,5.13,33.25,42.86,0.33,25.66,healthy,normal
2025-01-01T09:51:20+00:00,co-5,core_switch,20.2,1.22,30.43,135.82,4.96,24.45,40.52,0.36,16.72,healthy,normal
2025-01-01T09:51:25+00:00,ro-5,router,181.55,74.14,8.07,20.81,87.47,55.11,45.01,44.58,3.5,offline,link_failure
2025-01-01T09:51:30+00:00,cl-5,client,20.13,0.13,46.48,324.94,1.13,52.69,36.57,0.66,52.03,healthy,normal
2025-01-01T09:51:35+00:00,se-1,server,372.41,96.98,14.49,2.57,30.05,28.98,61.4,43.13,11.13,offline,link_failure
2025-01-01T09:51:40+00:00,se-8,server,17.29,1.13,53.47,216.75,3.76,38.38,48.55,0.02,20.02,healthy,normal
2025-01-01T09:51:45+00:00,co-3,core_switch,73.3,4.11,99.74,480.45,27.9,93.25,56.75,1.99,99.97,warning,traffic_spike
2025-01-01T09:51:50+00:00,ac-5,access_switch,79.37,4.35,98.13,864.21,23.15,93.35,82.31,3.81,99.6,warning,traffic_spike
2025-01-01T09:51:55+00:00,se-7,server,39.42,1.2,58.44,281.06,2.64,19.41,33.31,0.17,33.27,healthy,normal
2025-01-01T09:52:00+00:00,da-4,database,35.2,1.38,28.19,237.44,3.88,57.25,40.01,0.43,46.25,healthy,normal
2025-01-01T09:52:05+00:00,cl-8,client,32.99,0.58,25.91,292.98,4.85,31.21,65.22,0.23,45.97,healthy,normal
2025-01-01T09:52:10+00:00,ro-1,router,11.93,0.86,46.39,114.3,2.21,38.04,26.98,0.57,36.48,healthy,normal
2025-01-01T09:52:15+00:00,ro-7,router,253.52,98.15,7.57,0.65,83.55,3.28,1.59,78.44,4.04,offline,device_failure
2025-01-01T09:52:20+00:00,da-4,database,123.25,9.5,84.2,53.76,30.95,60.02,42.1,1.04,99.84,warning,congestion
2025-01-01T09:52:25+00:00,se-4,server,25.44,0.58,26.25,171.25,2.71,20.23,40.14,0.06,65.97,healthy,normal
2025-01-01T09:52:30+00:00,co-3,core_switch,113.12,5.37,99.87,593.21,20.04,84.23,54.6,3.36,97.2,warning,traffic_spike
2025-01-01T09:52:35+00:00,cl-6,client,23.36,1.38,31.87,269.37,0.99,29.66,59.52,0.69,29.28,healthy,normal
2025-01-01T09:52:40+00:00,cl-4,client,21.31,0.26,20.2,299.12,2.59,51.92,37.9,0.16,43.45,healthy,normal
2025-01-01T09:52:45+00:00,se-6,server,23.89,0.76,35.39,230.65,5.99,42.87,60.11,0.23,55.33,healthy,normal
2025-01-01T09:52:50+00:00,se-2,server,12.5,1.09,32.48,300.37,1.36,38.32,26.81,0.02,28.62,healthy,normal
2025-01-01T09:52:55+00:00,co-5,core_switch,21.2,1.08,37.98,315.99,3.6,54.97,39.12,0.06,55.16,healthy,normal
2025-01-01T09:53:00+00:00,cl-3,client,61.55,7.46,88.42,664.01,19.25,96.47,83.4,4.28,92.85,warning,traffic_spike
2025-01-01T09:53:05+00:00,cl-4,client,110.43,4.95,95.77,789.8,25.25,75.76,65.56,2.07,93.4,warning,traffic_spike
2025-01-01T09:53:10+00:00,se-5,server,35.64,0.98,28.05,164.13,4.96,50.19,45.11,0.11,37.21,healthy,normal
2025-01-01T09:53:15+00:00,se-5,server,120.47,9.44,95.6,832.36,21.24,69.19,73.94,2.64,99.92,warning,traffic_spike
2025-01-01T09:53:20+00:00,ac-4,access_switch,226.92,87.52,9.53,4.74,36.57,28.2,56.92,22.41,9.83,offline,link_failure
2025-01-01T09:53:25+00:00,co-5,core_switch,143.02,7.56,61.34,120.28,12.36,88.17,89.53,1.9,80.94,warning,device_overload
2025-01-01T09:53:30+00:00,da-4,database,14.64,0.69,51.1,285.82,5.22,17.3,29.86,0.61,16.32,healthy,normal
2025-01-01T09:53:35+00:00,da-2,database,24.27,0.98,21.54,131.68,0.93,18.57,61.0,0.26,65.2,healthy,normal
2025-01-01T09:53:40+00:00,co-7,core_switch,11.74,0.63,43.38,213.47,1.38,50.78,43.54,0.32,42.26,healthy,normal
2025-01-01T09:53:45+00:00,se-6,server,189.06,13.48,96.78,60.74,33.88,74.62,65.66,5.27,88.94,warning,congestion
2025-01-01T09:53:50+00:00,cl-4,client,118.91,3.81,59.54,80.13,8.5,89.37,99.48,4.62,63.03,warning,device_overload
2025-01-01T09:53:55+00:00,ac-1,access_switch,17.49,0.81,47.67,111.95,2.26,27.12,63.14,0.5,48.96,healthy,normal
2025-01-01T09:54:00+00:00,ro-7,router,31.17,0.22,20.75,120.55,4.33,22.41,51.05,0.59,47.6,healthy,normal
2025-01-01T09:54:05+00:00,co-7,core_switch,117.54,2.32,90.32,485.32,15.36,88.87,64.9,4.81,98.85,warning,traffic_spike
2025-01-01T09:54:10+00:00,co-2,core_switch,18.45,0.05,30.62,240.33,3.49,39.54,34.98,0.88,30.2,healthy,normal
2025-01-01T09:54:15+00:00,se-2,server,31.03,0.48,25.11,137.09,3.6,52.19,36.91,0.72,34.01,healthy,normal
2025-01-01T09:54:20+00:00,co-8,core_switch,98.15,5.01,96.68,605.99,19.4,73.44,87.75,1.62,91.55,warning,traffic_spike
2025-01-01T09:54:25+00:00,ac-3,access_switch,83.56,8.54,96.34,647.79,19.42,82.16,56.58,4.2,91.78,warning,traffic_spike
2025-01-01T09:54:30+00:00,da-2,database,336.46,84.8,3.67,13.47,82.82,28.1,30.8,21.79,16.38,offline,link_failure
2025-01-01T09:54:35+00:00,ac-6,access_switch,14.11,1.48,56.71,159.81,3.05,35.17,26.3,0.21,43.84,healthy,normal
2025-01-01T09:54:40+00:00,ac-7,access_switch,62.92,2.16,92.9,862.23,16.13,87.64,62.18,0.86,92.82,warning,traffic_spike
2025-01-01T09:54:45+00:00,se-5,server,220.72,96.97,18.7,8.03,69.47,46.07,70.37,36.71,4.11,offline,link_failure
2025-01-01T09:54:50+00:00,ac-2,access_switch,28.54,0.65,23.34,243.75,2.6,45.89,58.43,0.11,34.4,healthy,normal
2025-01-01T09:54:55+00:00,cl-4,client,104.95,6.11,97.18,710.61,17.03,92.8,59.06,1.82,99.9,warning,traffic_spike
2025-01-01T09:55:00+00:00,ac-3,access_switch,25.8,0.65,62.31,136.97,4.39,19.58,45.06,0.68,21.31,healthy,normal
2025-01-01T09:55:05+00:00,cl-7,client,21.71,1.05,59.8,265.7,3.43,36.13,63.96,0.78,43.93,healthy,normal
2025-01-01T09:55:10+00:00,da-5,database,58.83,2.97,99.94,659.58,22.07,76.21,73.91,2.08,92.75,warning,traffic_spike
2025-01-01T09:55:15+00:00,ro-3,router,37.49,1.4,49.41,123.89,3.1,21.88,47.69,0.3,35.68,healthy,normal
2025-01-01T09:55:20+00:00,cl-1,client,112.62,8.76,95.31,601.58,24.33,75.1,50.58,3.53,92.69,warning,traffic_spike
2025-01-01T09:55:25+00:00,co-3,core_switch,19.37,0.04,58.14,155.46,3.27,15.46,33.95,0.5,56.75,healthy,normal
2025-01-01T09:55:30+00:00,ac-3,access_switch,17.46,1.3,47.88,277.43,3.92,24.68,44.74,0.58,36.46,healthy,normal
2025-01-01T09:55:35+00:00,da-6,database,111.92,2.4,95.34,857.32,17.81,89.47,77.16,3.94,93.4,warning,traffic_spike
2025-01-01T09:55:40+00:00,se-5,server,92.22,2.48,95.98,744.26,19.19,94.27,73.75,3.68,95.83,warning,traffic_spike
2025-01-01T09:55:45+00:00,se-4,server,325.81,93.97,1.04,3.16,97.21,11.99,4.41,36.06,4.97,offline,device_failure
2025-01-01T09:55:50+00:00,cl-5,client,58.57,7.18,91.21,910.8,19.55,70.05,71.66,3.78,97.12,warning,traffic_spike
2025-01-01T09:55:55+00:00,ro-8,router,24.75,1.43,34.85,152.13,2.44,26.45,67.61,0.11,62.19,healthy,normal
2025-01-01T09:56:00+00:00,ro-6,router,35.17,1.1,58.45,265.05,1.79,31.58,64.21,0.78,36.54,healthy,normal
2025-01-01T09:56:05+00:00,ro-1,router,124.47,6.04,67.23,187.11,12.62,94.73,96.69,5.4,62.12,warning,device_overload
2025-01-01T09:56:10+00:00,ro-7,router,183.69,9.1,87.69,43.92,23.69,64.11,53.3,1.89,97.8,warning,congestion
2025-01-01T09:56:15+00:00,cl-4,client,210.16,5.96,97.31,111.47,25.26,61.6,74.48,2.54,90.45,warning,congestion
2025-01-01T09:56:20+00:00,da-2,database,96.91,8.55,91.22,124.48,30.23,63.24,48.41,5.84,94.12,warning,congestion
2025-01-01T09:56:25+00:00,co-2,core_switch,21.48,1.37,49.68,206.74,5.73,36.67,52.0,0.04,48.21,healthy,normal
2025-01-01T09:56:30+00:00,cl-5,client,362.17,82.2,13.46,16.64,34.96,63.54,64.02,30.39,9.18,offline,link_failure
2025-01-01T09:56:35+00:00,da-2,database,37.23,0.84,51.99,242.95,2.0,39.5,35.29,0.04,17.86,healthy,normal
2025-01-01T09:56:40+00:00,co-7,core_switch,37.39,0.96,27.78,126.42,1.93,50.8,66.84,0.71,62.2,healthy,normal
2025-01-01T09:56:45+00:00,ro-3,router,218.46,81.66,15.22,9.99,42.67,51.47,37.22,29.49,17.16,offline,link_failure
2025-01-01T09:56:50+00:00,ro-1,router,21.97,0.81,59.57,242.12,1.36,42.51,34.29,0.04,63.75,healthy,normal
2025-01-01T09:56:55+00:00,ro-6,router,68.42,5.62,90.43,555.28,9.4,87.14,61.64,0.75,93.0,warning,traffic_spike
2025-01-01T09:57:00+00:00,ro-8,router,215.02,14.62,89.1,75.52,31.23,46.33,69.46,5.68,99.33,warning,congestion
2025-01-01T09:57:05+00:00,cl-6,client,27.82,1.25,30.47,141.64,2.28,31.43,44.9,0.68,25.76,healthy,normal
2025-01-01T09:57:10+00:00,co-2,core_switch,395.34,95.86,1.52,4.5,61.39,6.46,5.2,87.28,6.05,offline,device_failure
2025-01-01T09:57:15+00:00,ro-5,router,27.71,1.25,55.91,225.59,1.06,22.2,41.66,0.21,48.3,healthy,normal
2025-01-01T09:57:20+00:00,da-7,database,41.79,0.89,29.44,114.48,1.49,35.05,24.39,0.76,38.17,healthy,normal
2025-01-01T09:57:25+00:00,cl-1,client,236.31,94.53,8.81,0.79,97.49,5.7,4.27,75.29,3.73,warning,device_failure
2025-01-01T09:57:30+00:00,co-1,core_switch,478.15,92.1,11.92,23.92,47.7,38.25,32.35,43.1,10.57,offline,link_failure
2025-01-01T09:57:35+00:00,da-4,database,135.15,11.68,87.67,75.82,14.42,62.37,69.42,1.37,92.02,warning,congestion
2025-01-01T09:57:40+00:00,ro-4,router,10.68,1.01,25.26,124.22,3.56,17.69,49.76,0.86,54.57,healthy,normal
2025-01-01T09:57:45+00:00,ac-7,access_switch,275.18,75.78,13.93,12.68,37.92,35.94,34.42,29.61,5.52,offline,link_failure
2025-01-01T09:57:50+00:00,co-3,core_switch,21.13,1.01,44.5,194.6,5.55,15.64,40.23,0.26,63.28,healthy,normal
2025-01-01T09:57:55+00:00,ac-8,access_switch,397.6,96.46,3.34,4.16,83.39,3.82,9.73,35.34,1.31,warning,device_failure
2025-01-01T09:58:00+00:00,co-3,core_switch,13.13,0.1,60.48,168.85,0.88,20.32,41.55,0.72,33.96,healthy,normal
2025-01-01T09:58:05+00:00,co-5,core_switch,14.23,1.02,27.95,201.98,1.91,19.26,53.17,0.58,65.97,healthy,normal
2025-01-01T09:58:10+00:00,co-1,core_switch,101.17,11.69,84.6,158.26,33.2,80.57,66.19,4.57,94.02,warning,congestion
2025-01-01T09:58:15+00:00,ac-7,access_switch,25.13,1.35,60.99,319.79,3.42,33.5,61.12,0.54,40.9,healthy,normal
2025-01-01T09:58:20+00:00,da-5,database,34.51,0.08,26.74,131.83,1.28,47.22,33.58,0.6,21.37,healthy,normal
2025-01-01T09:58:25+00:00,co-2,core_switch,17.35,0.31,54.22,152.65,1.2,58.74,48.04,0.24,42.71,healthy,normal
2025-01-01T09:58:30+00:00,da-4,database,138.89,14.86,88.24,74.93,20.84,49.47,46.99,5.59,92.97,warning,congestion
2025-01-01T09:58:35+00:00,da-2,database,419.97,91.09,6.42,18.28,76.85,58.56,55.09,47.44,16.62,offline,link_failure
2025-01-01T09:58:40+00:00,ro-5,router,23.84,1.16,52.26,321.05,1.08,49.58,36.13,0.87,19.09,healthy,normal
2025-01-01T09:58:45+00:00,ro-5,router,24.91,1.34,25.79,197.08,1.37,32.44,34.39,0.3,39.02,healthy,normal
2025-01-01T09:58:50+00:00,ac-8,access_switch,19.22,1.3,28.45,182.02,1.36,25.11,35.33,0.54,47.63,healthy,normal
2025-01-01T09:58:55+00:00,se-5,server,122.47,9.08,94.8,848.33,16.6,87.43,61.73,1.57,96.55,warning,traffic_spike
2025-01-01T09:59:00+00:00,ro-3,router,351.47,89.19,0.5,7.04,85.86,7.4,12.19,78.71,7.04,warning,device_failure
2025-01-01T09:59:05+00:00,da-1,database,335.39,99.98,0.33,3.29,90.77,5.21,2.91,49.17,5.83,offline,device_failure
2025-01-01T09:59:10+00:00,da-7,database,138.95,6.99,99.15,653.8,24.39,70.82,82.88,2.48,90.45,warning,traffic_spike
2025-01-01T09:59:15+00:00,cl-1,client,10.56,1.11,22.26,322.73,3.66,15.98,37.18,0.06,59.42,healthy,normal
2025-01-01T09:59:20+00:00,ro-3,router,426.61,92.38,8.89,1.73,62.19,4.8,12.81,82.54,5.88,warning,device_failure
2025-01-01T09:59:25+00:00,co-2,core_switch,30.57,0.28,29.0,182.96,3.75,30.02,44.33,0.56,59.09,healthy,normal
2025-01-01T09:59:30+00:00,cl-7,client,26.41,1.44,35.46,169.05,3.8,28.53,31.2,0.49,55.19,healthy,normal
2025-01-01T09:59:35+00:00,ro-4,router,37.61,1.44,47.42,197.4,3.49,44.75,65.27,0.15,39.21,healthy,normal
2025-01-01T09:59:40+00:00,ac-8,access_switch,28.62,0.67,62.04,223.35,4.01,34.97,38.9,0.52,62.16,healthy,normal
2025-01-01T09:59:45+00:00,cl-8,client,19.69,0.81,35.76,237.57,5.08,37.62,51.86,0.33,25.92,healthy,normal
2025-01-01T09:59:50+00:00,ac-4,access_switch,28.18,1.0,60.93,177.12,0.8,46.38,64.95,0.04,49.63,healthy,normal
2025-01-01T09:59:55+00:00,se-2,server,99.34,1.33,47.94,142.54,7.8,91.37,99.86,5.18,47.19,warning,device_overload
2025-01-01T10:00:00+00:00,da-1,database,99.37,3.53,90.74,892.86,22.16,76.44,61.05,3.23,97.39,warning,traffic_spike
2025-01-01T10:00:05+00:00,se-2,server,14.93,0.61,25.67,247.36,4.76,23.74,61.51,0.6,40.61,healthy,normal
2025-01-01T10:00:10+00:00,ac-6,access_switch,429.44,76.51,14.35,10.88,46.09,30.05,62.19,28.2,4.69,offline,link_failure
2025-01-01T10:00:15+00:00,co-5,core_switch,41.08,0.31,28.58,249.43,1.33,27.52,64.71,0.43,61.6,healthy,normal
2025-01-01T10:00:20+00:00,co-6,core_switch,167.4,2.7,80.15,125.47,12.86,88.96,90.78,3.48,81.44,warning,device_overload
2025-01-01T10:00:25+00:00,cl-2,client,109.9,3.97,96.92,430.57,15.79,81.62,74.6,4.76,94.25,warning,traffic_spike
2025-01-01T10:00:30+00:00,se-6,server,24.3,0.8,27.91,210.65,3.71,15.33,63.78,0.46,37.31,healthy,normal
2025-01-01T10:00:35+00:00,cl-8,client,14.85,0.98,33.35,307.26,1.56,55.62,62.49,0.23,51.83,healthy,normal
2025-01-01T10:00:40+00:00,se-6,server,19.62,0.86,52.76,187.68,0.81,31.44,62.1,0.46,34.69,healthy,normal
2025-01-01T10:00:45+00:00,se-4,server,120.01,6.91,76.61,73.65,13.18,90.99,94.71,7.72,69.28,warning,device_overload
2025-01-01T10:00:50+00:00,cl-4,client,73.92,2.85,89.6,747.05,25.01,71.62,79.9,2.1,92.45,warning,traffic_spike
2025-01-01T10:00:55+00:00,ro-6,router,452.98,83.89,9.03,8.5,79.04,61.82,62.97,23.05,4.96,offline,link_failure
2025-01-01T10:01:00+00:00,se-5,server,38.82,0.92,51.51,124.88,5.06,45.84,37.38,0.75,35.54,healthy,normal
2025-01-01T10:01:05+00:00,cl-4,client,32.47,0.18,59.38,182.95,0.87,26.35,27.07,0.25,24.45,healthy,normal
2025-01-01T10:01:10+00:00,da-6,database,432.9,89.22,7.88,0.21,98.06,3.31,8.56,35.43,5.41,offline,device_failure
2025-01-01T10:01:15+00:00,ac-1,access_switch,30.79,0.89,37.37,172.81,0.88,27.36,27.88,0.29,66.35,healthy,normal
2025-01-01T10:01:20+00:00,co-2,core_switch,326.47,93.46,7.74,0.13,90.38,5.57,7.03,81.82,1.53,offline,device_failure
2025-01-01T10:01:25+00:00,se-6,server,16.33,0.01,51.9,143.87,5.09,41.39,49.11,0.33,66.83,healthy,normal
2025-01-01T10:01:30+00:00,se-3,server,39.33,0.35,30.16,231.11,5.84,43.36,40.06,0.77,44.61,healthy,normal
2025-01-01T10:01:35+00:00,ro-4,router,165.34,12.61,99.14,108.46,26.45,57.42,74.46,5.23,94.54,warning,congestion
2025-01-01T10:01:40+00:00,cl-6,client,124.59,7.67,95.23,858.76,10.55,96.62,70.23,3.37,91.94,warning,traffic_spike
2025-01-01T10:01:45+00:00,da-8,database,22.06,1.0,54.48,193.84,3.05,24.75,28.45,0.57,43.25,healthy,normal
2025-01-01T10:01:50+00:00,se-2,server,37.04,1.2,46.87,193.86,3.7,18.64,62.95,0.64,15.41,healthy,normal
2025-01-01T10:01:55+00:00,ac-2,access_switch,21.98,1.34,19.2,281.02,2.51,59.8,33.71,0.35,36.29,healthy,normal
2025-01-01T10:02:00+00:00,da-5,database,19.93,1.13,30.29,136.99,2.04,44.67,58.02,0.57,56.62,healthy,normal
2025-01-01T10:02:05+00:00,cl-8,client,31.97,0.03,35.87,233.0,1.58,41.99,50.71,0.14,65.66,healthy,normal
2025-01-01T10:02:10+00:00,se-7,server,15.76,0.8,30.72,236.39,4.34,59.36,28.66,0.31,50.34,healthy,normal
2025-01-01T10:02:15+00:00,cl-8,client,25.42,0.37,20.43,127.46,3.36,17.8,31.47,0.37,26.46,healthy,normal
2025-01-01T10:02:20+00:00,co-3,core_switch,17.13,1.29,42.08,152.93,5.67,31.46,64.79,0.15,25.91,healthy,normal
2025-01-01T10:02:25+00:00,se-2,server,372.71,96.02,5.58,12.37,74.7,20.35,46.87,30.99,10.09,offline,link_failure
2025-01-01T10:02:30+00:00,se-5,server,21.55,0.57,38.21,299.98,5.6,53.19,36.07,0.89,56.25,healthy,normal
2025-01-01T10:02:35+00:00,da-4,database,120.54,7.55,95.82,847.89,13.02,84.95,70.75,4.2,95.22,warning,traffic_spike
2025-01-01T10:02:40+00:00,ac-2,access_switch,157.13,1.99,74.93,123.94,17.0,95.46,91.28,7.6,64.86,warning,device_overload
2025-01-01T10:02:45+00:00,ro-7,router,33.1,0.98,42.64,173.87,3.83,16.62,33.17,0.66,50.48,healthy,normal
2025-01-01T10:02:50+00:00,se-4,server,64.24,8.37,96.02,592.87,20.92,71.1,75.37,2.61,94.25,warning,traffic_spike
2025-01-01T10:02:55+00:00,cl-7,client,210.09,11.97,98.76,71.11,12.49,65.47,54.97,5.0,93.29,warning,congestion
2025-01-01T10:03:00+00:00,ac-1,access_switch,13.84,0.22,41.74,216.02,1.25,28.17,27.85,0.12,41.8,healthy,normal
2025-01-01T10:03:05+00:00,se-6,server,38.55,1.18,26.49,314.94,2.15,47.55,30.6,0.87,42.44,healthy,normal
2025-01-01T10:03:10+00:00,ro-6,router,19.46,0.07,35.19,112.51,5.49,42.83,46.79,0.08,37.44,healthy,normal
2025-01-01T10:03:15+00:00,ac-3,access_switch,34.64,0.86,33.63,166.13,0.92,55.24,33.84,0.71,17.77,healthy,normal
2025-01-01T10:03:20+00:00,co-8,core_switch,301.68,99.24,6.41,2.22,58.92,0.47,2.77,71.03,2.11,warning,device_failure
2025-01-01T10:03:25+00:00,se-1,server,15.22,0.44,40.97,149.71,5.63,55.84,43.28,0.65,22.01,healthy,normal
2025-01-01T10:03:30+00:00,ro-2,router,117.84,7.82,75.42,167.05,15.38,99.07,88.65,5.34,82.52,warning,device_overload
2025-01-01T10:03:35+00:00,ro-8,router,111.65,3.16,96.96,700.18,9.63,85.11,60.73,0.83,93.98,warning,traffic_spike
2025-01-01T10:03:40+00:00,da-7,database,88.77,6.91,79.74,143.25,16.26,97.97,99.2,1.29,62.89,warning,device_overload
2025-01-01T10:03:45+00:00,se-6,server,18.31,0.93,20.59,114.64,4.27,37.8,45.52,0.33,61.03,healthy,normal
2025-01-01T10:03:50+00:00,co-5,core_switch,26.9,0.21,54.74,324.16,3.7,57.92,48.71,0.45,26.76,healthy,normal
2025-01-01T10:03:55+00:00,da-1,database,169.34,9.55,90.67,56.43,12.65,71.95,60.54,5.94,87.61,warning,congestion
2025-01-01T10:04:00+00:00,co-1,core_switch,394.3,89.05,5.68,0.87,61.4,6.65,6.49,80.89,1.63,offline,device_failure
2025-01-01T10:04:05+00:00,se-8,server,249.1,98.55,6.05,5.2,96.41,4.88,2.56,75.03,0.01,offline,device_failure
2025-01-01T10:04:10+00:00,da-5,database,213.4,4.31,92.25,168.63,17.41,58.43,62.53,3.26,88.74,warning,congestion
2025-01-01T10:04:15+00:00,ac-7,access_switch,24.26,1.26,46.8,286.46,4.81,24.17,45.91,0.12,44.5,healthy,normal
2025-01-01T10:04:20+00:00,ro-6,router,24.33,0.29,39.52,290.09,4.96,50.94,48.61,0.34,51.23,healthy,normal
2025-01-01T10:04:25+00:00,cl-1,client,90.82,14.66,96.85,144.86,13.69,47.8,46.6,3.04,93.83,warning,congestion
2025-01-01T10:04:30+00:00,cl-5,client,36.78,0.54,23.34,110.65,2.7,32.75,45.42,0.67,21.95,healthy,normal
2025-01-01T10:04:35+00:00,da-5,database,96.27,10.35,99.13,90.55,32.37,73.5,60.52,5.34,88.44,warning,congestion
2025-01-01T10:04:40+00:00,co-4,core_switch,28.73,0.63,48.28,217.91,1.76,54.42,35.11,0.78,28.4,healthy,normal
2025-01-01T10:04:45+00:00,ro-8,router,24.24,0.42,26.5,174.7,2.53,53.23,25.97,0.28,38.44,healthy,normal
2025-01-01T10:04:50+00:00,cl-8,client,31.45,0.61,32.48,131.63,5.11,46.39,45.34,0.61,63.34,healthy,normal
2025-01-01T10:04:55+00:00,co-3,core_switch,148.21,14.53,99.89,85.42,16.49,76.47,62.02,5.3,92.0,warning,congestion
2025-01-01T10:05:00+00:00,ac-5,access_switch,79.04,5.43,68.92,120.26,22.78,99.94,89.3,4.62,61.5,warning,device_overload
2025-01-01T10:05:05+00:00,co-5,core_switch,20.01,0.13,63.17,305.35,5.78,15.24,63.05,0.12,49.84,healthy,normal
2025-01-01T10:05:10+00:00,ro-4,router,403.47,91.53,14.69,3.22,87.07,36.42,66.03,35.64,0.53,warning,link_failure
2025-01-01T10:05:15+00:00,ac-3,access_switch,13.69,0.85,64.63,292.84,5.67,17.83,42.59,0.72,29.51,healthy,normal
2025-01-01T10:05:20+00:00,co-8,core_switch,36.6,0.05,63.57,195.72,4.79,34.5,51.06,0.12,51.0,healthy,normal
2025-01-01T10:05:25+00:00,co-6,core_switch,35.13,0.79,63.32,247.6,5.91,27.38,40.56,0.26,61.13,healthy,normal
2025-01-01T10:05:30+00:00,cl-5,client,154.63,7.08,84.94,47.94,22.63,79.77,75.88,1.12,96.49,warning,congestion
2025-01-01T10:05:35+00:00,ro-4,router,84.39,7.43,91.16,855.79,20.52,87.08,85.76,3.78,98.8,warning,traffic_spike
2025-01-01T10:05:40+00:00,se-2,server,13.88,1.2,38.0,216.82,2.15,56.49,44.56,0.06,48.25,healthy,normal
2025-01-01T10:05:45+00:00,ro-2,router,25.41,1.27,24.88,212.77,3.74,48.29,38.64,0.32,39.59,healthy,normal
2025-01-01T10:05:50+00:00,cl-7,client,27.57,0.73,40.21,219.72,4.76,23.28,65.22,0.46,46.2,healthy,normal
2025-01-01T10:05:55+00:00,ro-7,router,31.45,1.02,33.95,243.23,3.84,23.42,64.88,0.19,53.13,healthy,normal
2025-01-01T10:06:00+00:00,ac-3,access_switch,40.58,0.22,27.05,299.32,2.76,55.68,67.16,0.07,31.43,healthy,normal
2025-01-01T10:06:05+00:00,da-6,database,414.14,79.87,17.94,10.12,51.37,35.95,69.29,43.89,4.12,warning,link_failure
2025-01-01T10:06:10+00:00,ac-1,access_switch,19.36,0.88,58.93,125.07,4.78,37.69,48.56,0.16,41.14,healthy,normal
2025-01-01T10:06:15+00:00,da-6,database,18.57,0.54,30.8,163.86,2.33,34.1,29.5,0.25,19.72,healthy,normal
2025-01-01T10:06:20+00:00,ac-1,access_switch,367.14,91.08,5.83,5.96,77.31,2.41,3.28,48.0,3.01,offline,device_failure
2025-01-01T10:06:25+00:00,ro-5,router,20.85,1.3,53.37,160.82,4.54,47.78,49.31,0.2,42.68,healthy,normal
2025-01-01T10:06:30+00:00,ro-6,router,183.51,81.87,17.44,1.47,89.01,54.67,37.32,53.68,9.89,offline,link_failure
2025-01-01T10:06:35+00:00,ro-6,router,17.4,1.24,43.06,178.19,0.89,38.65,59.26,0.38,21.09,healthy,normal
2025-01-01T10:06:40+00:00,se-5,server,185.56,13.61,99.1,141.6,29.25,61.06,62.46,2.2,88.25,warning,congestion
2025-01-01T10:06:45+00:00,ac-8,access_switch,32.86,1.31,23.74,144.21,1.63,36.84,24.25,0.86,44.67,healthy,normal
2025-01-01T10:06:50+00:00,co-6,core_switch,111.18,4.4,73.61,163.37,16.55,98.65,89.94,5.76,48.19,warning,device_overload
2025-01-01T10:06:55+00:00,co-2,core_switch,479.67,93.15,7.47,6.71,80.56,11.03,3.15,35.68,6.3,warning,device_failure
2025-01-01T10:07:00+00:00,ro-1,router,470.38,86.8,0.46,7.54,82.2,31.15,34.1,40.58,12.17,offline,link_failure
2025-01-01T10:07:05+00:00,co-2,core_switch,14.97,0.41,39.0,240.76,2.08,18.71,56.96,0.13,36.04,healthy,normal
2025-01-01T10:07:10+00:00,ac-5,access_switch,36.89,1.1,47.99,258.18,1.77,18.4,46.74,0.47,26.8,healthy,normal
2025-01-01T10:07:15+00:00,se-6,server,15.48,0.5,35.28,260.5,1.8,57.08,50.63,0.72,43.88,healthy,normal
2025-01-01T10:07:20+00:00,se-7,server,212.14,13.35,84.32,150.8,29.02,45.3,75.18,5.83,95.52,warning,congestion
2025-01-01T10:07:25+00:00,da-3,database,34.3,1.03,29.61,292.16,5.24,25.24,31.1,0.83,20.62,healthy,normal
2025-01-01T10:07:30+00:00,da-7,database,195.06,7.44,85.31,156.51,29.32,53.62,44.85,2.58,90.09,warning,congestion
2025-01-01T10:07:35+00:00,cl-6,client,18.14,0.46,18.2,219.06,2.73,59.67,56.1,0.69,49.6,healthy,normal
2025-01-01T10:07:40+00:00,cl-8,client,384.78,97.7,5.6,7.15,78.58,7.44,2.86,49.76,1.29,offline,device_failure
2025-01-01T10:07:45+00:00,co-4,core_switch,62.5,9.37,95.6,447.57,16.94,71.9,85.71,3.47,96.69,warning,traffic_spike
2025-01-01T10:07:50+00:00,se-7,server,126.78,1.75,83.43,59.98,8.8,97.98,85.98,6.93,53.41,warning,device_overload
2025-01-01T10:07:55+00:00,co-1,core_switch,21.38,0.59,36.15,305.44,0.94,45.69,34.87,0.08,41.87,healthy,normal
2025-01-01T10:08:00+00:00,da-1,database,308.13,97.14,0.19,0.87,86.48,1.64,9.18,65.03,1.94,offline,device_failure
2025-01-01T10:08:05+00:00,da-1,database,232.97,91.78,3.85,1.34,62.52,11.64,7.41,67.83,1.28,offline,device_failure
2025-01-01T10:08:10+00:00,se-2,server,34.35,0.44,49.18,138.35,4.54,34.68,41.59,0.21,35.63,healthy,normal
2025-01-01T10:08:15+00:00,ac-4,access_switch,26.68,1.26,31.18,179.71,5.86,28.26,52.76,0.58,59.77,healthy,normal
2025-01-01T10:08:20+00:00,ro-4,router,314.91,81.99,8.09,20.46,65.73,30.36,57.72,52.89,6.07,warning,link_failure
2025-01-01T10:08:25+00:00,da-3,database,104.22,2.87,91.86,736.39,22.93,71.1,62.1,1.9,98.12,warning,traffic_spike
2025-01-01T10:08:30+00:00,ac-4,access_switch,12.83,0.36,36.9,184.69,4.28,25.78,61.49,0.37,22.37,healthy,normal
2025-01-01T10:08:35+00:00,cl-5,client,36.76,0.86,22.72,291.83,5.35,21.06,40.25,0.3,54.56,healthy,normal
2025-01-01T10:08:40+00:00,ro-2,router,197.7,80.19,7.5,11.62,87.1,39.26,37.91,30.01,4.68,offline,link_failure
2025-01-01T10:08:45+00:00,co-3,core_switch,244.93,94.35,14.46,9.84,71.96,24.38,59.75,47.67,1.2,offline,link_failure
2025-01-01T10:08:50+00:00,se-2,server,268.48,91.16,0.06,5.85,50.36,1.74,11.27,36.77,5.1,warning,device_failure
2025-01-01T10:08:55+00:00,da-2,database,32.98,1.19,51.15,143.61,2.17,53.66,28.55,0.64,46.3,healthy,normal
2025-01-01T10:09:00+00:00,ac-3,access_switch,446.83,93.63,17.36,17.51,54.89,27.81,39.59,50.97,10.02,warning,link_failure
2025-01-01T10:09:05+00:00,co-3,core_switch,186.05,73.74,4.1,12.31,65.18,59.28,26.4,28.56,4.84,warning,link_failure
2025-01-01T10:09:10+00:00,da-2,database,10.29,1.41,59.9,311.05,1.25,59.35,60.43,0.68,33.26,healthy,normal
2025-01-01T10:09:15+00:00,cl-7,client,19.92,1.24,35.87,258.56,1.29,42.47,42.32,0.07,39.97,healthy,normal
2025-01-01T10:09:20+00:00,cl-5,client,24.54,0.44,47.55,204.44,4.96,45.45,35.46,0.36,29.35,healthy,normal
2025-01-01T10:09:25+00:00,cl-6,client,465.53,79.6,16.91,0.78,33.03,24.52,69.67,23.09,5.21,offline,link_failure
2025-01-01T10:09:30+00:00,ro-3,router,486.65,98.53,7.5,7.28,71.81,2.15,11.19,39.99,3.45,warning,device_failure
2025-01-01T10:09:35+00:00,da-4,database,183.41,5.33,87.82,97.6,25.63,55.37,56.53,6.68,93.6,warning,congestion
2025-01-01T10:09:40+00:00,da-7,database,30.98,1.3,50.16,125.81,5.6,28.33,38.64,0.62,66.06,healthy,normal
2025-01-01T10:09:45+00:00,cl-3,client,87.92,3.23,91.22,485.1,23.53,84.95,60.35,1.04,98.16,warning,traffic_spike
2025-01-01T10:09:50+00:00,co-5,core_switch,315.15,89.86,4.37,0.45,75.22,36.88,45.95,43.07,12.1,offline,link_failure
2025-01-01T10:09:55+00:00,co-5,core_switch,125.35,9.12,90.19,871.4,12.79,97.33,53.46,0.89,91.87,warning,traffic_spike
2025-01-01T10:10:00+00:00,co-5,core_switch,67.54,9.61,93.22,882.19,17.11,84.94,68.13,4.4,99.61,warning,traffic_spike
2025-01-01T10:10:05+00:00,da-5,database,328.48,97.94,1.4,2.63,84.12,9.22,7.39,72.66,7.69,offline,device_failure
2025-01-01T10:10:10+00:00,ac-6,access_switch,94.94,5.92,73.94,55.52,15.28,91.75,87.73,5.41,79.58,warning,device_overload
2025-01-01T10:10:15+00:00,ro-4,router,110.82,10.28,89.06,82.3,16.62,61.54,57.44,6.92,93.23,warning,congestion
2025-01-01T10:10:20+00:00,da-8,database,300.73,72.99,13.3,17.22,68.7,45.48,48.24,26.2,9.9,offline,link_failure
2025-01-01T10:10:25+00:00,se-4,server,21.1,1.45,34.22,280.42,1.94,18.22,51.36,0.3,33.24,healthy,normal
2025-01-01T10:10:30+00:00,se-7,server,27.47,0.17,43.04,317.14,3.91,59.78,42.59,0.85,65.59,healthy,normal
2025-01-01T10:10:35+00:00,da-2,database,286.27,89.68,12.92,7.97,56.32,54.15,28.61,49.07,2.01,offline,link_failure
2025-01-01T10:10:40+00:00,co-4,core_switch,13.72,1.05,30.44,182.69,2.62,54.72,28.39,0.42,24.41,healthy,normal
2025-01-01T10:10:45+00:00,da-3,database,60.1,8.65,99.76,596.51,11.33,86.36,82.89,2.53,98.79,warning,traffic_spike
2025-01-01T10:10:50+00:00,ro-2,router,19.13,0.62,45.81,322.5,2.58,43.68,63.16,0.67,51.97,healthy,normal
2025-01-01T10:10:55+00:00,ac-1,access_switch,36.33,0.38,34.52,138.86,1.31,35.11,63.89,0.45,54.03,healthy,normal
2025-01-01T10:11:00+00:00,ac-8,access_switch,29.82,1.32,49.27,120.38,2.75,30.51,27.08,0.76,46.31,healthy,normal
2025-01-01T10:11:05+00:00,se-8,server,30.65,1.23,32.06,326.55,1.98,45.37,64.41,0.34,46.42,healthy,normal
2025-01-01T10:11:10+00:00,cl-4,client,15.72,0.54,18.58,258.19,3.51,26.84,30.16,0.73,22.34,healthy,normal
2025-01-01T10:11:15+00:00,se-3,server,191.66,13.04,96.85,168.5,36.44,54.96,64.49,2.96,92.13,warning,congestion
2025-01-01T10:11:20+00:00,ac-7,access_switch,179.22,10.35,87.66,67.25,20.63,60.13,44.62,2.02,90.04,warning,congestion
2025-01-01T10:11:25+00:00,ac-5,access_switch,17.7,0.17,19.33,160.81,4.89,29.41,50.95,0.14,58.67,healthy,normal
2025-01-01T10:11:30+00:00,ro-1,router,91.42,8.27,92.71,464.69,18.08,97.23,72.69,0.6,93.06,warning,traffic_spike
2025-01-01T10:11:35+00:00,co-3,core_switch,29.97,0.18,22.09,289.94,1.35,45.72,36.54,0.59,16.87,healthy,normal
2025-01-01T10:11:40+00:00,cl-4,client,97.97,9.03,99.87,505.17,16.6,89.8,68.5,2.48,92.68,warning,traffic_spike
2025-01-01T10:11:45+00:00,co-3,core_switch,18.28,0.8,22.11,170.33,3.02,23.27,54.22,0.61,52.46,healthy,normal
2025-01-01T10:11:50+00:00,ro-1,router,204.44,95.03,0.27,11.79,46.8,46.81,25.44,57.0,11.47,warning,link_failure
2025-01-01T10:11:55+00:00,ac-4,access_switch,41.4,1.15,44.75,186.8,3.31,54.11,27.15,0.19,37.74,healthy,normal
2025-01-01T10:12:00+00:00,ro-4,router,14.11,0.04,47.59,272.59,1.97,22.67,44.28,0.79,50.99,healthy,normal
2025-01-01T10:12:05+00:00,cl-5,client,300.69,98.64,18.1,14.17,48.62,31.81,51.31,45.44,7.85,warning,link_failure
2025-01-01T10:12:10+00:00,co-6,core_switch,60.58,4.73,83.37,104.55,8.64,92.1,93.77,4.07,54.33,warning,device_overload
2025-01-01T10:12:15+00:00,se-7,server,31.95,0.65,62.73,242.26,1.13,43.26,31.99,0.43,59.4,healthy,normal
2025-01-01T10:12:20+00:00,ac-2,access_switch,465.72,72.56,15.14,18.65,45.4,43.66,39.83,53.79,15.46,offline,link_failure
2025-01-01T10:12:25+00:00,ro-2,router,10.84,1.02,40.02,314.08,2.72,48.77,53.39,0.64,45.61,healthy,normal
2025-01-01T10:12:30+00:00,ac-4,access_switch,479.71,97.93,6.45,5.38,55.22,2.08,8.11,58.31,6.48,offline,device_failure
2025-01-01T10:12:35+00:00,da-8,database,205.97,93.19,18.99,20.42,33.69,32.61,46.75,22.42,16.49,offline,link_failure
2025-01-01T10:12:40+00:00,co-6,core_switch,31.22,1.07,35.82,303.37,2.67,18.09,60.24,0.52,38.71,healthy,normal
2025-01-01T10:12:45+00:00,da-5,database,40.37,0.67,40.7,194.77,5.55,34.5,65.13,0.31,18.77,healthy,normal
2025-01-01T10:12:50+00:00,cl-1,client,161.62,6.38,46.27,86.39,14.55,97.45,91.63,4.04,60.85,warning,device_overload
2025-01-01T10:12:55+00:00,co-7,core_switch,19.08,0.51,63.94,274.24,2.07,26.59,48.9,0.44,45.63,healthy,normal
2025-01-01T10:13:00+00:00,co-5,core_switch,22.89,1.07,25.74,306.69,2.6,29.24,42.28,0.54,62.4,healthy,normal
2025-01-01T10:13:05+00:00,da-4,database,36.65,1.33,53.18,302.07,5.0,53.33,40.84,0.17,20.05,healthy,normal
2025-01-01T10:13:10+00:00,se-4,server,120.24,5.24,99.41,124.56,29.49,60.34,74.13,1.41,90.6,warning,congestion
2025-01-01T10:13:15+00:00,da-6,database,19.84,0.72,58.29,239.68,5.85,16.36,67.79,0.66,18.07,healthy,normal
2025-01-01T10:13:20+00:00,da-1,database,428.12,93.01,4.03,2.21,61.8,3.4,1.0,44.34,7.97,warning,device_failure
2025-01-01T10:13:25+00:00,ac-4,access_switch,39.59,1.45,62.28,134.44,4.08,35.15,45.98,0.1,34.01,healthy,normal
2025-01-01T10:13:30+00:00,da-7,database,33.7,0.69,60.68,325.46,3.06,32.64,55.75,0.41,18.74,healthy,normal
2025-01-01T10:13:35+00:00,co-8,core_switch,29.5,1.01,48.17,279.55,2.12,59.89,53.2,0.35,20.11,healthy,normal
2025-01-01T10:13:40+00:00,ac-8,access_switch,31.76,1.18,52.27,231.28,5.59,20.45,53.25,0.32,53.33,healthy,normal
2025-01-01T10:13:45+00:00,ro-3,router,77.54,2.28,88.03,784.74,8.99,85.36,72.25,2.08,97.14,warning,traffic_spike
2025-01-01T10:13:50+00:00,ro-3,router,339.39,99.86,9.25,1.81,81.64,10.51,2.89,37.36,3.64,offline,device_failure
2025-01-01T10:13:55+00:00,se-5,server,21.87,1.47,62.01,286.75,1.55,33.64,44.78,0.06,16.82,healthy,normal
2025-01-01T10:14:00+00:00,cl-7,client,30.11,0.09,38.76,320.41,3.68,26.41,50.45,0.41,60.91,healthy,normal
2025-01-01T10:14:05+00:00,co-7,core_switch,410.64,89.62,14.02,17.79,30.14,45.97,49.15,40.29,0.0,offline,link_failure
2025-01-01T10:14:10+00:00,ro-4,router,16.45,0.29,54.44,113.11,2.66,30.13,27.85,0.64,48.68,healthy,normal
2025-01-01T10:14:15+00:00,cl-4,client,41.27,0.91,61.22,121.33,1.44,30.54,57.7,0.29,64.91,healthy,normal
2025-01-01T10:14:20+00:00,se-6,server,28.9,0.15,40.98,155.14,5.6,58.02,39.35,0.26,38.4,healthy,normal
2025-01-01T10:14:25+00:00,ro-5,router,98.43,10.23,99.86,53.61,21.58,66.15,50.84,3.98,95.64,warning,congestion
2025-01-01T10:14:30+00:00,co-3,core_switch,18.55,1.14,29.2,236.65,5.41,20.99,57.16,0.23,24.67,healthy,normal
2025-01-01T10:14:35+00:00,da-8,database,66.49,5.93,91.86,913.1,26.9,90.17,51.32,4.28,90.42,warning,traffic_spike
2025-01-01T10:14:40+00:00,se-4,server,13.76,0.04,49.42,146.1,3.3,33.19,42.83,0.22,62.09,healthy,normal
2025-01-01T10:14:45+00:00,ro-1,router,19.26,0.37,51.46,124.33,4.49,59.87,46.22,0.63,40.94,healthy,normal
2025-01-01T10:14:50+00:00,co-2,core_switch,154.39,12.54,95.11,50.54,34.93,48.64,57.86,6.05,93.26,warning,congestion
2025-01-01T10:14:55+00:00,ac-2,access_switch,36.75,1.2,38.39,139.1,2.34,23.92,53.45,0.55,63.4,healthy,normal
2025-01-01T10:15:00+00:00,ac-2,access_switch,182.0,8.56,87.16,149.5,30.68,73.59,57.84,1.44,96.41,warning,congestion
2025-01-01T10:15:05+00:00,ro-5,router,22.21,0.37,18.87,297.4,4.82,51.28,66.33,0.44,62.35,healthy,normal
2025-01-01T10:15:10+00:00,da-4,database,14.74,0.7,37.99,309.65,4.54,37.65,34.9,0.4,54.43,healthy,normal
2025-01-01T10:15:15+00:00,ac-5,access_switch,392.87,83.23,14.64,19.45,73.84,39.32,25.57,32.33,7.72,warning,link_failure
2025-01-01T10:15:20+00:00,cl-5,client,30.07,0.07,45.01,210.77,4.64,40.8,34.98,0.54,37.84,healthy,normal
2025-01-01T10:15:25+00:00,co-4,core_switch,153.8,2.16,74.19,125.87,18.47,92.69,85.53,5.74,80.72,warning,device_overload
2025-01-01T10:15:30+00:00,ac-3,access_switch,28.17,0.79,21.52,222.61,1.61,56.26,60.66,0.13,26.89,healthy,normal
2025-01-01T10:15:35+00:00,da-2,database,21.31,1.01,48.37,143.28,5.59,44.97,67.68,0.86,50.65,healthy,normal
2025-01-01T10:15:40+00:00,ac-5,access_switch,219.93,10.87,89.67,117.38,21.29,79.78,63.15,4.07,92.19,warning,congestion
2025-01-01T10:15:45+00:00,se-2,server,335.35,94.93,0.46,14.31,56.55,35.46,61.5,61.85,1.17,warning,link_failure
2025-01-01T10:15:50+00:00,co-1,core_switch,348.91,92.06,17.01,11.14,44.31,53.68,34.96,44.5,10.87,offline,link_failure
2025-01-01T10:15:55+00:00,da-4,database,31.86,1.48,30.09,180.67,5.59,28.35,45.7,0.63,53.19,healthy,normal
2025-01-01T10:16:00+00:00,se-2,server,74.09,4.85,88.6,568.37,19.19,72.32,52.9,2.65,92.65,warning,traffic_spike
2025-01-01T10:16:05+00:00,se-5,server,41.96,0.6,35.6,195.6,5.06,37.98,41.4,0.65,28.83,healthy,normal
2025-01-01T10:16:10+00:00,da-3,database,34.15,0.92,19.66,253.72,5.52,59.56,26.15,0.76,48.16,healthy,normal
2025-01-01T10:16:15+00:00,co-8,core_switch,243.45,93.16,12.83,6.83,35.08,49.82,59.99,59.42,11.45,warning,link_failure
2025-01-01T10:16:20+00:00,ro-2,router,11.52,0.86,50.25,267.23,4.2,48.58,35.4,0.51,66.11,healthy,normal
2025-01-01T10:16:25+00:00,se-4,server,113.97,5.86,62.74,147.38,20.24,89.83,91.09,5.81,46.7,warning,device_overload
2025-01-01T10:16:30+00:00,da-1,database,479.08,88.82,7.22,8.12,32.0,27.95,28.05,37.26,17.59,offline,link_failure
2025-01-01T10:16:35+00:00,se-4,server,21.17,0.75,18.32,237.63,5.33,19.72,63.38,0.49,36.28,healthy,normal
2025-01-01T10:16:40+00:00,ac-7,access_switch,29.16,0.34,46.46,285.03,1.49,32.77,29.37,0.78,62.76,healthy,normal
2025-01-01T10:16:45+00:00,ac-3,access_switch,125.17,12.36,90.49,143.66,32.51,72.37,72.42,5.48,93.51,warning,congestion
2025-01-01T10:16:50+00:00,ro-8,router,36.66,0.36,60.34,299.91,5.79,51.79,31.36,0.42,45.91,healthy,normal
2025-01-01T10:16:55+00:00,co-7,core_switch,15.35,1.33,30.89,158.79,5.04,20.82,59.86,0.49,64.4,healthy,normal
2025-01-01T10:17:00+00:00,se-5,server,31.63,0.88,56.74,328.97,1.55,57.24,56.3,0.19,50.22,healthy,normal
2025-01-01T10:17:05+00:00,se-1,server,17.68,0.63,19.75,280.22,5.35,30.53,27.39,0.2,45.01,healthy,normal
2025-01-01T10:17:10+00:00,cl-1,client,146.68,3.2,79.53,145.81,22.21,92.54,92.16,4.85,82.92,warning,device_overload
2025-01-01T10:17:15+00:00,ac-5,access_switch,38.47,0.27,23.67,223.51,1.43,27.58,52.67,0.61,65.6,healthy,normal
2025-01-01T10:17:20+00:00,da-2,database,32.52,1.01,52.27,322.87,2.62,58.46,42.27,0.47,24.12,healthy,normal
2025-01-01T10:17:25+00:00,se-6,server,431.07,93.22,9.1,7.76,92.95,2.55,4.14,84.61,3.16,warning,device_failure
2025-01-01T10:17:30+00:00,cl-3,client,14.23,1.35,27.04,275.98,2.52,42.52,48.15,0.84,40.91,healthy,normal
2025-01-01T10:17:35+00:00,se-8,server,23.78,0.09,56.15,154.49,3.11,45.35,66.84,0.72,27.66,healthy,normal
2025-01-01T10:17:40+00:00,co-8,core_switch,38.23,0.09,59.34,112.28,3.72,59.38,44.29,0.64,25.4,healthy,normal
2025-01-01T10:17:45+00:00,da-1,database,38.56,0.7,40.26,277.28,5.71,25.18,36.76,0.17,31.88,healthy,normal
2025-01-01T10:17:50+00:00,da-7,database,27.65,0.48,36.72,220.35,1.8,52.72,24.64,0.04,23.14,healthy,normal
2025-01-01T10:17:55+00:00,da-7,database,23.13,0.73,35.27,169.27,2.88,15.51,65.91,0.51,16.45,healthy,normal
2025-01-01T10:18:00+00:00,ro-1,router,30.17,1.13,38.4,322.73,3.99,27.07,36.06,0.75,51.34,healthy,normal
2025-01-01T10:18:05+00:00,ro-4,router,30.59,0.78,40.26,286.74,3.23,22.51,66.16,0.24,55.99,healthy,normal
2025-01-01T10:18:10+00:00,ro-8,router,467.23,93.14,3.98,2.65,73.44,3.03,8.23,41.87,0.66,offline,device_failure
2025-01-01T10:18:15+00:00,ac-7,access_switch,17.53,0.77,20.84,146.13,2.5,49.35,62.72,0.08,17.37,healthy,normal
2025-01-01T10:18:20+00:00,da-6,database,77.36,5.56,60.14,106.99,12.6,87.95,99.86,2.27,73.31,warning,device_overload
2025-01-01T10:18:25+00:00,co-7,core_switch,32.07,1.34,21.31,237.67,5.53,34.39,28.16,0.87,63.12,healthy,normal
2025-01-01T10:18:30+00:00,se-4,server,458.59,72.04,17.31,20.16,30.14,46.02,29.92,53.75,8.56,offline,link_failure
2025-01-01T10:18:35+00:00,se-7,server,131.95,3.09,66.9,85.35,9.23,96.29,94.87,4.57,60.34,warning,device_overload
2025-01-01T10:18:40+00:00,cl-4,client,25.02,0.13,21.89,221.84,1.6,54.17,24.23,0.67,15.14,healthy,normal
2025-01-01T10:18:45+00:00,ro-7,router,34.9,1.27,26.27,155.04,4.53,17.78,57.99,0.19,43.27,healthy,normal
2025-01-01T10:18:50+00:00,ac-6,access_switch,12.7,0.8,61.37,324.94,3.68,56.01,62.3,0.46,18.67,healthy,normal
2025-01-01T10:18:55+00:00,ac-8,access_switch,99.52,13.62,89.79,119.08,12.72,45.49,53.92,6.63,95.44,warning,congestion
2025-01-01T10:19:00+00:00,co-8,core_switch,456.37,88.68,7.27,2.01,58.26,41.87,34.99,51.85,3.05,offline,link_failure
2025-01-01T10:19:05+00:00,cl-7,client,158.64,6.33,83.95,184.39,10.89,93.34,92.62,2.59,60.1,warning,device_overload
2025-01-01T10:19:10+00:00,ac-3,access_switch,209.55,10.11,87.0,167.85,22.96,78.08,54.81,3.82,92.09,warning,congestion
2025-01-01T10:19:15+00:00,da-1,database,12.84,0.36,32.22,150.64,5.67,37.48,28.35,0.79,19.94,healthy,normal
2025-01-01T10:19:20+00:00,co-6,core_switch,269.83,73.4,6.99,14.79,48.8,42.68,69.71,33.38,0.44,offline,link_failure
2025-01-01T10:19:25+00:00,ro-3,router,18.58,0.41,29.01,221.92,2.48,26.89,25.2,0.69,44.39,healthy,normal
2025-01-01T10:19:30+00:00,se-1,server,153.4,4.42,55.28,146.5,10.08,93.9,93.19,5.83,51.74,warning,device_overload
2025-01-01T10:19:35+00:00,da-2,database,70.01,5.58,70.1,76.36,21.32,89.03,97.12,7.76,66.77,warning,device_overload
2025-01-01T10:19:40+00:00,se-8,server,16.46,1.46,32.82,112.95,2.61,36.47,34.89,0.84,51.38,healthy,normal
2025-01-01T10:19:45+00:00,ro-4,router,133.63,5.53,98.1,899.96,12.53,96.46,83.27,2.58,91.05,warning,traffic_spike
2025-01-01T10:19:50+00:00,da-7,database,143.63,5.21,95.27,66.54,24.36,60.18,49.26,5.03,95.53,warning,congestion
2025-01-01T10:19:55+00:00,da-5,database,22.4,1.16,19.94,139.11,5.28,44.63,40.63,0.01,36.6,healthy,normal
2025-01-01T10:20:00+00:00,da-1,database,16.28,0.31,56.79,151.6,4.68,34.53,63.33,0.03,27.88,healthy,normal
2025-01-01T10:20:05+00:00,ac-2,access_switch,295.82,97.42,1.13,0.19,63.8,26.65,69.3,45.21,9.45,offline,link_failure
2025-01-01T10:20:10+00:00,co-7,core_switch,16.96,0.02,57.9,284.73,5.93,37.91,26.16,0.61,23.36,healthy,normal
2025-01-01T10:20:15+00:00,cl-7,client,133.07,2.2,50.95,70.83,8.68,88.3,90.43,4.09,61.07,warning,device_overload
2025-01-01T10:20:20+00:00,da-4,database,25.11,0.31,60.13,214.86,4.74,46.78,46.34,0.6,66.96,healthy,normal
2025-01-01T10:20:25+00:00,se-4,server,29.66,0.83,57.85,306.37,1.52,59.79,58.14,0.23,38.66,healthy,normal
2025-01-01T10:20:30+00:00,da-7,database,356.58,87.52,18.48,0.86,44.68,63.16,51.13,53.25,4.7,offline,link_failure
2025-01-01T10:20:35+00:00,da-6,database,364.48,99.62,17.22,2.83,78.4,53.08,60.28,43.13,6.79,offline,link_failure
2025-01-01T10:20:40+00:00,da-1,database,203.75,7.52,97.48,155.61,31.36,74.09,63.21,5.45,97.13,warning,congestion
2025-01-01T10:20:45+00:00,da-1,database,13.09,1.13,21.78,128.48,5.63,26.45,44.18,0.86,22.09,healthy,normal
2025-01-01T10:20:50+00:00,da-4,database,12.12,0.1,19.69,296.2,4.29,54.58,63.94,0.62,66.76,healthy,normal
2025-01-01T10:20:55+00:00,se-8,server,17.98,0.3,53.6,310.25,5.1,19.47,62.11,0.53,35.52,healthy,normal
2025-01-01T10:21:00+00:00,ac-4,access_switch,195.66,13.37,86.06,151.4,17.16,78.61,75.77,2.7,93.6,warning,congestion
2025-01-01T10:21:05+00:00,se-3,server,32.7,1.06,38.55,164.2,5.14,45.75,26.76,0.69,27.93,healthy,normal
2025-01-01T10:21:10+00:00,ac-4,access_switch,236.12,93.67,7.66,6.49,57.51,3.08,3.19,50.61,3.16,warning,device_failure
2025-01-01T10:21:15+00:00,da-5,database,110.95,1.77,51.61,59.46,17.94,98.81,93.58,2.42,66.74,warning,device_overload
2025-01-01T10:21:20+00:00,cl-5,client,92.57,7.24,94.19,103.87,35.64,66.7,73.8,6.3,96.72,warning,congestion
2025-01-01T10:21:25+00:00,co-5,core_switch,100.12,11.59,98.79,76.04,22.75,56.98,73.99,2.61,87.72,warning,congestion
2025-01-01T10:21:30+00:00,se-7,server,78.17,7.1,92.95,485.75,18.31,90.21,68.36,3.52,98.94,warning,traffic_spike
2025-01-01T10:21:35+00:00,cl-2,client,20.54,0.27,61.28,272.66,1.17,20.65,59.74,0.13,50.5,healthy,normal
2025-01-01T10:21:40+00:00,co-7,core_switch,89.28,4.35,70.94,110.95,20.1,99.45,84.2,6.57,59.5,warning,device_overload
2025-01-01T10:21:45+00:00,se-4,server,10.97,0.56,49.39,270.8,3.13,20.16,33.38,0.84,56.49,healthy,normal
2025-01-01T10:21:50+00:00,se-2,server,137.99,2.54,95.3,471.94,10.6,76.46,64.4,1.83,94.05,warning,traffic_spike
2025-01-01T10:21:55+00:00,ro-4,router,39.77,1.43,40.83,176.96,5.73,42.63,58.58,0.27,37.54,healthy,normal
2025-01-01T10:22:00+00:00,ro-6,router,32.0,0.47,18.12,306.45,4.74,39.98,66.82,0.18,49.43,healthy,normal
2025-01-01T10:22:05+00:00,ac-4,access_switch,17.09,0.96,22.39,143.6,4.18,34.36,44.95,0.13,32.65,healthy,normal
2025-01-01T10:22:10+00:00,cl-1,client,16.86,0.61,32.0,270.51,4.94,35.25,30.93,0.61,24.72,healthy,normal
2025-01-01T10:22:15+00:00,co-2,core_switch,64.25,2.29,60.12,163.92,11.9,99.22,91.84,3.26,62.16,warning,device_overload
2025-01-01T10:22:20+00:00,da-5,database,318.29,98.54,8.88,7.86,50.93,30.77,36.81,46.8,17.05,offline,link_failure
2025-01-01T10:22:25+00:00,cl-1,client,97.49,4.4,80.38,66.72,15.94,93.31,85.3,4.39,85.87,warning,device_overload
2025-01-01T10:22:30+00:00,se-4,server,112.02,15.31,85.53,97.87,15.46,80.65,54.58,6.27,96.9,warning,congestion
2025-01-01T10:22:35+00:00,cl-6,client,417.04,97.67,6.49,5.86,47.23,43.47,43.73,26.17,3.61,offline,link_failure
2025-01-01T10:22:40+00:00,co-7,core_switch,27.55,1.43,52.81,148.62,4.81,59.2,46.59,0.82,57.49,healthy,normal
2025-01-01T10:22:45+00:00,ro-3,router,12.16,1.08,37.83,220.37,5.72,17.03,62.77,0.73,19.06,healthy,normal
2025-01-01T10:22:50+00:00,ac-3,access_switch,152.21,2.81,66.21,183.39,16.51,93.56,90.1,5.94,74.75,warning,device_overload
2025-01-01T10:22:55+00:00,ac-5,access_switch,15.4,0.63,52.53,268.14,2.32,20.61,66.69,0.73,59.84,healthy,normal
2025-01-01T10:23:00+00:00,se-7,server,13.24,0.03,60.01,224.53,3.49,26.66,49.04,0.54,34.58,healthy,normal
2025-01-01T10:23:05+00:00,ac-5,access_switch,136.63,11.88,95.71,65.99,17.04,50.66,74.9,3.53,90.44,warning,congestion
2025-01-01T10:23:10+00:00,co-7,core_switch,159.52,5.15,83.89,81.23,34.84,60.77,54.27,3.57,93.67,warning,congestion
2025-01-01T10:23:15+00:00,se-1,server,15.39,0.48,59.19,309.22,1.99,43.99,45.08,0.6,21.87,healthy,normal
2025-01-01T10:23:20+00:00,co-1,core_switch,484.47,88.03,6.91,3.95,86.32,11.55,9.16,87.55,4.82,offline,device_failure
2025-01-01T10:23:25+00:00,se-1,server,27.39,1.22,57.5,287.32,1.01,47.38,26.06,0.56,23.56,healthy,normal
2025-01-01T10:23:30+00:00,se-2,server,298.8,91.25,4.13,7.53,64.93,2.18,4.85,81.79,0.82,warning,device_failure
2025-01-01T10:23:35+00:00,se-8,server,130.6,9.92,84.38,74.69,31.85,77.95,44.14,2.65,96.75,warning,congestion
2025-01-01T10:23:40+00:00,ro-1,router,62.14,6.37,81.23,171.32,8.98,98.62,86.76,6.42,67.66,warning,device_overload
2025-01-01T10:23:45+00:00,co-8,core_switch,27.68,0.31,48.25,265.14,5.01,42.05,37.3,0.51,32.67,healthy,normal
2025-01-01T10:23:50+00:00,se-7,server,37.15,0.55,20.71,315.46,5.41,21.82,54.56,0.37,65.22,healthy,normal
2025-01-01T10:23:55+00:00,ro-1,router,299.47,92.46,1.02,3.88,56.42,11.57,0.66,77.42,2.9,offline,device_failure
2025-01-01T10:24:00+00:00,co-6,core_switch,16.95,1.16,42.91,296.07,5.36,33.69,33.37,0.13,42.09,healthy,normal
2025-01-01T10:24:05+00:00,cl-7,client,30.9,0.7,28.84,291.89,3.91,53.2,41.99,0.87,46.8,healthy,normal
2025-01-01T10:24:10+00:00,se-6,server,38.59,1.03,48.91,284.93,3.84,35.96,38.14,0.27,29.13,healthy,normal
2025-01-01T10:24:15+00:00,se-8,server,35.08,0.71,28.68,124.78,2.69,59.85,45.99,0.2,17.94,healthy,normal
2025-01-01T10:24:20+00:00,se-8,server,462.83,75.99,13.96,2.11,67.84,34.65,43.79,55.68,14.96,warning,link_failure
2025-01-01T10:24:25+00:00,cl-2,client,15.4,0.73,37.8,122.1,4.66,54.66,29.23,0.23,16.44,healthy,normal
2025-01-01T10:24:30+00:00,ro-1,router,23.64,0.37,25.64,141.85,5.57,44.83,55.82,0.15,16.17,healthy,normal
2025-01-01T10:24:35+00:00,da-7,database,13.54,0.02,43.61,233.47,1.12,49.01,38.49,0.6,27.32,healthy,normal
2025-01-01T10:24:40+00:00,ac-4,access_switch,164.43,4.7,59.63,81.87,17.32,87.9,88.15,5.9,68.17,warning,device_overload
2025-01-01T10:24:45+00:00,se-4,server,309.48,95.33,4.36,17.39,53.03,34.46,54.1,61.45,10.78,warning,link_failure
2025-01-01T10:24:50+00:00,da-8,database,20.62,1.24,32.92,178.13,4.27,43.09,61.3,0.26,34.95,healthy,normal
2025-01-01T10:24:55+00:00,co-1,core_switch,174.54,5.83,58.97,133.37,21.31,88.49,87.12,5.16,56.95,warning,device_overload
2025-01-01T10:25:00+00:00,co-1,core_switch,96.78,5.56,98.54,620.77,12.92,74.75,82.56,3.43,91.06,warning,traffic_spike
2025-01-01T10:25:05+00:00,se-8,server,16.19,1.19,43.88,141.63,1.54,37.22,50.38,0.06,44.26,healthy,normal
2025-01-01T10:25:10+00:00,da-1,database,142.55,7.27,59.99,144.67,15.27,88.19,95.69,5.87,52.97,warning,device_overload
2025-01-01T10:25:15+00:00,da-1,database,38.48,0.28,32.56,266.05,2.9,48.43,25.46,0.3,63.23,healthy,normal
2025-01-01T10:25:20+00:00,cl-6,client,37.38,1.31,32.74,322.66,1.0,59.66,32.3,0.35,30.52,healthy,normal
2025-01-01T10:25:25+00:00,da-5,database,25.39,0.94,40.1,172.78,4.76,55.87,51.71,0.32,61.36,healthy,normal
2025-01-01T10:25:30+00:00,cl-6,client,21.96,0.26,46.19,291.9,3.93,23.96,41.36,0.31,41.2,healthy,normal
2025-01-01T10:25:35+00:00,cl-1,client,73.3,5.82,54.1,66.39,14.31,89.52,94.48,7.36,46.25,warning,device_overload
2025-01-01T10:25:40+00:00,da-8,database,39.26,1.1,43.63,193.86,2.08,15.82,46.0,0.47,34.89,healthy,normal
2025-01-01T10:25:45+00:00,da-8,database,75.71,7.03,97.19,577.62,24.15,77.5,86.78,5.0,95.95,warning,traffic_spike
2025-01-01T10:25:50+00:00,cl-4,client,21.07,1.1,21.77,321.4,4.97,26.43,39.32,0.43,46.05,healthy,normal
2025-01-01T10:25:55+00:00,da-6,database,84.85,6.77,81.5,166.07,22.24,97.38,86.61,7.58,61.31,warning,device_overload
2025-01-01T10:26:00+00:00,da-3,database,122.42,7.06,90.83,752.27,24.97,71.4,78.75,1.78,99.88,warning,traffic_spike
2025-01-01T10:26:05+00:00,co-6,core_switch,134.19,11.23,91.77,47.35,16.92,52.58,68.27,5.58,96.64,warning,congestion
2025-01-01T10:26:10+00:00,co-3,core_switch,79.8,5.0,70.41,84.29,12.36,92.03,90.61,1.09,60.46,warning,device_overload
2025-01-01T10:26:15+00:00,ac-1,access_switch,447.52,98.05,9.41,3.04,76.88,4.12,0.9,49.5,7.17,warning,device_failure
2025-01-01T10:26:20+00:00,cl-8,client,15.81,0.89,28.49,229.8,1.47,45.76,27.6,0.39,47.93,healthy,normal
2025-01-01T10:26:25+00:00,da-8,database,13.92,1.2,55.94,248.24,1.9,55.29,43.3,0.43,15.6,healthy,normal
2025-01-01T10:26:30+00:00,ac-1,access_switch,119.88,1.2,64.85,124.34,19.67,92.38,99.21,3.38,48.42,warning,device_overload
2025-01-01T10:26:35+00:00,se-2,server,63.55,7.93,64.38,174.65,16.26,93.84,92.13,3.38,54.45,warning,device_overload
2025-01-01T10:26:40+00:00,ro-4,router,184.33,10.17,96.2,102.46,31.01,73.82,50.75,3.72,91.85,warning,congestion
2025-01-01T10:26:45+00:00,co-1,core_switch,151.82,5.65,67.95,131.83,7.26,98.42,86.54,2.89,68.65,warning,device_overload
2025-01-01T10:26:50+00:00,da-5,database,17.32,1.14,40.11,246.84,1.29,47.17,59.96,0.02,47.44,healthy,normal
2025-01-01T10:26:55+00:00,co-3,core_switch,17.88,0.26,48.77,313.25,2.46,24.76,25.46,0.74,21.72,healthy,normal
2025-01-01T10:27:00+00:00,da-3,database,73.86,4.8,98.8,808.98,18.52,71.11,66.45,2.02,97.26,warning,traffic_spike
2025-01-01T10:27:05+00:00,co-3,core_switch,146.89,4.74,85.96,102.68,21.4,55.23,71.14,1.57,99.91,warning,congestion
2025-01-01T10:27:10+00:00,se-3,server,348.68,99.01,7.37,6.28,46.38,2.33,1.81,38.89,7.57,warning,device_failure
2025-01-01T10:27:15+00:00,cl-6,client,241.79,86.54,12.81,1.35,53.34,48.43,52.58,45.8,11.59,warning,link_failure
2025-01-01T10:27:20+00:00,se-3,server,28.17,1.31,18.37,232.92,5.43,56.73,43.5,0.79,62.72,healthy,normal
2025-01-01T10:27:25+00:00,se-8,server,429.49,91.1,7.14,5.53,78.65,8.19,10.65,41.55,2.89,warning,device_failure
2025-01-01T10:27:30+00:00,da-1,database,41.02,0.53,47.34,300.12,1.8,53.68,63.42,0.71,53.96,healthy,normal
2025-01-01T10:27:35+00:00,se-1,server,33.53,0.94,47.15,275.91,3.82,15.13,39.57,0.04,41.99,healthy,normal
2025-01-01T10:27:40+00:00,se-2,server,55.64,6.86,96.8,641.81,8.76,86.94,80.61,1.38,96.78,warning,traffic_spike
2025-01-01T10:27:45+00:00,ac-1,access_switch,128.85,7.69,84.48,108.16,37.45,80.47,43.96,6.79,91.41,warning,congestion
2025-01-01T10:27:50+00:00,ac-4,access_switch,16.62,0.5,31.69,204.8,2.1,23.03,67.9,0.33,29.64,healthy,normal
2025-01-01T10:27:55+00:00,ac-5,access_switch,426.3,94.8,2.44,5.91,87.79,3.36,4.54,56.53,4.41,warning,device_failure
2025-01-01T10:28:00+00:00,cl-8,client,67.93,4.67,88.09,669.09,18.91,86.52,62.29,3.41,91.18,warning,traffic_spike
2025-01-01T10:28:05+00:00,ro-6,router,96.49,4.11,96.25,55.2,33.29,47.96,76.53,6.79,87.19,warning,congestion
2025-01-01T10:28:10+00:00,ac-1,access_switch,95.82,1.65,59.63,150.02,9.2,88.06,92.07,4.26,64.26,warning,device_overload
2025-01-01T10:28:15+00:00,da-1,database,41.14,1.06,23.49,278.65,2.71,16.27,64.87,0.12,58.71,healthy,normal
2025-01-01T10:28:20+00:00,cl-7,client,68.24,4.61,94.22,771.96,26.9,90.39,85.22,2.34,90.84,warning,traffic_spike
2025-01-01T10:28:25+00:00,da-1,database,92.49,11.86,94.68,60.18,35.93,76.69,72.16,3.24,90.55,warning,congestion
2025-01-01T10:28:30+00:00,co-3,core_switch,13.35,0.49,37.04,152.21,4.29,44.66,53.29,0.24,50.46,healthy,normal
2025-01-01T10:28:35+00:00,ac-8,access_switch,212.89,9.47,97.15,61.0,28.15,55.66,68.08,4.87,94.15,warning,congestion
2025-01-01T10:28:40+00:00,ro-7,router,35.66,1.44,37.08,208.26,4.61,30.14,46.8,0.73,19.16,healthy,normal
2025-01-01T10:28:45+00:00,ro-3,router,112.88,15.05,93.24,146.72,17.59,55.78,54.04,5.04,87.64,warning,congestion
2025-01-01T10:28:50+00:00,ac-2,access_switch,97.03,9.17,93.17,432.45,22.55,69.43,72.85,4.26,94.04,warning,traffic_spike
2025-01-01T10:28:55+00:00,cl-2,client,75.32,3.61,96.74,827.96,15.66,97.29,56.71,1.35,93.39,warning,traffic_spike
2025-01-01T10:29:00+00:00,ac-8,access_switch,140.38,7.39,95.91,890.18,15.48,82.07,50.46,0.81,96.36,warning,traffic_spike
2025-01-01T10:29:05+00:00,cl-2,client,17.58,0.33,53.18,212.76,1.25,59.26,64.91,0.1,60.89,healthy,normal
2025-01-01T10:29:10+00:00,co-8,core_switch,163.11,3.58,53.32,85.53,13.94,96.61,93.21,4.16,57.43,warning,device_overload
2025-01-01T10:29:15+00:00,cl-4,client,158.45,9.69,85.06,87.96,17.59,77.38,43.35,6.16,88.69,warning,congestion
2025-01-01T10:29:20+00:00,da-1,database,197.29,6.05,88.77,59.58,37.8,57.28,71.97,6.65,97.62,warning,congestion
2025-01-01T10:29:25+00:00,ro-1,router,13.17,0.29,43.56,125.49,3.34,45.21,30.69,0.73,19.54,healthy,normal
2025-01-01T10:29:30+00:00,co-3,core_switch,119.28,2.54,48.3,183.34,20.95,94.56,91.39,4.32,86.44,warning,device_overload
2025-01-01T10:29:35+00:00,da-7,database,419.34,91.47,4.23,4.59,79.96,5.87,12.47,48.57,0.34,offline,device_failure
2025-01-01T10:29:40+00:00,co-1,core_switch,23.47,0.01,41.72,163.15,3.78,43.74,58.89,0.56,49.13,healthy,normal
2025-01-01T10:29:45+00:00,ac-4,access_switch,13.68,0.3,36.67,126.33,5.72,47.95,63.27,0.47,20.87,healthy,normal
2025-01-01T10:29:50+00:00,ro-1,router,151.62,3.4,64.56,174.87,20.21,94.94,86.24,3.73,46.55,warning,device_overload
2025-01-01T10:29:55+00:00,ro-5,router,33.43,0.38,43.87,169.92,2.34,48.45,46.5,0.2,25.42,healthy,normal
2025-01-01T10:30:00+00:00,ac-3,access_switch,124.41,4.26,80.37,85.99,7.34,92.24,87.25,6.97,54.17,warning,device_overload
2025-01-01T10:30:05+00:00,se-5,server,35.58,0.45,25.07,317.92,2.64,58.6,52.48,0.62,21.66,healthy,normal
2025-01-01T10:30:10+00:00,co-4,core_switch,20.66,0.96,47.53,196.6,1.15,44.62,24.57,0.72,47.52,healthy,normal
2025-01-01T10:30:15+00:00,ro-4,router,75.81,5.97,95.11,484.83,12.44,88.27,66.99,0.97,90.29,warning,traffic_spike
2025-01-01T10:30:20+00:00,co-2,core_switch,105.7,4.17,76.02,175.89,19.17,94.54,90.32,1.24,86.9,warning,device_overload
2025-01-01T10:30:25+00:00,da-7,database,24.39,1.02,33.62,175.28,4.5,17.82,67.79,0.89,34.42,healthy,normal
2025-01-01T10:30:30+00:00,ac-8,access_switch,204.17,9.32,88.18,143.33,36.46,49.5,64.75,3.26,86.59,warning,congestion
2025-01-01T10:30:35+00:00,se-3,server,33.89,0.53,37.22,239.46,3.03,35.5,64.13,0.24,47.46,healthy,normal
2025-01-01T10:30:40+00:00,ac-1,access_switch,31.44,1.11,31.44,329.42,3.13,15.5,44.77,0.0,46.86,healthy,normal
2025-01-01T10:30:45+00:00,da-7,database,155.2,5.71,55.92,68.56,14.62,89.61,93.81,1.25,80.1,warning,device_overload
2025-01-01T10:30:50+00:00,se-1,server,24.73,0.85,23.5,285.58,0.95,17.55,55.0,0.06,22.49,healthy,normal
2025-01-01T10:30:55+00:00,da-4,database,113.43,2.31,92.19,629.91,11.5,72.28,76.56,4.16,98.12,warning,traffic_spike
2025-01-01T10:31:00+00:00,cl-1,client,19.54,1.06,45.35,186.18,1.1,27.37,33.63,0.06,31.51,healthy,normal
2025-01-01T10:31:05+00:00,se-2,server,68.62,4.83,89.32,501.97,12.08,72.07,53.06,1.52,90.23,warning,traffic_spike
2025-01-01T10:31:10+00:00,ac-7,access_switch,22.32,1.48,23.58,246.04,5.11,18.36,27.15,0.33,44.92,healthy,normal
2025-01-01T10:31:15+00:00,cl-8,client,32.3,1.45,24.1,219.8,3.7,55.79,63.36,0.07,33.44,healthy,normal
2025-01-01T10:31:20+00:00,cl-5,client,32.94,1.31,19.67,312.24,1.44,44.68,46.93,0.1,47.57,healthy,normal
2025-01-01T10:31:25+00:00,co-5,core_switch,38.05,0.1,36.88,130.52,1.81,35.37,49.32,0.74,55.6,healthy,normal
2025-01-01T10:31:30+00:00,se-5,server,38.37,1.47,45.5,188.57,3.92,24.79,48.45,0.59,36.08,healthy,normal
2025-01-01T10:31:35+00:00,ro-2,router,115.04,5.35,52.8,66.1,14.78,88.41,98.7,5.95,66.54,warning,device_overload
2025-01-01T10:31:40+00:00,ro-3,router,31.12,0.56,36.15,199.95,3.56,38.23,40.74,0.15,27.33,healthy,normal
2025-01-01T10:31:45+00:00,ro-8,router,17.62,0.68,32.01,327.78,2.33,50.19,59.7,0.79,37.15,healthy,normal
2025-01-01T10:31:50+00:00,ro-8,router,26.09,0.38,36.52,206.32,1.94,52.33,44.47,0.73,61.18,healthy,normal
2025-01-01T10:31:55+00:00,da-8,database,34.5,0.31,51.36,145.38,2.28,33.1,35.93,0.48,54.97,healthy,normal
2025-01-01T10:32:00+00:00,co-2,core_switch,39.56,1.22,26.84,111.71,2.23,56.64,24.26,0.3,18.37,healthy,normal
2025-01-01T10:32:05+00:00,ac-7,access_switch,469.07,77.3,17.45,7.14,51.53,39.6,38.43,30.57,6.34,offline,link_failure
2025-01-01T10:32:10+00:00,co-3,core_switch,10.19,0.63,47.63,321.69,4.65,25.12,60.74,0.36,44.91,healthy,normal
2025-01-01T10:32:15+00:00,da-5,database,39.41,1.04,31.84,128.21,1.11,40.31,39.42,0.85,26.67,healthy,normal
2025-01-01T10:32:20+00:00,se-3,server,367.42,96.51,0.92,4.39,47.34,11.43,0.45,87.93,6.83,warning,device_failure
2025-01-01T10:32:25+00:00,da-8,database,22.51,0.7,31.95,121.34,2.69,23.46,49.84,0.67,55.11,healthy,normal
2025-01-01T10:32:30+00:00,se-1,server,27.14,0.73,44.35,141.1,5.21,38.12,38.68,0.75,40.77,healthy,normal
2025-01-01T10:32:35+00:00,ac-8,access_switch,172.57,4.37,79.64,59.44,17.19,91.43,87.18,2.77,45.35,warning,device_overload
2025-01-01T10:32:40+00:00,ac-5,access_switch,15.71,0.39,40.49,202.76,2.35,20.27,63.59,0.11,23.64,healthy,normal
2025-01-01T10:32:45+00:00,cl-5,client,122.62,7.64,89.7,447.83,22.22,89.99,68.77,4.92,94.51,warning,traffic_spike
2025-01-01T10:32:50+00:00,cl-5,client,75.78,6.11,65.36,172.08,19.21,87.99,87.88,1.76,66.65,warning,device_overload
2025-01-01T10:32:55+00:00,ac-2,access_switch,33.75,0.43,19.59,290.17,2.94,52.03,40.21,0.27,23.61,healthy,normal
2025-01-01T10:33:00+00:00,se-8,server,459.44,90.61,4.23,4.26,80.05,0.34,2.64,83.14,6.09,offline,device_failure
2025-01-01T10:33:05+00:00,ro-8,router,32.15,0.39,28.54,209.81,1.61,15.39,28.63,0.67,44.09,healthy,normal
2025-01-01T10:33:10+00:00,ac-3,access_switch,26.37,0.53,48.98,135.67,4.79,35.44,44.04,0.07,66.26,healthy,normal
2025-01-01T10:33:15+00:00,cl-2,client,32.22,1.18,64.72,242.58,5.14,41.13,61.54,0.07,15.34,healthy,normal
2025-01-01T10:33:20+00:00,se-1,server,82.29,7.04,89.19,883.71,19.79,97.94,62.49,4.35,95.38,warning,traffic_spike
2025-01-01T10:33:25+00:00,ac-7,access_switch,185.89,8.98,87.6,87.23,18.26,61.85,68.27,6.84,92.58,warning,congestion
2025-01-01T10:33:30+00:00,co-4,core_switch,16.09,0.31,30.81,137.32,4.06,23.01,52.02,0.81,58.16,healthy,normal
2025-01-01T10:33:35+00:00,ac-7,access_switch,33.63,0.38,55.25,146.76,3.85,43.96,34.53,0.62,22.8,healthy,normal
2025-01-01T10:33:40+00:00,ro-5,router,119.63,2.19,62.91,144.9,17.44,98.94,87.04,3.45,86.45,warning,device_overload
2025-01-01T10:33:45+00:00,co-2,core_switch,475.86,95.68,0.8,5.75,92.03,8.7,1.64,59.48,4.49,warning,device_failure
2025-01-01T10:33:50+00:00,da-7,database,206.02,10.92,88.99,79.16,37.44,73.72,48.4,2.16,95.06,warning,congestion
2025-01-01T10:33:55+00:00,co-7,core_switch,13.76,0.48,32.9,181.86,3.19,44.07,53.88,0.87,63.25,healthy,normal
2025-01-01T10:34:00+00:00,cl-1,client,30.64,0.95,61.46,132.42,5.45,28.2,56.55,0.24,66.4,healthy,normal
2025-01-01T10:34:05+00:00,ac-5,access_switch,24.57,1.04,57.09,228.73,2.29,48.56,54.19,0.12,52.13,healthy,normal
2025-01-01T10:34:10+00:00,da-5,database,16.76,0.03,50.31,275.47,5.21,46.26,44.44,0.72,31.95,healthy,normal
2025-01-01T10:34:15+00:00,co-5,core_switch,19.88,0.38,25.07,259.64,5.54,44.73,64.29,0.53,43.48,healthy,normal
2025-01-01T10:34:20+00:00,ro-3,router,124.25,3.84,47.22,89.4,18.88,98.04,86.67,3.7,80.45,warning,device_overload
2025-01-01T10:34:25+00:00,se-8,server,97.66,2.62,92.72,847.1,16.15,68.05,86.39,2.73,91.5,warning,traffic_spike
2025-01-01T10:34:30+00:00,se-5,server,427.83,98.75,2.79,0.53,85.45,6.87,0.94,83.32,3.47,warning,device_failure
2025-01-01T10:34:35+00:00,ro-5,router,11.82,0.8,55.34,279.54,5.44,23.62,53.85,0.61,35.05,healthy,normal
2025-01-01T10:34:40+00:00,se-6,server,388.08,87.38,11.13,16.86,67.64,41.29,30.57,22.06,5.95,offline,link_failure
2025-01-01T10:34:45+00:00,ac-6,access_switch,16.67,0.75,47.59,215.65,2.03,20.34,37.62,0.23,19.33,healthy,normal
2025-01-01T10:34:50+00:00,da-3,database,28.2,0.21,23.65,292.67,4.46,51.19,46.15,0.89,65.43,healthy,normal
2025-01-01T10:34:55+00:00,ac-4,access_switch,14.53,1.29,60.06,114.11,2.18,51.78,62.41,0.47,52.59,healthy,normal
2025-01-01T10:35:00+00:00,ro-7,router,97.45,4.35,76.86,81.49,11.34,95.1,89.94,4.51,55.79,warning,device_overload
2025-01-01T10:35:05+00:00,se-8,server,278.36,76.81,9.82,20.95,65.85,56.76,53.59,20.73,0.13,warning,link_failure
2025-01-01T10:35:10+00:00,ac-6,access_switch,337.47,99.46,1.57,5.21,53.82,9.46,4.74,58.91,1.5,warning,device_failure
2025-01-01T10:35:15+00:00,ro-6,router,19.41,0.0,64.61,220.18,3.47,19.15,34.54,0.11,50.33,healthy,normal
2025-01-01T10:35:20+00:00,co-1,core_switch,22.92,1.24,58.6,144.76,1.85,40.86,41.42,0.28,60.04,healthy,normal
2025-01-01T10:35:25+00:00,co-4,core_switch,70.82,6.62,51.96,175.91,12.02,87.76,87.51,4.33,45.75,warning,device_overload
2025-01-01T10:35:30+00:00,ro-1,router,16.71,0.24,31.07,146.43,5.34,40.47,33.39,0.36,27.28,healthy,normal
2025-01-01T10:35:35+00:00,co-5,core_switch,69.78,4.52,82.74,66.99,19.29,89.85,91.73,6.94,77.12,warning,device_overload
2025-01-01T10:35:40+00:00,cl-2,client,494.04,89.65,3.58,4.39,84.86,0.06,9.77,81.1,7.65,warning,device_failure
2025-01-01T10:35:45+00:00,cl-5,client,37.9,0.31,40.16,122.08,3.12,42.3,28.83,0.03,39.17,healthy,normal
2025-01-01T10:35:50+00:00,cl-2,client,29.41,0.89,28.02,147.11,4.9,35.09,39.64,0.54,33.17,healthy,normal
2025-01-01T10:35:55+00:00,cl-7,client,14.71,1.22,31.98,293.71,0.98,43.22,45.59,0.19,15.41,healthy,normal
2025-01-01T10:36:00+00:00,ro-3,router,141.57,4.53,99.23,559.8,22.11,87.18,71.96,1.75,94.65,warning,traffic_spike
2025-01-01T10:36:05+00:00,da-6,database,24.2,0.04,23.99,277.42,3.77,39.02,42.13,0.3,21.29,healthy,normal
2025-01-01T10:36:10+00:00,da-6,database,33.84,0.55,49.61,225.15,5.37,42.6,43.46,0.08,48.08,healthy,normal
2025-01-01T10:36:15+00:00,ro-1,router,41.88,0.24,55.77,147.48,3.78,28.52,31.06,0.69,42.29,healthy,normal
2025-01-01T10:36:20+00:00,co-4,core_switch,80.81,3.45,90.75,499.98,12.11,85.58,74.18,4.61,90.56,warning,traffic_spike
2025-01-01T10:36:25+00:00,co-7,core_switch,27.57,1.21,53.92,161.71,2.19,52.23,43.89,0.85,26.64,healthy,normal
2025-01-01T10:36:30+00:00,cl-3,client,282.87,95.03,8.85,3.87,45.99,5.1,8.61,45.34,4.58,offline,device_failure
2025-01-01T10:36:35+00:00,ac-3,access_switch,81.03,5.0,81.31,153.37,9.52,94.72,91.59,6.61,51.59,warning,device_overload
2025-01-01T10:36:40+00:00,ac-8,access_switch,13.89,0.35,36.7,164.91,3.81,26.81,50.48,0.05,21.5,healthy,normal
2025-01-01T10:36:45+00:00,cl-1,client,123.92,7.47,97.87,96.27,26.8,56.55,64.88,6.78,91.46,warning,congestion
2025-01-01T10:36:50+00:00,da-3,database,136.56,2.5,95.48,574.24,15.18,71.2,55.78,1.04,90.22,warning,traffic_spike
2025-01-01T10:36:55+00:00,se-2,server,111.9,6.32,93.09,763.99,17.5,70.67,58.51,2.39,98.11,warning,traffic_spike
2025-01-01T10:37:00+00:00,ro-5,router,30.57,0.65,50.26,144.8,4.82,35.04,31.58,0.02,64.68,healthy,normal
2025-01-01T10:37:05+00:00,cl-5,client,26.33,1.48,21.47,280.88,4.15,32.12,61.17,0.06,26.89,healthy,normal
2025-01-01T10:37:10+00:00,se-7,server,16.33,0.17,30.4,232.07,2.29,23.71,40.31,0.8,58.61,healthy,normal
2025-01-01T10:37:15+00:00,ro-8,router,25.14,1.02,28.25,156.0,3.26,54.84,63.94,0.56,49.58,healthy,normal
2025-01-01T10:37:20+00:00,cl-6,client,288.83,78.26,12.84,3.44,58.49,24.6,36.3,20.09,1.12,warning,link_failure
2025-01-01T10:37:25+00:00,co-5,core_switch,24.48,1.46,55.04,162.23,5.3,21.9,55.92,0.12,44.59,healthy,normal
2025-01-01T10:37:30+00:00,ac-5,access_switch,21.25,0.52,18.85,178.2,5.16,19.91,37.85,0.69,48.58,healthy,normal
2025-01-01T10:37:35+00:00,ro-1,router,450.14,73.11,8.8,19.59,86.94,64.58,33.42,32.6,4.7,offline,link_failure
2025-01-01T10:37:40+00:00,co-3,core_switch,72.39,6.44,88.09,862.07,20.02,76.99,65.14,4.46,92.96,warning,traffic_spike
2025-01-01T10:37:45+00:00,da-5,database,35.39,0.93,59.45,153.44,5.3,37.23,35.76,0.84,59.29,healthy,normal
2025-01-01T10:37:50+00:00,cl-8,client,125.11,4.61,61.82,171.97,9.49,90.53,97.88,2.36,74.43,warning,device_overload
2025-01-01T10:37:55+00:00,ro-8,router,13.53,0.72,38.7,327.03,4.81,42.95,49.93,0.24,47.63,healthy,normal
2025-01-01T10:38:00+00:00,cl-6,client,240.57,83.43,3.28,10.32,57.98,22.43,34.28,53.01,8.63,offline,link_failure
2025-01-01T10:38:05+00:00,co-3,core_switch,141.55,5.53,59.73,132.61,7.74,99.36,95.45,6.21,58.22,warning,device_overload
2025-01-01T10:38:10+00:00,cl-7,client,108.19,10.81,86.34,90.56,23.52,53.98,66.24,4.75,97.47,warning,congestion
2025-01-01T10:38:15+00:00,se-8,server,68.22,5.59,47.73,113.98,12.17,99.64,95.9,2.47,51.1,warning,device_overload
2025-01-01T10:38:20+00:00,da-1,database,61.05,3.66,96.52,541.22,15.7,76.94,64.62,2.05,92.86,warning,traffic_spike
2025-01-01T10:38:25+00:00,ro-5,router,10.95,0.67,56.65,317.21,5.34,51.57,30.1,0.03,27.15,healthy,normal
2025-01-01T10:38:30+00:00,cl-5,client,229.34,14.6,96.22,80.89,27.8,50.93,52.53,1.3,94.86,warning,congestion
2025-01-01T10:38:35+00:00,cl-7,client,36.15,0.23,19.37,158.09,2.53,44.74,35.09,0.33,43.52,healthy,normal
2025-01-01T10:38:40+00:00,da-8,database,35.01,0.96,52.39,207.18,3.4,55.78,48.85,0.74,22.66,healthy,normal
2025-01-01T10:38:45+00:00,se-4,server,112.03,6.62,84.32,54.5,16.08,65.66,65.14,5.54,93.27,warning,congestion
2025-01-01T10:38:50+00:00,cl-5,client,100.96,11.24,86.46,163.54,31.47,61.35,60.18,2.39,94.07,warning,congestion
2025-01-01T10:38:55+00:00,se-6,server,27.78,0.87,23.8,238.51,4.47,26.15,30.75,0.72,65.95,healthy,normal
2025-01-01T10:39:00+00:00,ac-2,access_switch,30.15,0.94,26.17,309.68,5.95,25.89,37.27,0.9,59.77,healthy,normal
2025-01-01T10:39:05+00:00,co-6,core_switch,242.66,89.57,19.43,12.69,75.08,54.9,39.01,61.27,7.21,offline,link_failure
2025-01-01T10:39:10+00:00,ac-1,access_switch,30.94,1.13,21.55,166.47,2.97,34.1,52.46,0.09,27.98,healthy,normal
2025-01-01T10:39:15+00:00,co-7,core_switch,264.04,94.39,1.32,5.38,55.11,10.0,11.61,47.45,1.3,offline,device_failure
2025-01-01T10:39:20+00:00,ro-2,router,316.07,89.54,8.94,2.78,71.97,0.85,13.34,65.38,6.78,offline,device_failure
2025-01-01T10:39:25+00:00,ro-6,router,32.26,0.42,18.58,223.34,3.37,42.71,26.93,0.01,64.28,healthy,normal
2025-01-01T10:39:30+00:00,cl-1,client,284.48,94.66,11.04,7.11,31.07,36.36,33.52,36.85,2.68,offline,link_failure
2025-01-01T10:39:35+00:00,se-1,server,22.91,0.91,37.19,230.46,5.47,26.2,54.92,0.47,15.48,healthy,normal
2025-01-01T10:39:40+00:00,da-7,database,17.69,0.86,53.21,295.62,2.68,17.33,32.85,0.88,56.35,healthy,normal
2025-01-01T10:39:45+00:00,ac-8,access_switch,119.06,7.6,54.12,86.41,7.24,92.71,90.97,7.89,62.3,warning,device_overload
2025-01-01T10:39:50+00:00,ro-6,router,37.66,0.62,48.28,228.03,5.67,37.53,44.97,0.35,25.07,healthy,normal
2025-01-01T10:39:55+00:00,se-2,server,31.02,0.83,38.56,165.34,1.07,53.33,34.95,0.38,65.93,healthy,normal
2025-01-01T10:40:00+00:00,ro-6,router,73.17,3.79,81.17,171.37,20.07,95.61,86.29,1.43,84.99,warning,device_overload
2025-01-01T10:40:05+00:00,da-4,database,18.66,1.06,63.04,317.52,1.13,52.05,36.9,0.82,43.13,healthy,normal
2025-01-01T10:40:10+00:00,ac-8,access_switch,32.35,1.32,36.89,185.88,4.78,36.58,44.54,0.87,65.04,healthy,normal
2025-01-01T10:40:15+00:00,da-3,database,373.91,96.58,21.97,20.35,78.38,25.51,42.6,30.6,2.48,offline,link_failure
2025-01-01T10:40:20+00:00,ro-5,router,31.83,0.16,61.18,161.03,4.72,19.7,64.44,0.59,50.78,healthy,normal
2025-01-01T10:40:25+00:00,ac-3,access_switch,241.22,90.04,6.99,5.84,80.56,8.66,3.45,49.29,4.1,offline,device_failure
2025-01-01T10:40:30+00:00,cl-6,client,20.17,0.66,49.97,281.75,4.17,48.55,35.44,0.9,38.59,healthy,normal
2025-01-01T10:40:35+00:00,da-5,database,247.3,95.93,9.42,6.33,84.59,1.17,1.13,75.49,6.39,offline,device_failure
2025-01-01T10:40:40+00:00,cl-7,client,107.45,5.52,99.6,851.4,15.91,79.11,50.13,3.86,96.42,warning,traffic_spike
2025-01-01T10:40:45+00:00,ro-5,router,113.59,8.74,88.62,92.96,25.59,48.14,68.82,3.58,96.11,warning,congestion
2025-01-01T10:40:50+00:00,co-1,core_switch,40.32,0.07,18.08,291.05,2.67,48.99,64.89,0.69,27.7,healthy,normal
2025-01-01T10:40:55+00:00,cl-6,client,108.08,3.22,61.56,184.93,13.34,89.35,84.72,7.71,45.4,warning,device_overload
2025-01-01T10:41:00+00:00,ac-4,access_switch,97.16,2.82,92.7,635.62,18.02,77.41,54.75,3.55,97.78,warning,traffic_spike
2025-01-01T10:41:05+00:00,se-5,server,40.87,0.03,58.01,150.78,2.44,45.22,27.14,0.24,63.68,healthy,normal
2025-01-01T10:41:10+00:00,da-1,database,12.37,0.68,31.47,176.97,3.93,33.14,42.69,0.82,44.72,healthy,normal
2025-01-01T10:41:15+00:00,co-1,core_switch,64.43,3.66,88.76,777.54,21.53,85.02,73.78,2.28,91.61,warning,traffic_spike
2025-01-01T10:41:20+00:00,da-6,database,207.68,6.47,89.63,42.67,19.29,59.55,46.98,1.72,93.91,warning,congestion
2025-01-01T10:41:25+00:00,cl-7,client,31.04,1.06,23.32,296.58,1.68,55.02,52.18,0.07,26.36,healthy,normal
2025-01-01T10:41:30+00:00,da-8,database,114.79,6.27,84.78,61.8,16.18,98.56,88.25,3.66,86.9,warning,device_overload
2025-01-01T10:41:35+00:00,ro-7,router,183.22,14.29,91.22,64.83,23.03,58.28,44.84,6.23,96.54,warning,congestion
2025-01-01T10:41:40+00:00,co-4,core_switch,34.86,0.02,36.52,179.88,1.37,37.7,24.47,0.65,19.92,healthy,normal
2025-01-01T10:41:45+00:00,co-8,core_switch,88.11,7.14,89.77,490.21,20.87,72.66,59.99,0.77,90.41,warning,traffic_spike
2025-01-01T10:41:50+00:00,co-1,core_switch,176.64,6.3,87.19,82.7,13.55,68.57,59.38,2.02,89.8,warning,congestion
2025-01-01T10:41:55+00:00,cl-8,client,12.62,0.11,64.6,322.68,4.06,38.29,62.96,0.7,58.1,healthy,normal
2025-01-01T10:42:00+00:00,ro-4,router,107.4,9.65,89.33,742.25,25.15,90.94,87.48,1.85,99.93,warning,traffic_spike
2025-01-01T10:42:05+00:00,co-5,core_switch,40.0,0.95,50.38,280.62,3.75,55.96,52.85,0.57,25.95,healthy,normal
2025-01-01T10:42:10+00:00,ac-6,access_switch,14.53,1.13,59.9,191.85,3.39,57.05,60.93,0.29,60.9,healthy,normal
2025-01-01T10:42:15+00:00,cl-8,client,18.89,0.91,31.41,301.92,1.98,27.58,65.34,0.79,45.29,healthy,normal
2025-01-01T10:42:20+00:00,ro-6,router,113.16,2.77,76.01,138.67,10.33,88.48,85.36,3.42,82.29,warning,device_overload
2025-01-01T10:42:25+00:00,da-8,database,18.27,0.17,24.51,135.15,3.97,41.85,64.1,0.3,65.03,healthy,normal
2025-01-01T10:42:30+00:00,da-2,database,126.58,10.19,84.29,41.46,22.71,57.58,71.89,2.12,97.74,warning,congestion
2025-01-01T10:42:35+00:00,ro-5,router,90.53,8.11,95.0,520.81,15.87,92.08,80.13,1.57,94.38,warning,traffic_spike
2025-01-01T10:42:40+00:00,ro-2,router,17.45,1.12,23.79,129.77,2.93,25.75,35.11,0.19,65.98,healthy,normal
2025-01-01T10:42:45+00:00,da-7,database,23.62,1.02,20.17,312.26,3.45,48.9,37.25,0.66,47.7,healthy,normal
2025-01-01T10:42:50+00:00,ac-4,access_switch,71.29,1.2,51.18,176.69,16.37,88.89,90.3,7.29,45.26,warning,device_overload
2025-01-01T10:42:55+00:00,ac-4,access_switch,367.83,97.78,8.69,7.98,58.46,10.57,6.75,64.91,4.3,warning,device_failure
2025-01-01T10:43:00+00:00,ro-4,router,15.93,0.66,43.98,309.21,2.63,39.81,32.17,0.03,37.05,healthy,normal
2025-01-01T10:43:05+00:00,co-7,core_switch,14.71,0.03,49.55,294.36,4.34,59.62,25.29,0.74,58.19,healthy,normal
2025-01-01T10:43:10+00:00,cl-3,client,19.42,0.92,60.24,229.72,4.88,57.12,60.08,0.13,45.63,healthy,normal
2025-01-01T10:43:15+00:00,ro-6,router,287.44,89.69,6.4,1.67,82.21,3.63,3.24,79.39,4.1,offline,device_failure
2025-01-01T10:43:20+00:00,co-8,core_switch,28.18,1.14,26.96,176.48,3.84,19.78,39.91,0.65,31.76,healthy,normal
2025-01-01T10:43:25+00:00,cl-1,client,131.25,4.03,97.26,742.3,17.83,69.82,75.17,4.89,98.94,warning,traffic_spike
2025-01-01T10:43:30+00:00,co-4,core_switch,10.19,0.6,64.57,202.49,5.12,19.17,40.74,0.17,19.34,healthy,normal
2025-01-01T10:43:35+00:00,co-3,core_switch,38.35,1.18,44.43,247.59,4.39,30.61,25.12,0.73,16.9,healthy,normal
2025-01-01T10:43:40+00:00,ro-7,router,33.59,1.29,39.21,312.96,1.32,34.74,46.42,0.7,19.76,healthy,normal
2025-01-01T10:43:45+00:00,ac-8,access_switch,144.06,1.66,71.33,166.42,13.83,86.08,84.79,4.11,65.96,warning,device_overload
2025-01-01T10:43:50+00:00,ro-5,router,30.56,1.46,49.04,127.4,5.13,49.17,28.79,0.35,41.18,healthy,normal
2025-01-01T10:43:55+00:00,co-8,core_switch,224.65,12.01,92.28,159.75,26.76,74.16,54.25,4.75,91.14,warning,congestion
2025-01-01T10:44:00+00:00,cl-3,client,33.22,0.25,30.53,243.9,5.66,45.97,45.59,0.65,51.42,healthy,normal
2025-01-01T10:44:05+00:00,se-8,server,19.42,1.1,57.86,172.23,4.54,41.77,50.2,0.59,34.66,healthy,normal
2025-01-01T10:44:10+00:00,se-3,server,11.98,0.68,50.52,289.38,1.67,39.58,63.51,0.69,52.66,healthy,normal
2025-01-01T10:44:15+00:00,se-2,server,22.16,0.3,22.83,220.5,4.13,19.69,61.91,0.54,44.32,healthy,normal
2025-01-01T10:44:20+00:00,cl-6,client,277.43,82.74,10.02,0.88,57.03,23.92,63.89,55.34,13.62,offline,link_failure
2025-01-01T10:44:25+00:00,ro-4,router,120.7,6.09,84.94,59.66,19.41,60.72,76.91,5.34,89.36,warning,congestion
2025-01-01T10:44:30+00:00,ac-4,access_switch,22.5,0.15,53.85,122.65,3.59,51.5,60.17,0.43,44.51,healthy,normal
2025-01-01T10:44:35+00:00,da-5,database,34.32,0.75,22.28,190.55,4.99,46.2,34.7,0.43,56.58,healthy,normal
2025-01-01T10:44:40+00:00,ro-2,router,144.08,7.79,96.51,101.87,35.44,55.49,73.87,4.35,99.98,warning,congestion
2025-01-01T10:44:45+00:00,se-4,server,33.38,1.06,52.78,304.23,1.87,53.81,45.58,0.84,50.66,healthy,normal
2025-01-01T10:44:50+00:00,co-6,core_switch,469.13,88.19,6.6,2.38,83.73,8.81,7.77,72.23,3.47,offline,device_failure
2025-01-01T10:44:55+00:00,co-4,core_switch,26.78,0.22,55.2,257.06,5.86,19.53,65.24,0.66,15.21,healthy,normal
2025-01-01T10:45:00+00:00,da-8,database,72.36,3.45,82.57,67.16,9.98,98.16,90.8,6.02,64.29,warning,device_overload
2025-01-01T10:45:05+00:00,ac-6,access_switch,90.78,2.11,99.87,917.7,16.84,78.94,62.91,2.05,94.37,warning,traffic_spike
2025-01-01T10:45:10+00:00,se-3,server,16.96,0.96,62.95,177.27,2.06,42.58,48.82,0.43,36.95,healthy,normal
2025-01-01T10:45:15+00:00,ac-7,access_switch,15.06,0.49,23.4,309.56,4.48,38.06,52.85,0.15,29.04,healthy,normal
2025-01-01T10:45:20+00:00,ac-6,access_switch,162.51,11.14,99.21,127.59,35.23,77.45,58.56,6.07,98.08,warning,congestion
2025-01-01T10:45:25+00:00,ro-8,router,23.89,0.75,43.71,162.36,2.66,18.49,39.65,0.16,33.3,healthy,normal
2025-01-01T10:45:30+00:00,ac-2,access_switch,31.3,0.89,20.07,220.85,3.98,47.21,44.87,0.5,60.82,healthy,normal
2025-01-01T10:45:35+00:00,ro-5,router,180.96,6.96,91.52,162.18,20.13,64.02,61.04,5.82,89.51,warning,congestion
2025-01-01T10:45:40+00:00,cl-7,client,17.7,1.41,58.3,236.77,1.93,40.38,52.76,0.31,34.81,healthy,normal
2025-01-01T10:45:45+00:00,co-2,core_switch,19.65,0.87,19.95,315.82,3.21,21.18,66.71,0.46,59.4,healthy,normal
2025-01-01T10:45:50+00:00,cl-8,client,330.53,89.08,19.61,4.37,70.93,56.79,51.83,37.49,15.62,offline,link_failure
2025-01-01T10:45:55+00:00,ac-8,access_switch,37.03,0.39,19.66,155.03,2.81,34.26,30.59,0.7,57.51,healthy,normal
2025-01-01T10:46:00+00:00,co-1,core_switch,300.74,83.35,4.03,11.38,66.08,32.65,64.33,62.87,6.21,offline,link_failure
2025-01-01T10:46:05+00:00,ac-4,access_switch,402.64,97.86,4.99,6.85,46.41,3.83,13.98,36.99,7.07,warning,device_failure
2025-01-01T10:46:10+00:00,cl-2,client,110.06,3.19,81.67,140.22,14.17,88.95,91.33,3.02,59.72,warning,device_overload
2025-01-01T10:46:15+00:00,da-4,database,65.45,7.72,59.04,173.18,17.88,88.53,90.41,7.43,63.83,warning,device_overload
2025-01-01T10:46:20+00:00,da-2,database,21.1,0.9,21.67,136.03,3.9,52.44,59.19,0.3,60.52,healthy,normal
2025-01-01T10:46:25+00:00,ac-8,access_switch,92.35,7.01,78.61,90.85,21.69,99.81,88.04,7.23,87.27,warning,device_overload
2025-01-01T10:46:30+00:00,se-4,server,97.06,12.61,92.0,169.84,31.59,69.67,63.99,2.37,89.23,warning,congestion
2025-01-01T10:46:35+00:00,ro-4,router,27.03,0.45,39.17,195.89,2.35,58.43,53.81,0.03,22.32,healthy,normal
2025-01-01T10:46:40+00:00,ro-6,router,73.7,2.94,93.07,435.55,9.03,91.82,81.16,4.52,93.86,warning,traffic_spike
2025-01-01T10:46:45+00:00,ro-5,router,166.77,15.51,89.19,50.38,12.01,48.7,51.87,4.59,98.56,warning,congestion
2025-01-01T10:46:50+00:00,co-8,core_switch,365.83,93.68,0.28,6.64,59.25,0.67,6.13,59.5,5.74,offline,device_failure
2025-01-01T10:46:55+00:00,ac-3,access_switch,35.77,1.01,39.81,194.21,2.74,46.34,57.92,0.21,57.49,healthy,normal
2025-01-01T10:47:00+00:00,ro-1,router,113.73,2.97,53.98,81.26,17.23,100.0,92.81,6.09,46.34,warning,device_overload
2025-01-01T10:47:05+00:00,da-5,database,64.9,6.45,96.49,578.0,10.86,95.74,72.32,2.42,93.44,warning,traffic_spike
2025-01-01T10:47:10+00:00,cl-7,client,34.73,1.23,60.79,176.09,3.46,37.11,38.21,0.72,23.61,healthy,normal
2025-01-01T10:47:15+00:00,ac-8,access_switch,65.19,5.33,90.89,815.12,13.64,90.95,85.25,1.17,92.14,warning,traffic_spike
2025-01-01T10:47:20+00:00,ac-1,access_switch,26.32,1.27,51.26,317.93,2.06,19.16,48.28,0.53,23.39,healthy,normal
2025-01-01T10:47:25+00:00,ac-5,access_switch,19.48,1.2,21.27,175.79,1.33,21.31,56.04,0.3,61.77,healthy,normal
2025-01-01T10:47:30+00:00,ro-1,router,33.24,0.94,30.45,195.57,2.11,19.48,61.36,0.71,49.93,healthy,normal
2025-01-01T10:47:35+00:00,ro-5,router,40.81,1.04,54.23,304.02,3.25,22.38,65.14,0.34,19.31,healthy,normal
2025-01-01T10:47:40+00:00,ro-5,router,68.3,3.39,48.11,176.32,16.38,91.77,96.49,4.04,60.16,warning,device_overload
2025-01-01T10:47:45+00:00,cl-5,client,397.43,72.28,13.19,12.48,48.22,45.28,41.66,47.96,4.38,warning,link_failure
2025-01-01T10:47:50+00:00,da-6,database,21.94,0.66,49.95,253.5,4.42,25.66,38.88,0.2,27.7,healthy,normal
2025-01-01T10:47:55+00:00,co-4,core_switch,24.64,0.18,18.52,150.04,5.1,43.32,29.77,0.6,22.97,healthy,normal
2025-01-01T10:48:00+00:00,co-3,core_switch,35.72,0.43,43.69,164.8,1.42,52.53,35.25,0.01,65.0,healthy,normal
2025-01-01T10:48:05+00:00,cl-7,client,26.22,0.65,49.83,248.44,4.29,18.83,32.26,0.73,52.76,healthy,normal
2025-01-01T10:48:10+00:00,se-2,server,11.25,1.15,24.95,193.58,3.71,57.17,66.91,0.25,41.15,healthy,normal
2025-01-01T10:48:15+00:00,ro-6,router,172.88,13.96,95.23,115.23,27.18,50.74,48.22,6.83,88.31,warning,congestion
2025-01-01T10:48:20+00:00,ac-8,access_switch,32.0,0.63,21.13,299.22,1.22,27.2,60.58,0.46,42.38,healthy,normal
2025-01-01T10:48:25+00:00,da-4,database,167.33,3.83,48.92,123.67,12.61,89.52,88.62,5.74,79.18,warning,device_overload
2025-01-01T10:48:30+00:00,co-7,core_switch,26.33,0.12,60.4,122.11,1.87,35.81,64.41,0.42,15.45,healthy,normal
2025-01-01T10:48:35+00:00,cl-6,client,238.54,75.2,10.47,11.1,34.18,56.94,57.21,47.69,4.98,warning,link_failure
2025-01-01T10:48:40+00:00,se-3,server,16.28,0.96,31.69,190.66,3.06,57.72,26.35,0.88,24.69,healthy,normal
2025-01-01T10:48:45+00:00,ac-7,access_switch,18.93,0.45,61.24,159.53,4.68,22.54,50.56,0.58,40.15,healthy,normal
2025-01-01T10:48:50+00:00,da-4,database,79.83,4.77,59.74,109.78,22.63,92.82,85.07,3.29,81.48,warning,device_overload
2025-01-01T10:48:55+00:00,ro-4,router,393.32,91.53,8.21,3.25,62.46,0.96,1.78,41.9,2.44,offline,device_failure
2025-01-01T10:49:00+00:00,da-8,database,19.21,0.6,22.86,139.27,3.39,59.3,34.76,0.65,43.15,healthy,normal
2025-01-01T10:49:05+00:00,ac-6,access_switch,143.45,8.01,88.26,98.41,14.57,63.43,48.11,1.56,89.81,warning,congestion
2025-01-01T10:49:10+00:00,co-1,core_switch,24.07,0.75,26.12,315.6,5.08,16.49,62.11,0.13,16.93,healthy,normal
2025-01-01T10:49:15+00:00,co-5,core_switch,35.39,0.01,50.63,323.78,4.94,27.7,51.11,0.34,17.18,healthy,normal
2025-01-01T10:49:20+00:00,cl-6,client,13.17,1.43,48.03,146.75,4.76,49.91,66.58,0.2,31.36,healthy,normal
2025-01-01T10:49:25+00:00,co-2,core_switch,22.08,0.53,54.1,234.98,1.01,24.09,64.34,0.73,25.78,healthy,normal
2025-01-01T10:49:30+00:00,cl-8,client,109.35,4.44,97.45,529.24,21.61,91.75,56.62,3.75,97.19,warning,traffic_spike
2025-01-01T10:49:35+00:00,co-4,core_switch,115.5,10.0,98.53,668.13,8.94,78.94,69.56,2.67,99.46,warning,traffic_spike
2025-01-01T10:49:40+00:00,co-2,core_switch,131.36,6.58,47.37,106.72,8.2,95.5,84.36,3.14,76.32,warning,device_overload
2025-01-01T10:49:45+00:00,da-6,database,118.84,6.16,95.03,560.07,27.9,95.07,76.17,4.39,90.25,warning,traffic_spike
2025-01-01T10:49:50+00:00,da-2,database,24.02,0.83,26.82,306.88,1.47,49.0,28.55,0.04,25.69,healthy,normal
2025-01-01T10:49:55+00:00,da-2,database,478.25,90.17,5.72,2.9,95.81,8.25,2.84,67.03,1.21,offline,device_failure
2025-01-01T10:50:00+00:00,ro-3,router,39.29,0.29,37.87,221.57,5.26,43.01,52.57,0.3,37.4,healthy,normal
2025-01-01T10:50:05+00:00,da-5,database,361.52,88.87,2.82,4.78,78.28,3.36,5.47,66.31,1.32,offline,device_failure
2025-01-01T10:50:10+00:00,se-7,server,40.31,1.41,19.14,219.45,5.23,25.97,65.91,0.2,25.96,healthy,normal
2025-01-01T10:50:15+00:00,cl-1,client,123.83,10.99,90.6,143.19,27.47,75.21,49.52,5.38,98.83,warning,congestion
2025-01-01T10:50:20+00:00,se-4,server,130.62,13.54,96.83,123.83,34.72,80.87,66.41,3.22,89.41,warning,congestion
2025-01-01T10:50:25+00:00,ro-3,router,13.83,1.26,61.07,238.7,3.85,35.75,32.65,0.6,35.29,healthy,normal
2025-01-01T10:50:30+00:00,cl-1,client,213.33,12.31,92.26,161.49,26.26,75.82,42.6,5.16,91.51,warning,congestion
2025-01-01T10:50:35+00:00,da-7,database,15.74,0.16,46.21,194.85,1.21,46.18,31.22,0.06,30.02,healthy,normal
2025-01-01T10:50:40+00:00,cl-8,client,134.05,15.61,99.94,128.22,17.55,52.59,73.92,2.5,87.19,warning,congestion
2025-01-01T10:50:45+00:00,co-4,core_switch,87.59,4.79,76.39,145.07,11.79,91.39,98.17,7.69,53.27,warning,device_overload
2025-01-01T10:50:50+00:00,co-3,core_switch,142.46,2.48,98.83,486.03,27.58,88.71,66.6,2.09,99.72,warning,traffic_spike
2025-01-01T10:50:55+00:00,ro-7,router,11.24,0.98,23.34,177.7,4.63,29.35,36.43,0.54,42.59,healthy,normal
2025-01-01T10:51:00+00:00,da-7,database,322.16,90.01,1.61,2.43,98.94,7.98,1.07,51.11,1.21,warning,device_failure
2025-01-01T10:51:05+00:00,ac-6,access_switch,23.46,0.44,57.39,189.87,4.29,21.73,24.15,0.89,58.71,healthy,normal
2025-01-01T10:51:10+00:00,cl-1,client,18.33,0.8,34.87,143.65,2.55,24.59,38.32,0.53,42.08,healthy,normal
2025-01-01T10:51:15+00:00,co-5,core_switch,159.58,4.85,68.75,83.39,13.24,91.56,90.64,1.21,81.85,warning,device_overload
2025-01-01T10:51:20+00:00,ac-6,access_switch,40.65,0.92,43.62,187.73,5.57,41.39,39.82,0.42,53.09,healthy,normal
2025-01-01T10:51:25+00:00,ro-6,router,38.44,0.71,23.05,263.0,4.81,36.7,46.85,0.68,28.87,healthy,normal
2025-01-01T10:51:30+00:00,co-7,core_switch,117.3,7.3,98.53,765.4,14.26,74.77,69.22,1.35,95.08,warning,traffic_spike
2025-01-01T10:51:35+00:00,co-5,core_switch,16.82,0.56,48.43,221.07,1.77,33.38,47.5,0.83,57.51,healthy,normal
2025-01-01T10:51:40+00:00,cl-6,client,11.61,0.07,56.14,246.47,4.02,55.06,43.66,0.32,43.11,healthy,normal
2025-01-01T10:51:45+00:00,ro-8,router,122.38,6.0,92.47,641.49,13.97,83.5,51.34,4.59,98.4,warning,traffic_spike
2025-01-01T10:51:50+00:00,da-2,database,133.19,14.14,86.27,113.87,14.28,53.72,44.98,6.1,93.47,warning,congestion
2025-01-01T10:51:55+00:00,ro-1,router,10.64,0.73,26.86,304.46,5.11,50.32,51.95,0.84,32.79,healthy,normal
2025-01-01T10:52:00+00:00,da-5,database,215.4,12.15,87.41,100.16,20.75,63.72,62.94,5.65,87.53,warning,congestion
2025-01-01T10:52:05+00:00,co-3,core_switch,196.11,12.02,99.75,135.92,12.82,78.54,76.26,6.54,96.25,warning,congestion
2025-01-01T10:52:10+00:00,ac-1,access_switch,144.85,12.89,89.67,149.37,25.6,62.14,73.17,2.36,88.77,warning,congestion
2025-01-01T10:52:15+00:00,cl-8,client,190.01,15.25,99.46,99.57,14.55,50.42,58.46,4.44,98.81,warning,congestion
2025-01-01T10:52:20+00:00,cl-1,client,24.94,1.46,19.1,251.24,4.96,36.44,29.91,0.38,37.17,healthy,normal
2025-01-01T10:52:25+00:00,da-1,database,40.48,0.92,19.92,231.91,1.25,58.16,62.45,0.07,16.31,healthy,normal
2025-01-01T10:52:30+00:00,cl-2,client,444.03,95.78,5.86,1.31,87.12,10.14,0.73,47.68,5.0,offline,device_failure
2025-01-01T10:52:35+00:00,ac-4,access_switch,462.36,90.47,9.3,0.8,81.5,2.49,9.14,45.65,2.83,offline,device_failure
2025-01-01T10:52:40+00:00,da-3,database,155.33,8.0,76.52,106.73,8.56,88.13,86.48,4.63,82.87,warning,device_overload
2025-01-01T10:52:45+00:00,cl-4,client,94.98,2.74,93.78,475.13,26.89,68.64,72.99,4.99,92.98,warning,traffic_spike
2025-01-01T10:52:50+00:00,ro-3,router,17.92,0.15,28.75,236.16,3.36,21.95,57.37,0.84,29.98,healthy,normal
2025-01-01T10:52:55+00:00,co-8,core_switch,141.31,14.7,98.79,133.85,14.03,65.06,64.98,3.59,90.36,warning,congestion
2025-01-01T10:53:00+00:00,ro-8,router,142.38,7.56,94.02,79.26,23.69,61.27,61.36,2.39,91.98,warning,congestion
2025-01-01T10:53:05+00:00,se-5,server,96.38,2.36,90.15,443.54,23.62,84.42,86.53,2.64,92.66,warning,traffic_spike
2025-01-01T10:53:10+00:00,cl-5,client,37.14,0.57,44.34,189.65,4.71,45.31,34.1,0.63,29.23,healthy,normal
2025-01-01T10:53:15+00:00,co-1,core_switch,20.01,0.98,38.23,320.52,3.22,31.86,67.58,0.53,58.84,healthy,normal
2025-01-01T10:53:20+00:00,da-5,database,310.49,89.09,11.56,1.86,80.56,54.81,35.63,20.71,9.47,warning,link_failure
2025-01-01T10:53:25+00:00,da-5,database,136.62,5.55,84.62,120.79,7.66,88.19,95.01,2.21,77.68,warning,device_overload
2025-01-01T10:53:30+00:00,ac-1,access_switch,181.16,4.7,99.4,68.78,28.43,53.05,47.1,6.17,90.48,warning,congestion
2025-01-01T10:53:35+00:00,da-4,database,16.71,0.14,36.65,219.81,1.78,34.26,63.6,0.41,56.4,healthy,normal
2025-01-01T10:53:40+00:00,se-7,server,150.43,11.24,99.29,99.32,14.74,52.14,42.43,4.92,89.25,warning,congestion
2025-01-01T10:53:45+00:00,co-7,core_switch,326.56,85.26,21.88,3.88,70.7,59.04,31.97,27.19,15.28,offline,link_failure
2025-01-01T10:53:50+00:00,cl-8,client,321.07,96.8,5.29,4.44,75.94,0.86,4.96,82.97,3.56,offline,device_failure
2025-01-01T10:53:55+00:00,se-7,server,257.21,95.48,1.03,4.87,92.54,0.29,9.04,48.22,7.52,offline,device_failure
2025-01-01T10:54:00+00:00,co-5,core_switch,37.48,0.54,61.34,177.71,2.89,36.85,62.91,0.66,42.15,healthy,normal
2025-01-01T10:54:05+00:00,cl-2,client,22.6,1.34,23.89,146.21,5.32,17.41,56.56,0.36,37.5,healthy,normal
2025-01-01T10:54:10+00:00,co-5,core_switch,117.01,11.47,84.04,90.62,18.74,45.88,71.23,6.23,97.26,warning,congestion
2025-01-01T10:54:15+00:00,se-1,server,25.17,0.81,44.7,228.05,4.16,29.64,60.1,0.04,45.65,healthy,normal
2025-01-01T10:54:20+00:00,se-7,server,113.89,9.06,96.86,843.9,15.49,92.2,77.29,2.25,93.92,warning,traffic_spike
2025-01-01T10:54:25+00:00,da-6,database,353.69,88.78,4.47,7.74,64.69,2.01,0.98,49.77,5.33,offline,device_failure
2025-01-01T10:54:30+00:00,cl-1,client,39.08,1.18,47.55,302.21,3.78,16.01,25.85,0.81,52.98,healthy,normal
2025-01-01T10:54:35+00:00,da-2,database,35.09,0.69,62.5,160.65,1.1,49.61,55.0,0.84,16.64,healthy,normal
2025-01-01T10:54:40+00:00,ac-3,access_switch,243.26,92.55,18.75,18.86,88.87,58.32,53.36,20.77,3.61,offline,link_failure
2025-01-01T10:54:45+00:00,se-7,server,29.98,0.75,46.09,304.28,2.75,25.77,52.11,0.5,49.62,healthy,normal
2025-01-01T10:54:50+00:00,co-3,core_switch,77.4,8.41,90.79,491.04,25.35,94.49,83.76,2.93,95.09,warning,traffic_spike
2025-01-01T10:54:55+00:00,cl-1,client,275.51,85.39,11.06,10.86,67.59,59.97,37.44,43.28,14.7,offline,link_failure
2025-01-01T10:55:00+00:00,se-2,server,306.55,89.6,7.95,2.63,52.84,7.87,4.49,72.23,4.69,offline,device_failure
2025-01-01T10:55:05+00:00,da-6,database,472.95,78.64,18.73,13.39,59.77,34.52,66.81,36.8,2.56,offline,link_failure
2025-01-01T10:55:10+00:00,co-5,core_switch,13.11,0.77,34.1,156.17,1.79,33.08,38.59,0.33,47.93,healthy,normal
2025-01-01T10:55:15+00:00,da-3,database,39.33,1.47,22.78,181.92,2.66,53.61,56.68,0.38,38.7,healthy,normal
2025-01-01T10:55:20+00:00,ac-5,access_switch,224.35,73.19,10.49,20.09,89.65,46.14,55.54,61.21,17.29,warning,link_failure
2025-01-01T10:55:25+00:00,co-6,core_switch,475.09,91.41,4.13,3.66,65.67,4.6,8.39,40.54,1.41,offline,device_failure
2025-01-01T10:55:30+00:00,da-1,database,369.73,96.09,9.59,1.99,62.29,3.75,4.88,77.06,6.3,warning,device_failure
2025-01-01T10:55:35+00:00,co-7,core_switch,117.99,7.88,49.85,138.51,18.68,97.85,89.66,7.01,69.24,warning,device_overload
2025-01-01T10:55:40+00:00,cl-6,client,22.85,0.77,34.33,195.62,5.85,25.81,27.86,0.67,50.88,healthy,normal
2025-01-01T10:55:45+00:00,ac-6,access_switch,30.84,0.98,52.74,147.25,1.5,58.66,64.18,0.41,24.31,healthy,normal
2025-01-01T10:55:50+00:00,se-2,server,135.8,3.91,88.95,549.0,10.62,75.5,80.33,3.27,99.03,warning,traffic_spike
2025-01-01T10:55:55+00:00,cl-8,client,37.5,1.46,42.77,309.86,5.42,51.95,35.05,0.02,60.72,healthy,normal
2025-01-01T10:56:00+00:00,se-1,server,111.86,3.55,96.78,728.62,26.54,79.35,71.23,1.44,98.7,warning,traffic_spike
2025-01-01T10:56:05+00:00,cl-5,client,277.22,91.52,3.43,4.43,61.83,48.5,69.35,24.61,6.87,offline,link_failure
2025-01-01T10:56:10+00:00,cl-6,client,247.32,72.02,13.51,4.53,88.27,50.36,26.26,61.84,8.02,offline,link_failure
2025-01-01T10:56:15+00:00,se-6,server,63.04,3.35,91.75,632.2,11.61,83.5,83.08,2.12,92.2,warning,traffic_spike
2025-01-01T10:56:20+00:00,ro-7,router,25.41,1.49,58.66,176.95,3.14,35.38,56.47,0.72,48.76,healthy,normal
2025-01-01T10:56:25+00:00,ro-4,router,186.64,10.33,95.64,47.5,29.94,68.07,45.46,2.2,90.15,warning,congestion
2025-01-01T10:56:30+00:00,co-6,core_switch,20.68,0.08,37.09,296.26,3.69,56.83,44.81,0.13,26.14,healthy,normal
2025-01-01T10:56:35+00:00,cl-4,client,145.23,2.57,61.44,133.25,10.91,93.13,93.09,1.7,62.97,warning,device_overload
2025-01-01T10:56:40+00:00,se-2,server,13.5,1.12,26.62,177.55,4.42,23.66,30.69,0.67,50.25,healthy,normal
2025-01-01T10:56:45+00:00,ac-8,access_switch,30.85,0.44,32.45,248.37,3.82,31.69,33.96,0.23,18.14,healthy,normal
2025-01-01T10:56:50+00:00,cl-7,client,24.79,0.82,39.35,311.66,3.0,57.89,42.5,0.11,15.1,healthy,normal
2025-01-01T10:56:55+00:00,ac-2,access_switch,466.29,91.68,5.62,5.94,74.21,11.17,5.97,60.14,3.17,warning,device_failure
2025-01-01T10:57:00+00:00,ac-5,access_switch,40.19,1.05,42.94,121.87,2.44,25.32,64.24,0.2,15.09,healthy,normal
2025-01-01T10:57:05+00:00,cl-2,client,11.92,1.08,39.6,204.78,5.8,47.76,37.33,0.51,19.52,healthy,normal
2025-01-01T10:57:10+00:00,cl-6,client,213.53,13.05,92.54,138.49,19.78,65.23,52.16,6.95,98.34,warning,congestion
2025-01-01T10:57:15+00:00,se-3,server,36.65,0.14,41.1,172.32,4.89,43.81,57.13,0.44,51.94,healthy,normal
2025-01-01T10:57:20+00:00,ac-6,access_switch,271.48,93.95,1.23,1.89,80.72,11.02,10.52,58.49,6.71,warning,device_failure
2025-01-01T10:57:25+00:00,ro-2,router,102.14,3.61,81.31,80.65,21.46,87.37,87.15,6.05,47.73,warning,device_overload
2025-01-01T10:57:30+00:00,co-4,core_switch,25.16,0.96,40.73,260.55,4.94,55.01,58.93,0.8,30.46,healthy,normal
2025-01-01T10:57:35+00:00,se-8,server,141.98,7.93,95.28,784.74,8.17,73.84,54.78,2.19,98.95,warning,traffic_spike
2025-01-01T10:57:40+00:00,cl-8,client,35.66,0.7,23.33,139.17,1.59,54.34,48.31,0.27,29.78,healthy,normal
2025-01-01T10:57:45+00:00,ro-7,router,23.49,1.29,61.76,275.35,4.99,22.71,60.62,0.56,41.76,healthy,normal
2025-01-01T10:57:50+00:00,ac-4,access_switch,195.53,7.94,88.9,108.85,32.66,55.94,61.0,4.89,92.26,warning,congestion
2025-01-01T10:57:55+00:00,da-5,database,402.38,90.4,2.17,3.22,96.89,11.27,7.12,66.49,0.41,warning,device_failure
2025-01-01T10:58:00+00:00,ro-1,router,28.45,0.31,40.3,252.94,4.31,44.27,51.63,0.68,39.15,healthy,normal
2025-01-01T10:58:05+00:00,co-3,core_switch,60.5,5.2,96.05,742.11,26.48,86.3,75.07,1.76,90.07,warning,traffic_spike
2025-01-01T10:58:10+00:00,cl-6,client,479.03,98.75,15.87,8.28,36.42,61.79,34.61,50.47,8.74,offline,link_failure
2025-01-01T10:58:15+00:00,cl-1,client,188.93,75.76,17.7,0.08,70.29,39.84,47.54,49.68,7.8,warning,link_failure
2025-01-01T10:58:20+00:00,ro-5,router,38.4,1.1,55.94,196.54,1.76,55.32,24.54,0.61,35.79,healthy,normal
2025-01-01T10:58:25+00:00,da-6,database,153.72,8.16,97.2,45.72,28.67,67.51,73.1,4.56,96.09,warning,congestion
2025-01-01T10:58:30+00:00,co-3,core_switch,370.9,88.62,0.71,1.38,67.23,8.45,1.12,40.86,7.46,offline,device_failure
2025-01-01T10:58:35+00:00,da-3,database,24.16,0.97,29.37,123.75,5.8,19.2,59.28,0.32,32.05,healthy,normal
2025-01-01T10:58:40+00:00,da-7,database,13.08,1.08,49.92,226.64,3.47,48.72,39.88,0.6,21.0,healthy,normal
2025-01-01T10:58:45+00:00,se-3,server,138.65,7.56,95.0,827.59,8.89,72.73,78.59,4.6,95.45,warning,traffic_spike
2025-01-01T10:58:50+00:00,da-1,database,36.15,0.76,35.04,141.22,5.32,40.41,42.07,0.03,42.54,healthy,normal
2025-01-01T10:58:55+00:00,se-5,server,148.21,8.52,97.49,150.23,31.88,49.09,51.52,6.77,94.48,warning,congestion
2025-01-01T10:59:00+00:00,ac-6,access_switch,19.35,0.53,44.82,300.46,3.72,42.76,30.87,0.39,40.45,healthy,normal
2025-01-01T10:59:05+00:00,cl-4,client,19.72,0.27,55.97,210.84,4.22,31.22,32.37,0.81,56.49,healthy,normal
2025-01-01T10:59:10+00:00,ac-6,access_switch,289.5,91.24,7.41,3.08,77.41,4.83,5.33,76.79,6.95,offline,device_failure
2025-01-01T10:59:15+00:00,se-4,server,23.01,1.23,51.4,184.15,1.09,57.7,38.15,0.69,59.53,healthy,normal
2025-01-01T10:59:20+00:00,ac-3,access_switch,29.72,0.12,45.34,278.55,0.89,23.91,27.58,0.62,16.71,healthy,normal
2025-01-01T10:59:25+00:00,co-2,core_switch,126.27,4.84,99.08,447.35,17.47,91.39,82.85,1.12,98.26,warning,traffic_spike
2025-01-01T10:59:30+00:00,se-5,server,250.65,93.74,8.95,7.84,53.36,3.29,11.34,78.23,4.4,offline,device_failure
2025-01-01T10:59:35+00:00,ro-1,router,336.11,97.17,5.47,7.07,79.69,4.6,9.7,82.85,6.06,offline,device_failure
2025-01-01T10:59:40+00:00,ac-6,access_switch,29.28,0.73,34.67,279.14,4.31,25.82,60.27,0.42,18.58,healthy,normal
2025-01-01T10:59:45+00:00,se-3,server,111.78,8.66,93.69,837.11,8.02,88.21,67.4,3.16,92.97,warning,traffic_spike
2025-01-01T10:59:50+00:00,ac-4,access_switch,475.72,74.2,8.69,21.61,35.18,44.93,29.92,37.08,2.2,offline,link_failure
2025-01-01T10:59:55+00:00,cl-1,client,28.17,1.02,36.65,300.46,4.09,29.4,66.27,0.62,38.72,healthy,normal
2025-01-01T11:00:00+00:00,co-3,core_switch,365.29,89.21,20.97,0.34,44.05,59.7,52.98,44.68,10.7,offline,link_failure
2025-01-01T11:00:05+00:00,ro-6,router,178.24,5.21,99.89,88.36,34.79,77.47,52.67,4.67,88.11,warning,congestion
2025-01-01T11:00:10+00:00,da-4,database,418.47,89.5,1.87,2.09,77.67,57.8,49.75,60.6,5.92,warning,link_failure
2025-01-01T11:00:15+00:00,se-4,server,20.71,0.62,27.62,195.41,0.97,23.18,61.45,0.18,50.93,healthy,normal
2025-01-01T11:00:20+00:00,ac-3,access_switch,21.02,1.06,20.66,329.92,4.31,18.93,59.8,0.68,55.14,healthy,normal
2025-01-01T11:00:25+00:00,co-8,core_switch,243.13,99.54,7.48,4.08,65.99,11.18,1.68,61.35,5.74,offline,device_failure
2025-01-01T11:00:30+00:00,da-4,database,14.41,0.98,64.21,320.7,2.1,36.98,42.49,0.15,16.27,healthy,normal
2025-01-01T11:00:35+00:00,co-2,core_switch,39.67,0.73,40.47,265.13,2.86,38.16,43.33,0.78,40.74,healthy,normal
2025-01-01T11:00:40+00:00,se-7,server,74.84,5.64,90.83,850.15,17.02,91.43,83.18,4.33,99.64,warning,traffic_spike
2025-01-01T11:00:45+00:00,co-5,core_switch,57.75,6.21,88.8,735.5,20.36,68.26,71.17,2.02,97.46,warning,traffic_spike
2025-01-01T11:00:50+00:00,da-7,database,137.78,4.64,99.2,611.0,11.87,96.03,78.43,1.57,96.76,warning,traffic_spike
2025-01-01T11:00:55+00:00,ro-8,router,142.47,9.85,91.84,107.82,35.16,77.58,60.29,1.8,98.33,warning,congestion
2025-01-01T11:01:00+00:00,da-5,database,31.62,0.58,36.45,138.05,2.38,41.94,59.38,0.16,21.93,healthy,normal
2025-01-01T11:01:05+00:00,se-2,server,197.02,12.38,83.12,102.03,25.64,49.44,62.86,2.25,97.05,warning,congestion
2025-01-01T11:01:10+00:00,co-7,core_switch,313.57,89.13,1.17,5.12,62.81,6.33,1.22,71.11,2.12,offline,device_failure
2025-01-01T11:01:15+00:00,ro-1,router,29.35,0.0,45.64,208.11,4.3,32.13,50.38,0.14,56.6,healthy,normal
2025-01-01T11:01:20+00:00,da-6,database,111.9,4.7,49.54,154.36,22.8,87.39,84.02,7.91,55.67,warning,device_overload
2025-01-01T11:01:25+00:00,da-5,database,25.36,0.89,56.3,293.78,1.79,36.69,61.63,0.36,40.23,healthy,normal
2025-01-01T11:01:30+00:00,da-8,database,265.52,91.69,3.1,21.05,32.17,45.61,34.12,48.09,11.74,warning,link_failure
2025-01-01T11:01:35+00:00,co-3,core_switch,32.68,0.85,31.97,204.26,2.02,24.65,27.86,0.36,15.67,healthy,normal
2025-01-01T11:01:40+00:00,se-3,server,97.88,10.99,94.12,75.27,26.04,56.86,57.66,6.99,95.6,warning,congestion
2025-01-01T11:01:45+00:00,cl-6,client,139.87,10.88,96.59,66.06,28.53,63.58,56.78,1.64,86.49,warning,congestion
2025-01-01T11:01:50+00:00,da-2,database,273.57,88.62,3.3,7.51,74.63,6.49,1.57,86.41,2.82,offline,device_failure
2025-01-01T11:01:55+00:00,cl-7,client,72.13,3.84,75.78,121.06,21.83,96.67,98.38,3.03,68.58,warning,device_overload
2025-01-01T11:02:00+00:00,da-3,database,130.39,2.8,67.02,101.2,8.68,99.09,87.62,5.72,55.38,warning,device_overload
2025-01-01T11:02:05+00:00,cl-7,client,64.13,6.52,99.43,655.26,16.75,80.69,74.53,3.7,96.67,warning,traffic_spike
2025-01-01T11:02:10+00:00,ro-6,router,295.86,82.58,9.54,8.55,85.29,58.97,43.15,40.72,5.07,offline,link_failure
2025-01-01T11:02:15+00:00,da-1,database,68.16,7.13,97.96,452.6,24.72,72.11,77.83,0.64,99.1,warning,traffic_spike
2025-01-01T11:02:20+00:00,co-8,core_switch,194.27,97.16,20.98,13.74,36.27,46.93,66.18,25.19,8.76,warning,link_failure
2025-01-01T11:02:25+00:00,co-2,core_switch,32.07,0.65,50.1,327.47,1.63,26.86,48.99,0.8,25.65,healthy,normal
2025-01-01T11:02:30+00:00,ac-5,access_switch,392.08,99.49,8.85,16.94,88.55,35.47,50.33,23.44,14.92,offline,link_failure
2025-01-01T11:02:35+00:00,co-6,core_switch,27.91,0.98,23.51,312.35,5.97,53.1,53.92,0.72,48.03,healthy,normal
2025-01-01T11:02:40+00:00,se-8,server,21.37,1.42,44.09,119.66,2.82,22.08,45.47,0.08,23.06,healthy,normal
2025-01-01T11:02:45+00:00,ro-8,router,19.74,1.06,54.76,129.74,2.58,42.61,25.38,0.88,55.48,healthy,normal
2025-01-01T11:02:50+00:00,ac-6,access_switch,18.71,0.18,51.39,323.46,5.75,18.18,33.45,0.84,54.0,healthy,normal
2025-01-01T11:02:55+00:00,da-2,database,373.59,82.49,14.47,23.46,38.58,64.1,35.52,24.66,7.0,offline,link_failure
2025-01-01T11:03:00+00:00,co-6,core_switch,33.44,0.9,51.38,233.93,4.21,17.48,26.47,0.2,59.09,healthy,normal
2025-01-01T11:03:05+00:00,ro-8,router,15.27,1.48,49.28,139.22,3.5,35.31,67.58,0.87,65.8,healthy,normal
2025-01-01T11:03:10+00:00,cl-3,client,25.31,0.26,45.69,317.67,2.36,30.39,35.13,0.38,60.51,healthy,normal
2025-01-01T11:03:15+00:00,ro-5,router,195.61,12.65,84.92,95.33,15.77,61.91,60.8,1.99,92.31,warning,congestion
2025-01-01T11:03:20+00:00,cl-1,client,22.53,0.15,27.16,294.8,5.53,42.27,55.02,0.1,26.45,healthy,normal
2025-01-01T11:03:25+00:00,ac-6,access_switch,11.03,0.18,31.63,162.05,1.27,40.54,37.08,0.42,48.19,healthy,normal
2025-01-01T11:03:30+00:00,cl-5,client,239.72,74.95,4.07,9.62,47.26,35.16,53.19,34.1,16.06,offline,link_failure
2025-01-01T11:03:35+00:00,co-5,core_switch,38.66,0.11,44.46,253.42,5.93,53.21,52.12,0.04,32.67,healthy,normal
2025-01-01T11:03:40+00:00,se-3,server,24.17,0.27,33.16,179.31,3.8,25.86,39.02,0.14,45.19,healthy,normal
2025-01-01T11:03:45+00:00,co-6,core_switch,132.81,14.14,93.72,155.45,23.59,74.92,58.29,6.42,99.34,warning,congestion
2025-01-01T11:03:50+00:00,da-4,database,184.21,14.53,86.43,163.84,24.45,68.71,57.2,6.51,90.35,warning,congestion
2025-01-01T11:03:55+00:00,da-4,database,17.61,0.04,42.65,215.57,4.21,28.28,35.12,0.75,49.8,healthy,normal
2025-01-01T11:04:00+00:00,se-5,server,29.39,0.92,64.07,298.21,1.62,58.16,47.9,0.4,40.39,healthy,normal
2025-01-01T11:04:05+00:00,se-6,server,73.44,2.52,95.68,718.89,10.17,91.52,74.62,2.96,97.47,warning,traffic_spike
2025-01-01T11:04:10+00:00,da-7,database,95.71,3.65,58.02,144.43,16.82,96.11,93.67,1.52,58.41,warning,device_overload
2025-01-01T11:04:15+00:00,ac-8,access_switch,11.88,1.21,59.18,165.32,3.79,41.77,56.61,0.79,23.25,healthy,normal
2025-01-01T11:04:20+00:00,co-7,core_switch,29.74,0.05,51.66,285.98,3.48,49.99,62.58,0.16,18.25,healthy,normal
2025-01-01T11:04:25+00:00,co-6,core_switch,38.34,0.04,39.22,264.91,2.68,40.52,60.32,0.67,44.23,healthy,normal
2025-01-01T11:04:30+00:00,co-8,core_switch,11.42,0.43,21.22,187.15,3.43,25.68,50.98,0.65,25.52,healthy,normal
2025-01-01T11:04:35+00:00,co-8,core_switch,40.31,0.18,26.24,289.92,5.39,18.44,61.47,0.43,43.61,healthy,normal
2025-01-01T11:04:40+00:00,ro-3,router,140.27,6.41,47.99,130.62,19.44,94.84,96.96,1.37,64.18,warning,device_overload
2025-01-01T11:04:45+00:00,cl-4,client,66.51,7.56,98.22,789.65,11.11,87.06,79.4,1.42,93.95,warning,traffic_spike
2025-01-01T11:04:50+00:00,se-2,server,137.34,6.13,93.52,796.94,27.86,79.44,80.39,1.58,91.02,warning,traffic_spike
2025-01-01T11:04:55+00:00,co-4,core_switch,434.42,94.0,16.93,4.88,46.72,27.83,35.36,21.19,13.4,warning,link_failure
2025-01-01T11:05:00+00:00,ro-6,router,103.1,13.33,95.05,147.44,27.3,78.99,66.36,3.59,92.62,warning,congestion
2025-01-01T11:05:05+00:00,co-8,core_switch,41.16,0.04,26.21,280.44,0.83,44.72,57.0,0.49,45.36,healthy,normal
2025-01-01T11:05:10+00:00,cl-7,client,430.59,93.14,7.52,3.33,75.54,10.36,12.59,64.96,0.1,offline,device_failure
2025-01-01T11:05:15+00:00,cl-6,client,210.26,6.7,91.02,143.36,13.84,59.42,49.59,2.63,89.19,warning,congestion
2025-01-01T11:05:20+00:00,co-2,core_switch,34.19,0.44,21.14,326.76,4.13,50.72,60.36,0.62,39.06,healthy,normal
2025-01-01T11:05:25+00:00,co-1,core_switch,223.52,6.79,94.71,44.37,14.04,73.47,48.03,2.56,86.49,warning,congestion
2025-01-01T11:05:30+00:00,ro-6,router,30.24,0.59,19.85,271.86,1.24,26.41,41.27,0.66,30.25,healthy,normal
2025-01-01T11:05:35+00:00,se-8,server,451.33,83.19,11.99,11.5,47.52,42.71,45.48,62.23,6.45,offline,link_failure
2025-01-01T11:05:40+00:00,da-5,database,34.4,0.13,48.13,128.18,2.57,25.8,26.96,0.16,27.7,healthy,normal
2025-01-01T11:05:45+00:00,co-2,core_switch,154.28,2.89,45.14,136.11,12.52,93.42,95.51,6.95,77.09,warning,device_overload
2025-01-01T11:05:50+00:00,cl-8,client,22.98,1.04,58.12,254.58,2.16,59.71,44.0,0.12,32.51,healthy,normal
2025-01-01T11:05:55+00:00,co-7,core_switch,32.45,1.07,23.81,200.03,1.56,39.32,64.06,0.23,60.4,healthy,normal
2025-01-01T11:06:00+00:00,ac-3,access_switch,191.75,78.95,8.22,15.16,53.58,25.74,31.17,49.33,2.28,offline,link_failure
2025-01-01T11:06:05+00:00,ac-6,access_switch,40.92,0.29,21.34,241.91,3.62,41.09,53.25,0.6,54.01,healthy,normal
2025-01-01T11:06:10+00:00,se-1,server,392.09,73.83,10.89,19.19,69.98,23.87,43.99,21.35,1.88,offline,link_failure
2025-01-01T11:06:15+00:00,da-8,database,301.3,89.07,6.13,11.06,39.63,51.63,27.04,34.17,17.9,warning,link_failure
2025-01-01T11:06:20+00:00,ro-1,router,39.76,1.07,45.71,202.65,1.81,51.7,57.94,0.61,52.54,healthy,normal
2025-01-01T11:06:25+00:00,ac-8,access_switch,37.33,1.04,55.27,322.02,0.91,20.63,66.23,0.28,38.81,healthy,normal
2025-01-01T11:06:30+00:00,se-3,server,31.26,0.08,25.67,282.88,5.91,52.37,28.26,0.19,64.79,healthy,normal
2025-01-01T11:06:35+00:00,co-2,core_switch,27.85,0.59,25.82,142.78,5.54,19.55,26.2,0.84,19.57,healthy,normal
2025-01-01T11:06:40+00:00,ac-1,access_switch,454.54,97.87,8.88,3.3,88.34,6.83,9.62,64.97,6.3,offline,device_failure
2025-01-01T11:06:45+00:00,cl-5,client,296.38,80.18,3.85,18.82,35.41,54.87,32.36,33.59,17.87,warning,link_failure
2025-01-01T11:06:50+00:00,co-4,core_switch,11.64,0.19,48.75,310.27,1.5,50.44,43.07,0.78,55.5,healthy,normal
2025-01-01T11:06:55+00:00,cl-5,client,40.41,1.34,46.48,188.32,1.38,58.09,67.18,0.35,36.56,healthy,normal
2025-01-01T11:07:00+00:00,cl-6,client,248.83,92.83,3.74,0.2,43.23,64.8,25.74,43.99,10.7,warning,link_failure
2025-01-01T11:07:05+00:00,da-7,database,418.76,97.58,10.69,6.95,74.46,25.71,49.83,60.71,11.62,warning,link_failure
2025-01-01T11:07:10+00:00,da-7,database,426.43,91.36,3.96,12.11,73.74,27.87,30.23,59.41,2.27,warning,link_failure
2025-01-01T11:07:15+00:00,se-2,server,146.18,1.56,61.56,188.13,15.25,96.71,92.8,5.25,80.96,warning,device_overload
2025-01-01T11:07:20+00:00,se-4,server,34.67,0.27,55.98,188.82,5.92,25.4,65.53,0.37,54.01,healthy,normal
2025-01-01T11:07:25+00:00,ro-3,router,117.89,9.15,92.94,843.99,21.62,90.96,51.58,1.74,94.18,warning,traffic_spike
2025-01-01T11:07:30+00:00,ro-4,router,447.74,99.67,5.63,2.19,79.12,9.12,7.76,85.58,2.94,offline,device_failure
2025-01-01T11:07:35+00:00,da-4,database,35.89,1.46,55.84,217.53,5.68,17.54,64.08,0.76,45.19,healthy,normal
2025-01-01T11:07:40+00:00,ro-5,router,27.89,0.8,63.96,126.42,1.9,27.31,36.73,0.22,53.64,healthy,normal
2025-01-01T11:07:45+00:00,ro-4,router,34.06,0.45,44.55,185.15,4.84,24.55,60.73,0.45,27.14,healthy,normal
2025-01-01T11:07:50+00:00,se-5,server,96.64,3.49,73.14,152.6,21.24,96.86,97.82,5.47,53.39,warning,device_overload
2025-01-01T11:07:55+00:00,da-8,database,34.0,1.47,18.34,112.46,1.4,30.12,47.06,0.68,20.83,healthy,normal
2025-01-01T11:08:00+00:00,ro-7,router,128.0,13.01,86.82,63.95,31.3,64.75,65.58,2.34,96.17,warning,congestion
2025-01-01T11:08:05+00:00,ro-1,router,30.69,1.2,45.64,239.0,5.83,21.31,52.08,0.61,46.72,healthy,normal
2025-01-01T11:08:10+00:00,cl-2,client,160.76,11.26,96.15,45.51,29.33,66.57,50.82,1.78,99.57,warning,congestion
2025-01-01T11:08:15+00:00,ro-3,router,37.39,1.08,50.58,211.89,4.38,54.79,44.44,0.01,27.4,healthy,normal
2025-01-01T11:08:20+00:00,ro-6,router,68.43,7.02,59.54,174.93,20.18,89.38,84.5,2.81,59.46,warning,device_overload
2025-01-01T11:08:25+00:00,ac-1,access_switch,34.36,0.27,31.27,271.49,0.97,19.6,60.09,0.22,57.85,healthy,normal
2025-01-01T11:08:30+00:00,da-7,database,34.96,0.07,54.08,120.68,4.11,29.67,30.08,0.35,51.77,healthy,normal
2025-01-01T11:08:35+00:00,se-5,server,19.73,1.01,28.42,269.51,5.21,16.59,58.11,0.33,44.51,healthy,normal
2025-01-01T11:08:40+00:00,co-8,core_switch,36.72,1.01,56.66,169.17,3.49,44.77,62.68,0.19,55.78,healthy,normal
2025-01-01T11:08:45+00:00,ac-8,access_switch,120.37,2.81,98.46,719.37,11.5,84.69,68.61,0.99,96.31,warning,traffic_spike
2025-01-01T11:08:50+00:00,ro-1,router,24.44,0.84,21.61,236.75,4.78,56.02,28.56,0.05,59.32,healthy,normal
2025-01-01T11:08:55+00:00,da-7,database,169.51,11.58,96.77,97.96,27.04,54.51,46.04,3.87,88.0,warning,congestion
2025-01-01T11:09:00+00:00,co-6,core_switch,115.29,9.97,96.35,521.09,23.68,83.11,73.02,2.33,92.38,warning,traffic_spike
2025-01-01T11:09:05+00:00,se-4,server,34.19,1.16,37.69,161.44,4.86,54.83,56.98,0.36,64.23,healthy,normal
2025-01-01T11:09:10+00:00,ro-8,router,20.54,0.32,24.43,282.22,5.95,27.56,49.76,0.2,46.31,healthy,normal
2025-01-01T11:09:15+00:00,co-6,core_switch,36.26,0.32,26.86,181.65,5.26,27.39,47.79,0.79,34.98,healthy,normal
2025-01-01T11:09:20+00:00,ro-3,router,24.46,0.75,60.2,292.51,4.2,38.92,27.58,0.7,15.54,healthy,normal
2025-01-01T11:09:25+00:00,co-3,core_switch,257.18,75.74,12.65,17.14,82.92,56.18,34.45,56.07,10.29,offline,link_failure
2025-01-01T11:09:30+00:00,se-4,server,29.14,0.27,48.52,253.71,5.09,23.22,38.7,0.11,36.57,healthy,normal
2025-01-01T11:09:35+00:00,co-4,core_switch,198.55,14.48,96.61,76.66,13.15,63.05,71.07,5.94,94.35,warning,congestion
2025-01-01T11:09:40+00:00,ro-2,router,402.42,85.15,18.41,8.17,80.0,21.81,61.82,41.18,15.65,offline,link_failure
2025-01-01T11:09:45+00:00,se-5,server,33.71,0.26,28.66,185.25,2.59,24.45,29.07,0.26,21.56,healthy,normal
2025-01-01T11:09:50+00:00,ro-3,router,64.32,2.75,90.15,717.37,21.08,93.85,63.49,3.26,90.06,warning,traffic_spike
2025-01-01T11:09:55+00:00,se-8,server,124.5,7.71,62.59,137.06,22.17,94.87,86.34,6.29,78.18,warning,device_overload
2025-01-01T11:10:00+00:00,co-8,core_switch,34.18,1.19,43.48,322.55,1.06,58.29,57.76,0.5,41.14,healthy,normal
2025-01-01T11:10:05+00:00,se-3,server,138.9,4.13,66.51,106.41,10.53,91.38,90.59,4.93,53.15,warning,device_overload
2025-01-01T11:10:10+00:00,da-8,database,90.33,3.05,94.78,899.97,18.47,91.19,53.16,4.82,91.0,warning,traffic_spike
2025-01-01T11:10:15+00:00,ac-1,access_switch,409.86,89.2,8.45,5.31,53.08,2.62,11.15,88.95,2.31,offline,device_failure
2025-01-01T11:10:20+00:00,da-2,database,18.17,1.33,45.89,278.4,4.66,56.85,26.44,0.25,43.15,healthy,normal
2025-01-01T11:10:25+00:00,co-8,core_switch,109.49,2.76,98.36,538.31,17.84,73.42,78.02,0.88,99.37,warning,traffic_spike
2025-01-01T11:10:30+00:00,co-5,core_switch,252.1,89.1,7.7,5.93,74.09,4.6,8.96,78.54,7.8,warning,device_failure
2025-01-01T11:10:35+00:00,ro-6,router,418.24,91.7,9.51,17.57,78.99,33.46,41.17,63.71,11.04,offline,link_failure
2025-01-01T11:10:40+00:00,se-8,server,79.38,3.74,62.42,169.27,19.43,90.94,94.22,7.56,45.4,warning,device_overload
2025-01-01T11:10:45+00:00,ro-4,router,35.29,1.07,31.28,312.47,2.78,47.59,35.98,0.86,26.83,healthy,normal
2025-01-01T11:10:50+00:00,da-5,database,280.27,93.17,7.4,6.38,75.26,3.3,9.86,35.65,1.89,offline,device_failure
2025-01-01T11:10:55+00:00,se-3,server,318.47,98.28,5.76,7.23,49.63,0.13,3.52,70.21,6.49,warning,device_failure
2025-01-01T11:11:00+00:00,co-3,core_switch,311.44,92.98,6.99,3.78,50.6,6.04,1.39,84.88,6.43,offline,device_failure
2025-01-01T11:11:05+00:00,co-3,core_switch,69.14,6.96,47.94,72.9,11.65,90.86,98.31,5.29,62.57,warning,device_overload
2025-01-01T11:11:10+00:00,ac-8,access_switch,345.43,97.29,0.7,5.51,47.55,2.7,4.61,46.87,1.29,offline,device_failure
2025-01-01T11:11:15+00:00,da-3,database,137.69,8.26,95.17,477.43,21.07,93.82,73.79,2.0,93.75,warning,traffic_spike
2025-01-01T11:11:20+00:00,co-2,core_switch,112.92,5.53,85.5,163.27,24.13,51.31,67.68,1.27,95.39,warning,congestion
2025-01-01T11:11:25+00:00,ro-4,router,134.43,2.93,95.04,568.47,16.58,75.29,70.11,3.58,96.33,warning,traffic_spike
2025-01-01T11:11:30+00:00,ro-6,router,10.04,0.33,32.57,272.57,1.53,28.12,37.12,0.22,32.14,healthy,normal
2025-01-01T11:11:35+00:00,se-7,server,72.19,3.15,97.19,621.11,12.17,83.06,69.67,0.5,92.17,warning,traffic_spike
2025-01-01T11:11:40+00:00,cl-6,client,13.18,1.43,27.88,145.13,5.54,26.92,44.69,0.33,21.22,healthy,normal
2025-01-01T11:11:45+00:00,da-3,database,41.09,1.13,53.16,227.44,4.42,50.25,43.39,0.03,48.02,healthy,normal
2025-01-01T11:11:50+00:00,co-8,core_switch,17.94,1.1,35.06,169.29,0.86,43.63,64.41,0.14,26.75,healthy,normal
2025-01-01T11:11:55+00:00,cl-1,client,10.83,0.11,54.36,269.46,3.87,55.64,48.59,0.86,17.22,healthy,normal
2025-01-01T11:12:00+00:00,da-3,database,239.98,99.3,3.28,4.35,98.12,7.36,7.01,79.91,5.42,offline,device_failure
2025-01-01T11:12:05+00:00,cl-7,client,235.86,74.03,3.67,2.51,77.64,28.17,25.66,50.4,1.47,offline,link_failure
2025-01-01T11:12:10+00:00,se-4,server,33.04,0.01,39.33,289.47,2.29,48.86,64.28,0.12,32.41,healthy,normal
2025-01-01T11:12:15+00:00,ac-4,access_switch,147.84,7.98,85.5,47.37,14.76,72.8,56.43,4.11,89.12,warning,congestion
2025-01-01T11:12:20+00:00,cl-8,client,434.22,96.63,3.54,0.14,75.82,2.06,3.35,85.2,5.56,offline,device_failure
2025-01-01T11:12:25+00:00,ro-8,router,103.2,7.19,88.23,461.73,27.4,74.11,87.67,4.05,91.51,warning,traffic_spike
2025-01-01T11:12:30+00:00,da-2,database,392.59,89.55,3.97,2.28,51.94,6.28,6.01,50.42,5.27,offline,device_failure
2025-01-01T11:12:35+00:00,co-8,core_switch,153.21,5.16,89.4,56.05,31.81,46.68,74.06,4.14,96.76,warning,congestion
2025-01-01T11:12:40+00:00,ac-7,access_switch,97.35,7.79,89.79,592.28,13.57,85.27,58.59,2.91,98.48,warning,traffic_spike
2025-01-01T11:12:45+00:00,ac-7,access_switch,41.86,0.68,48.96,236.06,3.19,59.96,54.03,0.62,40.44,healthy,normal
2025-01-01T11:12:50+00:00,se-5,server,203.84,77.12,7.08,9.65,75.92,58.45,48.97,40.3,9.37,warning,link_failure
2025-01-01T11:12:55+00:00,da-4,database,87.07,5.8,89.98,603.4,21.2,82.72,50.36,2.78,93.19,warning,traffic_spike
2025-01-01T11:13:00+00:00,co-2,core_switch,122.33,6.74,99.75,818.85,22.55,87.6,66.25,4.01,97.73,warning,traffic_spike
2025-01-01T11:13:05+00:00,ac-8,access_switch,113.09,2.64,71.2,76.87,10.32,88.49,89.6,5.59,51.44,warning,device_overload
2025-01-01T11:13:10+00:00,se-1,server,143.4,9.39,88.74,68.4,21.0,58.16,69.82,2.23,87.84,warning,congestion
2025-01-01T11:13:15+00:00,se-4,server,35.51,0.5,53.92,285.88,5.18,37.8,63.31,0.45,43.17,healthy,normal
2025-01-01T11:13:20+00:00,cl-6,client,64.62,3.52,68.35,146.86,7.66,96.06,87.25,4.41,61.64,warning,device_overload
2025-01-01T11:13:25+00:00,se-2,server,57.59,3.08,97.47,887.26,24.18,86.51,71.09,1.4,98.95,warning,traffic_spike
2025-01-01T11:13:30+00:00,cl-3,client,409.53,76.98,0.64,12.84,70.0,60.48,66.48,36.49,11.1,offline,link_failure
2025-01-01T11:13:35+00:00,ro-5,router,197.58,6.06,93.44,70.26,32.87,76.35,71.08,3.56,91.42,warning,congestion
2025-01-01T11:13:40+00:00,ac-6,access_switch,27.71,0.38,29.63,143.4,2.19,55.02,59.14,0.2,38.24,healthy,normal
2025-01-01T11:13:45+00:00,cl-8,client,438.45,89.35,6.92,2.23,64.8,5.96,9.09,82.52,2.05,offline,device_failure
2025-01-01T11:13:50+00:00,co-5,core_switch,21.22,0.06,51.82,252.33,2.04,53.61,66.09,0.28,61.87,healthy,normal
2025-01-01T11:13:55+00:00,ac-8,access_switch,34.78,0.22,55.32,151.0,5.24,49.28,31.5,0.71,42.97,healthy,normal
2025-01-01T11:14:00+00:00,se-3,server,180.73,7.96,94.2,106.19,12.11,56.92,71.44,4.32,93.05,warning,congestion
2025-01-01T11:14:05+00:00,ac-4,access_switch,18.8,0.9,36.56,124.06,4.28,27.97,35.75,0.12,15.29,healthy,normal
2025-01-01T11:14:10+00:00,da-3,database,18.0,1.07,52.57,240.31,3.45,55.57,58.7,0.24,61.84,healthy,normal
2025-01-01T11:14:15+00:00,ac-6,access_switch,197.16,99.08,14.73,19.07,45.45,63.37,64.32,32.0,12.22,offline,link_failure
2025-01-01T11:14:20+00:00,ac-6,access_switch,127.2,6.76,91.15,747.34,19.91,96.64,85.28,4.24,91.22,warning,traffic_spike
2025-01-01T11:14:25+00:00,ro-6,router,31.19,1.21,28.37,320.55,2.81,53.2,53.52,0.5,52.8,healthy,normal
2025-01-01T11:14:30+00:00,ro-1,router,415.06,93.27,5.73,0.15,88.7,6.27,3.55,88.87,7.01,offline,device_failure
2025-01-01T11:14:35+00:00,se-5,server,22.01,1.13,26.7,284.9,1.74,32.26,31.28,0.33,64.33,healthy,normal
2025-01-01T11:14:40+00:00,ro-6,router,38.92,1.36,34.22,320.67,2.02,37.25,46.04,0.74,31.87,healthy,normal
2025-01-01T11:14:45+00:00,se-7,server,77.87,2.63,66.67,107.46,8.85,90.69,99.2,6.48,51.91,warning,device_overload
2025-01-01T11:14:50+00:00,ro-4,router,16.02,0.89,56.25,241.99,3.2,20.76,33.52,0.87,54.42,healthy,normal
2025-01-01T11:14:55+00:00,ac-4,access_switch,96.76,11.23,95.72,99.92,24.01,58.25,58.85,2.68,94.65,warning,congestion
2025-01-01T11:15:00+00:00,cl-1,client,15.8,0.21,21.5,240.43,4.31,21.06,66.52,0.35,26.31,healthy,normal
2025-01-01T11:15:05+00:00,se-4,server,26.43,1.42,37.92,312.17,3.31,36.33,25.8,0.73,36.48,healthy,normal
2025-01-01T11:15:10+00:00,co-2,core_switch,11.26,1.05,23.61,128.47,4.27,37.06,44.09,0.69,25.56,healthy,normal
2025-01-01T11:15:15+00:00,se-3,server,28.63,0.34,44.24,272.92,5.02,24.01,66.75,0.32,61.62,healthy,normal
2025-01-01T11:15:20+00:00,da-2,database,35.26,0.2,41.86,227.91,4.29,47.22,25.45,0.29,27.94,healthy,normal
2025-01-01T11:15:25+00:00,cl-1,client,415.81,93.3,4.41,4.48,49.0,0.28,8.86,46.01,2.45,warning,device_failure
2025-01-01T11:15:30+00:00,se-5,server,193.98,12.87,96.85,146.58,14.96,53.53,48.88,3.35,98.37,warning,congestion
2025-01-01T11:15:35+00:00,da-6,database,100.28,7.98,92.2,500.37,18.43,91.72,54.47,1.13,90.64,warning,traffic_spike
2025-01-01T11:15:40+00:00,cl-4,client,241.63,76.62,5.67,2.73,84.26,63.9,64.29,51.55,15.18,offline,link_failure
2025-01-01T11:15:45+00:00,ac-2,access_switch,160.89,13.14,84.8,133.36,30.81,58.36,76.02,1.52,94.66,warning,congestion
2025-01-01T11:15:50+00:00,se-4,server,13.75,0.59,25.93,269.0,3.8,34.1,48.06,0.43,21.78,healthy,normal
2025-01-01T11:15:55+00:00,co-2,core_switch,33.37,1.27,42.1,317.47,1.1,44.55,67.08,0.47,44.11,healthy,normal
2025-01-01T11:16:00+00:00,da-1,database,143.37,7.43,50.83,86.71,16.16,98.61,85.17,7.95,51.91,warning,device_overload
2025-01-01T11:16:05+00:00,se-4,server,24.71,0.72,37.07,140.99,2.98,37.97,55.81,0.67,40.93,healthy,normal
2025-01-01T11:16:10+00:00,da-8,database,136.9,2.36,47.7,106.57,14.84,87.67,89.83,5.54,64.25,warning,device_overload
2025-01-01T11:16:15+00:00,da-8,database,367.32,98.28,2.13,2.26,82.52,9.31,8.15,84.81,0.87,offline,device_failure
2025-01-01T11:16:20+00:00,co-5,core_switch,40.49,1.47,33.9,227.52,0.83,55.83,62.99,0.55,29.03,healthy,normal
2025-01-01T11:16:25+00:00,se-3,server,23.06,0.02,44.13,122.24,5.14,16.13,65.31,0.16,41.69,healthy,normal
2025-01-01T11:16:30+00:00,da-6,database,268.65,97.98,6.26,5.42,97.68,6.14,1.49,41.34,5.07,offline,device_failure
2025-01-01T11:16:35+00:00,ro-1,router,39.13,0.14,64.76,230.94,4.83,17.68,50.59,0.16,36.77,healthy,normal
2025-01-01T11:16:40+00:00,se-2,server,161.75,7.22,49.65,189.32,15.38,95.65,94.63,1.11,53.86,warning,device_overload
2025-01-01T11:16:45+00:00,da-2,database,87.0,12.21,87.11,168.67,20.11,51.78,44.26,6.99,99.81,warning,congestion
2025-01-01T11:16:50+00:00,ro-8,router,17.24,1.39,21.53,327.0,4.02,39.82,45.55,0.58,46.9,healthy,normal
2025-01-01T11:16:55+00:00,ro-1,router,17.03,0.14,27.12,115.18,3.92,27.76,26.4,0.38,17.11,healthy,normal
2025-01-01T11:17:00+00:00,cl-4,client,91.15,4.26,91.78,824.04,19.04,80.85,57.38,1.68,90.37,warning,traffic_spike
2025-01-01T11:17:05+00:00,ac-7,access_switch,181.97,12.35,92.07,72.44,15.11,65.9,63.06,1.47,97.97,warning,congestion
2025-01-01T11:17:10+00:00,se-4,server,90.94,8.07,99.23,156.56,29.77,79.66,66.74,1.93,92.08,warning,congestion
2025-01-01T11:17:15+00:00,se-4,server,297.4,94.78,6.75,7.97,45.78,8.39,4.38,64.01,3.27,warning,device_failure
2025-01-01T11:17:20+00:00,ac-6,access_switch,283.79,89.21,2.05,0.61,71.73,11.89,11.87,82.74,6.56,offline,device_failure
2025-01-01T11:17:25+00:00,cl-5,client,13.95,0.62,57.7,235.3,1.0,59.18,63.65,0.69,51.3,healthy,normal
2025-01-01T11:17:30+00:00,co-2,core_switch,15.36,0.54,56.98,299.79,4.75,50.6,30.13,0.74,58.87,healthy,normal
2025-01-01T11:17:35+00:00,cl-4,client,222.63,9.8,99.45,99.52,28.75,68.74,76.18,6.06,91.09,warning,congestion
2025-01-01T11:17:40+00:00,ro-6,router,16.38,0.74,48.45,160.11,4.62,40.09,61.7,0.39,49.58,healthy,normal
2025-01-01T11:17:45+00:00,co-1,core_switch,420.91,88.05,3.88,4.62,82.8,5.78,1.36,60.55,5.63,offline,device_failure
2025-01-01T11:17:50+00:00,ro-4,router,34.32,0.07,33.05,156.02,1.89,42.2,33.37,0.87,39.56,healthy,normal
2025-01-01T11:17:55+00:00,se-4,server,16.41,0.59,58.64,250.48,5.81,39.22,64.54,0.81,35.51,healthy,normal
2025-01-01T11:18:00+00:00,co-4,core_switch,33.62,0.2,37.65,225.0,1.43,45.47,32.63,0.43,43.04,healthy,normal
2025-01-01T11:18:05+00:00,ac-3,access_switch,103.7,5.3,84.54,151.41,18.67,91.15,88.03,6.18,75.21,warning,device_overload
2025-01-01T11:18:10+00:00,ro-7,router,12.44,1.17,57.84,277.06,3.41,23.28,34.34,0.32,19.46,healthy,normal
2025-01-01T11:18:15+00:00,ac-2,access_switch,150.84,2.86,80.01,86.74,18.91,99.48,91.41,7.32,53.99,warning,device_overload
2025-01-01T11:18:20+00:00,ro-7,router,27.33,0.67,57.37,250.89,5.0,32.76,36.63,0.54,67.0,healthy,normal
2025-01-01T11:18:25+00:00,da-8,database,13.61,0.96,55.08,148.14,4.37,59.43,33.84,0.21,15.01,healthy,normal
2025-01-01T11:18:30+00:00,co-4,core_switch,34.64,0.13,21.64,157.72,2.41,25.47,42.93,0.54,65.05,healthy,normal
2025-01-01T11:18:35+00:00,co-4,core_switch,229.89,80.99,2.21,13.24,69.85,36.61,50.62,56.01,17.4,warning,link_failure
2025-01-01T11:18:40+00:00,da-3,database,97.98,6.71,76.13,118.46,14.47,95.94,90.81,1.69,52.22,warning,device_overload
2025-01-01T11:18:45+00:00,da-5,database,17.46,0.12,47.43,240.92,5.82,51.1,58.61,0.24,39.25,healthy,normal
2025-01-01T11:18:50+00:00,co-4,core_switch,303.15,72.56,20.77,22.84,72.86,24.87,70.79,20.85,2.06,warning,link_failure
2025-01-01T11:18:55+00:00,ac-4,access_switch,300.49,99.56,9.22,5.74,74.16,2.04,4.66,39.45,3.09,warning,device_failure
2025-01-01T11:19:00+00:00,ro-7,router,98.58,8.01,96.09,159.92,37.12,71.75,70.74,3.36,87.59,warning,congestion
2025-01-01T11:19:05+00:00,se-3,server,20.66,0.31,41.38,135.29,5.6,53.76,30.62,0.83,61.79,healthy,normal
2025-01-01T11:19:10+00:00,co-5,core_switch,343.68,90.03,0.42,22.5,32.37,29.45,61.91,20.43,6.97,warning,link_failure
2025-01-01T11:19:15+00:00,se-5,server,28.8,1.45,45.18,147.22,4.01,26.88,52.39,0.61,51.31,healthy,normal
2025-01-01T11:19:20+00:00,da-6,database,196.68,8.68,83.9,162.8,14.73,70.25,73.58,2.61,88.52,warning,congestion
2025-01-01T11:19:25+00:00,co-6,core_switch,22.29,0.19,22.88,154.52,2.73,31.99,54.09,0.1,52.28,healthy,normal
2025-01-01T11:19:30+00:00,co-7,core_switch,116.75,6.37,94.83,565.95,11.38,97.99,73.59,3.95,95.62,warning,traffic_spike
2025-01-01T11:19:35+00:00,ro-1,router,16.2,0.1,50.76,289.55,5.92,16.9,62.34,0.33,66.16,healthy,normal
2025-01-01T11:19:40+00:00,ro-7,router,78.53,8.67,91.08,850.2,27.17,74.57,73.31,3.39,95.92,warning,traffic_spike
2025-01-01T11:19:45+00:00,ro-8,router,404.98,90.47,6.88,0.11,97.07,7.88,1.19,59.62,1.65,warning,device_failure
2025-01-01T11:19:50+00:00,se-8,server,39.29,1.2,51.16,150.5,4.74,51.22,25.4,0.77,31.95,healthy,normal
2025-01-01T11:19:55+00:00,ac-6,access_switch,110.51,2.1,89.01,473.34,21.13,96.36,81.1,1.75,92.48,warning,traffic_spike
2025-01-01T11:20:00+00:00,cl-1,client,126.52,6.83,71.25,184.8,15.77,88.18,93.23,4.78,45.82,warning,device_overload
2025-01-01T11:20:05+00:00,se-4,server,158.64,15.71,93.71,47.16,18.36,65.66,50.4,1.74,88.79,warning,congestion
2025-01-01T11:20:10+00:00,ro-4,router,32.29,0.35,62.7,184.69,5.78,43.39,64.33,0.27,66.19,healthy,normal
2025-01-01T11:20:15+00:00,ro-2,router,19.25,1.28,35.11,314.0,1.62,24.1,25.06,0.6,35.1,healthy,normal
2025-01-01T11:20:20+00:00,ro-7,router,81.89,7.96,96.34,648.3,10.9,85.3,68.59,0.84,99.16,warning,traffic_spike
2025-01-01T11:20:25+00:00,se-1,server,38.24,1.22,47.4,234.45,2.59,44.74,44.43,0.77,58.35,healthy,normal
2025-01-01T11:20:30+00:00,se-6,server,85.14,2.21,99.92,775.76,15.94,81.58,83.79,4.51,97.42,warning,traffic_spike
2025-01-01T11:20:35+00:00,da-1,database,348.1,95.86,15.21,21.28,66.56,41.16,31.61,42.95,17.99,warning,link_failure
2025-01-01T11:20:40+00:00,ac-6,access_switch,62.25,6.13,88.77,762.04,21.83,73.89,55.96,2.97,96.19,warning,traffic_spike
2025-01-01T11:20:45+00:00,cl-2,client,132.07,1.49,62.94,62.64,12.01,90.78,89.99,7.13,84.95,warning,device_overload
2025-01-01T11:20:50+00:00,co-2,core_switch,99.3,4.17,93.11,511.94,22.36,86.27,79.39,1.13,92.52,warning,traffic_spike
2025-01-01T11:20:55+00:00,da-3,database,103.67,9.29,95.65,47.26,29.28,53.12,49.12,5.92,88.46,warning,congestion
2025-01-01T11:21:00+00:00,co-3,core_switch,74.5,6.72,69.54,144.48,19.68,92.47,94.5,4.14,87.9,warning,device_overload
2025-01-01T11:21:05+00:00,cl-5,client,28.73,1.24,56.69,146.32,3.58,24.54,56.82,0.89,33.51,healthy,normal
2025-01-01T11:21:10+00:00,co-5,core_switch,151.48,7.9,90.81,43.35,33.6,74.21,57.02,3.3,95.88,warning,congestion
2025-01-01T11:21:15+00:00,ac-7,access_switch,92.39,2.67,60.52,72.26,14.06,88.21,85.4,2.86,55.81,warning,device_overload
2025-01-01T11:21:20+00:00,se-6,server,341.12,98.03,5.57,0.17,81.12,0.02,4.18,59.91,4.96,offline,device_failure
2025-01-01T11:21:25+00:00,ro-4,router,177.41,13.02,83.46,112.94,33.07,54.64,64.63,1.19,96.92,warning,congestion
2025-01-01T11:21:30+00:00,ro-7,router,31.51,0.34,37.45,147.55,5.56,45.3,37.47,0.78,64.56,healthy,normal
2025-01-01T11:21:35+00:00,se-7,server,24.3,0.4,24.95,125.05,5.63,34.23,65.28,0.43,24.32,healthy,normal
2025-01-01T11:21:40+00:00,ac-8,access_switch,193.56,9.36,86.38,152.2,33.13,69.4,70.25,1.72,90.01,warning,congestion
2025-01-01T11:21:45+00:00,se-6,server,39.38,0.72,21.38,152.76,1.64,39.08,60.31,0.63,53.36,healthy,normal
2025-01-01T11:21:50+00:00,co-3,core_switch,24.44,0.55,57.19,244.39,2.76,25.45,64.22,0.25,23.35,healthy,normal
2025-01-01T11:21:55+00:00,da-2,database,38.01,0.09,31.89,229.63,4.74,55.22,24.22,0.16,47.64,healthy,normal
2025-01-01T11:22:00+00:00,cl-6,client,23.04,0.16,55.43,287.25,5.92,18.48,40.68,0.61,55.75,healthy,normal
2025-01-01T11:22:05+00:00,ac-6,access_switch,89.77,5.08,80.44,64.71,19.07,98.34,98.76,2.26,67.73,warning,device_overload
2025-01-01T11:22:10+00:00,ro-2,router,39.87,0.4,36.05,145.7,1.54,43.69,60.26,0.6,22.76,healthy,normal
2025-01-01T11:22:15+00:00,co-2,core_switch,186.91,11.88,86.68,133.05,12.62,69.45,77.22,5.74,93.13,warning,congestion
2025-01-01T11:22:20+00:00,co-3,core_switch,117.87,4.44,83.7,165.56,31.25,67.53,42.28,6.85,91.95,warning,congestion
2025-01-01T11:22:25+00:00,ac-5,access_switch,74.39,3.13,64.83,174.73,19.33,87.45,99.92,2.8,51.37,warning,device_overload
2025-01-01T11:22:30+00:00,co-4,core_switch,124.21,6.71,55.23,105.71,21.58,90.0,84.61,4.65,65.66,warning,device_overload
2025-01-01T11:22:35+00:00,ro-3,router,478.79,93.63,1.79,2.61,84.57,2.99,5.53,73.94,5.35,offline,device_failure
2025-01-01T11:22:40+00:00,co-2,core_switch,56.7,3.5,89.09,771.36,26.94,69.66,71.56,4.23,96.38,warning,traffic_spike
2025-01-01T11:22:45+00:00,se-3,server,69.79,6.73,92.98,758.2,23.24,89.02,54.51,3.8,92.39,warning,traffic_spike
2025-01-01T11:22:50+00:00,ac-3,access_switch,25.84,1.31,40.39,200.67,1.76,34.59,58.14,0.89,44.63,healthy,normal
2025-01-01T11:22:55+00:00,ro-4,router,74.89,6.03,80.57,178.75,14.71,99.3,87.84,6.13,54.88,warning,device_overload
2025-01-01T11:23:00+00:00,cl-7,client,36.71,0.07,53.76,301.5,3.58,28.47,54.92,0.04,42.05,healthy,normal
2025-01-01T11:23:05+00:00,ac-2,access_switch,11.22,0.62,44.04,256.91,5.78,39.73,40.16,0.14,46.43,healthy,normal
2025-01-01T11:23:10+00:00,ac-1,access_switch,11.4,0.5,47.94,183.36,3.95,43.29,47.05,0.39,58.42,healthy,normal
2025-01-01T11:23:15+00:00,se-3,server,136.01,15.19,86.62,77.54,26.84,67.85,55.13,3.51,98.3,warning,congestion
2025-01-01T11:23:20+00:00,co-5,core_switch,17.41,0.81,51.97,254.63,4.26,16.56,63.85,0.4,37.62,healthy,normal
2025-01-01T11:23:25+00:00,ro-8,router,118.82,5.75,81.33,89.29,10.18,96.46,99.95,2.96,80.68,warning,device_overload
2025-01-01T11:23:30+00:00,ro-4,router,149.15,6.04,96.4,112.7,31.3,70.62,72.27,6.04,96.16,warning,congestion
2025-01-01T11:23:35+00:00,cl-4,client,98.94,9.14,99.87,885.39,23.9,71.8,82.12,3.42,95.43,warning,traffic_spike
2025-01-01T11:23:40+00:00,cl-1,client,159.36,10.62,93.79,142.24,18.17,75.63,50.75,5.28,94.75,warning,congestion
2025-01-01T11:23:45+00:00,cl-2,client,456.73,90.24,12.67,22.27,79.71,48.52,60.85,36.32,12.5,warning,link_failure
2025-01-01T11:23:50+00:00,da-7,database,41.38,0.79,31.27,215.46,4.34,46.43,63.99,0.83,45.72,healthy,normal
2025-01-01T11:23:55+00:00,ac-5,access_switch,14.99,0.14,50.84,247.51,2.99,43.21,46.52,0.09,47.7,healthy,normal
2025-01-01T11:24:00+00:00,co-3,core_switch,184.82,6.75,97.43,99.76,25.12,60.1,67.24,4.8,91.32,warning,congestion
2025-01-01T11:24:05+00:00,se-2,server,27.24,0.24,63.25,219.01,3.65,56.73,52.82,0.89,51.74,healthy,normal
2025-01-01T11:24:10+00:00,cl-5,client,12.68,0.85,49.17,160.52,1.2,52.84,45.96,0.44,34.55,healthy,normal
2025-01-01T11:24:15+00:00,ro-5,router,28.32,0.05,49.72,179.15,2.32,44.83,29.0,0.14,58.01,healthy,normal
2025-01-01T11:24:20+00:00,ac-5,access_switch,10.83,0.65,51.16,250.24,4.41,27.53,47.49,0.86,45.9,healthy,normal
2025-01-01T11:24:25+00:00,se-7,server,438.54,88.68,2.9,5.21,67.99,0.75,5.42,65.22,5.93,warning,device_failure
2025-01-01T11:24:30+00:00,ac-8,access_switch,88.65,5.28,61.44,175.39,21.21,96.7,91.36,1.11,49.43,warning,device_overload
2025-01-01T11:24:35+00:00,ac-1,access_switch,118.2,6.57,84.6,84.42,14.14,93.59,87.83,3.54,52.22,warning,device_overload
2025-01-01T11:24:40+00:00,co-4,core_switch,273.43,93.21,9.36,2.74,87.84,6.79,2.99,77.71,0.94,offline,device_failure
2025-01-01T11:24:45+00:00,ro-1,router,61.74,6.99,96.93,539.97,14.04,81.05,75.75,0.55,96.8,warning,traffic_spike
2025-01-01T11:24:50+00:00,ro-6,router,20.89,1.23,54.64,122.43,3.06,32.8,53.84,0.3,44.19,healthy,normal
2025-01-01T11:24:55+00:00,co-4,core_switch,12.85,0.07,28.87,297.79,3.19,32.54,51.28,0.87,26.17,healthy,normal
2025-01-01T11:25:00+00:00,co-2,core_switch,15.7,0.82,61.58,199.56,1.18,27.64,49.8,0.0,23.08,healthy,normal
2025-01-01T11:25:05+00:00,da-6,database,219.06,14.03,87.45,104.08,19.99,66.19,62.1,2.6,99.38,warning,congestion
2025-01-01T11:25:10+00:00,da-1,database,31.2,0.27,32.31,169.63,3.61,42.96,27.98,0.54,55.83,healthy,normal
2025-01-01T11:25:15+00:00,cl-6,client,21.75,1.0,32.9,276.05,4.75,42.26,30.09,0.8,44.6,healthy,normal
2025-01-01T11:25:20+00:00,ro-6,router,28.39,0.97,29.82,290.41,4.87,17.8,43.01,0.33,33.08,healthy,normal
2025-01-01T11:25:25+00:00,se-2,server,36.52,0.14,60.06,140.21,5.86,20.56,53.47,0.04,42.7,healthy,normal
2025-01-01T11:25:30+00:00,ac-3,access_switch,25.6,0.99,56.24,216.74,1.04,20.63,52.31,0.8,63.77,healthy,normal
2025-01-01T11:25:35+00:00,ac-1,access_switch,163.24,4.39,81.79,85.61,11.29,95.74,95.62,5.91,61.44,warning,device_overload
2025-01-01T11:25:40+00:00,da-2,database,39.94,1.17,45.84,319.62,2.36,16.24,44.94,0.49,65.22,healthy,normal
2025-01-01T11:25:45+00:00,da-7,database,133.82,7.02,57.35,127.23,19.94,90.4,97.63,7.32,78.92,warning,device_overload
2025-01-01T11:25:50+00:00,se-7,server,185.61,89.47,8.92,6.62,78.89,26.69,39.17,60.8,2.29,warning,link_failure
2025-01-01T11:25:55+00:00,co-2,core_switch,164.55,7.91,58.28,167.63,16.06,88.29,96.11,1.0,85.43,warning,device_overload
2025-01-01T11:26:00+00:00,ro-2,router,427.94,87.31,3.26,1.23,30.04,49.73,59.44,62.27,15.34,offline,link_failure
2025-01-01T11:26:05+00:00,co-7,core_switch,21.04,0.83,46.93,198.68,4.4,22.32,58.03,0.27,44.4,healthy,normal
2025-01-01T11:26:10+00:00,se-4,server,88.92,4.69,97.27,657.81,13.92,83.69,65.48,3.14,91.38,warning,traffic_spike
2025-01-01T11:26:15+00:00,co-3,core_switch,202.08,8.83,96.13,76.08,16.09,74.86,73.67,4.71,94.18,warning,congestion
2025-01-01T11:26:20+00:00,ac-5,access_switch,221.69,4.65,95.73,169.54,18.81,75.19,69.04,5.8,86.03,warning,congestion
2025-01-01T11:26:25+00:00,da-2,database,324.18,83.77,16.73,23.85,47.95,22.74,61.91,60.62,13.25,offline,link_failure
2025-01-01T11:26:30+00:00,ro-7,router,30.11,0.95,37.38,146.42,5.42,37.84,28.73,0.4,32.88,healthy,normal
2025-01-01T11:26:35+00:00,ro-3,router,41.46,0.41,30.92,283.43,4.73,25.32,60.36,0.52,63.2,healthy,normal
2025-01-01T11:26:40+00:00,cl-5,client,137.53,7.67,87.95,64.72,31.34,64.56,66.8,5.17,87.24,warning,congestion
2025-01-01T11:26:45+00:00,ac-8,access_switch,30.02,0.46,41.34,229.04,4.51,58.92,37.06,0.34,20.04,healthy,normal
2025-01-01T11:26:50+00:00,ac-5,access_switch,152.94,3.49,45.29,162.82,15.75,87.54,94.01,1.77,82.12,warning,device_overload
2025-01-01T11:26:55+00:00,co-7,core_switch,36.56,0.22,34.53,132.67,5.55,44.78,36.74,0.18,39.71,healthy,normal
2025-01-01T11:27:00+00:00,cl-8,client,348.94,88.07,0.36,4.9,81.88,3.28,12.44,51.21,2.71,offline,device_failure
2025-01-01T11:27:05+00:00,ro-8,router,106.6,8.05,94.83,691.95,16.88,71.99,52.41,4.27,97.33,warning,traffic_spike
2025-01-01T11:27:10+00:00,ac-5,access_switch,72.42,5.54,92.61,800.56,17.23,72.35,69.33,1.81,99.05,warning,traffic_spike
2025-01-01T11:27:15+00:00,da-4,database,36.45,0.24,32.5,275.06,5.36,51.44,67.47,0.71,22.51,healthy,normal
2025-01-01T11:27:20+00:00,ro-2,router,40.64,1.02,41.93,296.67,1.54,30.31,30.21,0.35,34.9,healthy,normal
2025-01-01T11:27:25+00:00,ac-1,access_switch,26.94,0.68,49.56,217.26,3.95,34.04,50.24,0.7,44.69,healthy,normal
2025-01-01T11:27:30+00:00,ro-7,router,35.41,0.91,57.3,291.16,3.71,40.22,58.62,0.73,59.52,healthy,normal
2025-01-01T11:27:35+00:00,ro-2,router,41.23,0.79,31.1,242.23,4.07,23.88,42.86,0.82,62.73,healthy,normal
2025-01-01T11:27:40+00:00,ro-6,router,17.98,1.49,27.84,269.14,2.85,22.68,26.01,0.42,57.77,healthy,normal
2025-01-01T11:27:45+00:00,co-2,core_switch,141.57,6.56,62.41,177.2,18.97,97.86,95.65,2.02,82.17,warning,device_overload
2025-01-01T11:27:50+00:00,se-8,server,410.41,88.08,2.04,4.55,97.03,8.11,3.72,83.58,5.97,warning,device_failure
2025-01-01T11:27:55+00:00,co-7,core_switch,21.7,0.0,48.57,229.6,1.02,31.64,40.31,0.33,23.86,healthy,normal
2025-01-01T11:28:00+00:00,se-3,server,39.1,1.05,25.85,116.32,1.9,31.42,27.65,0.09,15.52,healthy,normal
2025-01-01T11:28:05+00:00,cl-8,client,228.75,79.48,12.81,18.42,85.89,30.71,59.61,60.0,13.15,offline,link_failure
2025-01-01T11:28:10+00:00,co-6,core_switch,373.92,76.82,4.25,13.98,64.97,26.88,25.01,34.88,13.0,offline,link_failure
2025-01-01T11:28:15+00:00,ac-2,access_switch,75.64,1.64,45.89,172.62,15.71,96.41,92.98,2.11,79.04,warning,device_overload
2025-01-01T11:28:20+00:00,cl-5,client,354.5,82.43,18.13,14.23,45.91,62.33,58.49,48.82,16.48,offline,link_failure
2025-01-01T11:28:25+00:00,da-2,database,28.53,0.75,25.9,201.03,0.85,44.44,50.77,0.46,36.3,healthy,normal
2025-01-01T11:28:30+00:00,ro-4,router,41.51,0.42,57.72,141.79,5.92,37.8,41.85,0.45,61.17,healthy,normal
2025-01-01T11:28:35+00:00,co-8,core_switch,313.49,91.48,8.51,1.41,98.43,5.21,0.14,56.86,5.43,offline,device_failure
2025-01-01T11:28:40+00:00,da-5,database,39.54,1.12,36.03,294.08,4.93,22.0,31.43,0.48,19.07,healthy,normal
2025-01-01T11:28:45+00:00,ro-6,router,39.14,0.74,42.94,127.13,1.94,56.22,58.15,0.17,55.41,healthy,normal
2025-01-01T11:28:50+00:00,co-8,core_switch,37.17,1.14,21.2,196.82,2.51,16.32,53.63,0.44,42.02,healthy,normal
2025-01-01T11:28:55+00:00,ro-4,router,389.52,96.82,1.94,2.35,95.34,11.3,9.66,74.55,6.99,offline,device_failure
2025-01-01T11:29:00+00:00,cl-3,client,113.76,14.68,88.64,90.06,18.82,64.25,56.89,5.91,95.88,warning,congestion
2025-01-01T11:29:05+00:00,co-6,core_switch,23.11,0.44,61.12,155.02,3.56,24.74,65.04,0.62,30.01,healthy,normal
2025-01-01T11:29:10+00:00,ro-3,router,28.4,1.17,23.39,187.75,5.76,36.03,45.26,0.58,65.19,healthy,normal
2025-01-01T11:29:15+00:00,se-6,server,67.82,7.96,89.33,643.12,20.57,69.94,55.73,1.25,96.73,warning,traffic_spike
2025-01-01T11:29:20+00:00,se-4,server,16.12,0.75,51.98,151.56,1.2,22.96,59.33,0.27,54.74,healthy,normal
2025-01-01T11:29:25+00:00,da-2,database,36.25,0.0,58.68,285.18,5.37,19.42,45.78,0.08,16.24,healthy,normal
2025-01-01T11:29:30+00:00,ac-4,access_switch,32.74,0.84,53.89,114.76,4.57,47.69,49.82,0.42,46.42,healthy,normal
2025-01-01T11:29:35+00:00,se-8,server,87.65,2.4,91.98,892.22,17.9,88.95,74.26,2.17,91.3,warning,traffic_spike
2025-01-01T11:29:40+00:00,ro-4,router,22.35,1.06,27.21,150.17,1.86,26.76,44.15,0.09,58.05,healthy,normal
2025-01-01T11:29:45+00:00,se-1,server,467.78,98.05,9.74,4.59,64.14,10.78,7.02,88.09,7.29,offline,device_failure
2025-01-01T11:29:50+00:00,co-4,core_switch,35.93,0.67,62.12,319.68,1.64,18.17,43.4,0.53,44.71,healthy,normal
2025-01-01T11:29:55+00:00,ac-7,access_switch,34.27,0.67,20.09,231.56,0.8,28.69,66.35,0.02,35.5,healthy,normal
2025-01-01T11:30:00+00:00,co-2,core_switch,25.8,0.81,40.33,114.53,1.87,54.36,28.11,0.87,54.45,healthy,normal
2025-01-01T11:30:05+00:00,cl-2,client,23.64,0.63,62.83,244.79,3.35,59.07,34.06,0.79,33.45,healthy,normal
2025-01-01T11:30:10+00:00,se-3,server,126.62,3.16,94.31,814.88,12.8,82.55,74.78,0.68,90.02,warning,traffic_spike
2025-01-01T11:30:15+00:00,cl-5,client,171.46,14.47,88.38,68.1,37.96,66.34,60.76,3.91,98.35,warning,congestion
2025-01-01T11:30:20+00:00,da-1,database,30.7,0.69,64.69,327.13,3.57,59.8,52.96,0.67,36.53,healthy,normal
2025-01-01T11:30:25+00:00,ro-3,router,18.68,0.05,37.08,212.72,0.94,26.47,37.57,0.19,15.29,healthy,normal
2025-01-01T11:30:30+00:00,ac-7,access_switch,74.73,7.98,92.51,887.48,20.39,82.25,62.99,4.0,93.62,warning,traffic_spike
2025-01-01T11:30:35+00:00,ro-5,router,37.45,1.12,39.44,328.18,2.71,57.24,37.86,0.0,53.05,healthy,normal
2025-01-01T11:30:40+00:00,ro-8,router,69.44,9.42,88.96,542.79,10.94,83.09,52.03,1.46,99.03,warning,traffic_spike
2025-01-01T11:30:45+00:00,co-1,core_switch,243.88,92.85,0.09,2.76,72.4,7.12,9.92,57.97,3.58,warning,device_failure
2025-01-01T11:30:50+00:00,se-8,server,58.18,9.84,95.33,478.08,26.78,95.28,80.85,4.05,97.17,warning,traffic_spike
2025-01-01T11:30:55+00:00,se-6,server,26.23,1.19,39.89,235.68,3.4,42.91,35.37,0.57,61.81,healthy,normal
2025-01-01T11:31:00+00:00,cl-3,client,396.82,78.25,18.89,7.46,71.11,22.85,31.51,32.59,10.1,offline,link_failure
2025-01-01T11:31:05+00:00,ac-6,access_switch,26.81,1.44,24.5,154.71,3.54,19.38,26.89,0.68,19.77,healthy,normal
2025-01-01T11:31:10+00:00,ac-1,access_switch,22.14,1.4,33.28,264.0,4.09,36.36,63.73,0.38,44.23,healthy,normal
2025-01-01T11:31:15+00:00,se-6,server,117.18,8.18,88.72,103.45,36.39,56.62,63.56,5.57,88.75,warning,congestion
2025-01-01T11:31:20+00:00,da-4,database,23.36,0.63,38.97,298.35,2.03,58.84,57.09,0.55,30.91,healthy,normal
2025-01-01T11:31:25+00:00,se-4,server,81.94,7.33,95.43,630.03,16.93,88.29,71.01,3.57,99.16,warning,traffic_spike
2025-01-01T11:31:30+00:00,da-7,database,165.36,4.41,81.85,102.66,14.1,89.19,94.67,6.96,49.51,warning,device_overload
2025-01-01T11:31:35+00:00,ro-2,router,117.02,3.96,90.39,682.47,22.06,97.53,62.35,1.18,90.52,warning,traffic_spike
2025-01-01T11:31:40+00:00,se-5,server,444.06,92.26,15.09,5.9,71.96,35.49,68.88,63.34,10.78,warning,link_failure
2025-01-01T11:31:45+00:00,co-7,core_switch,164.42,5.73,57.08,79.87,8.92,94.41,90.19,2.12,79.6,warning,device_overload
2025-01-01T11:31:50+00:00,da-6,database,275.57,83.05,12.51,0.37,77.31,29.94,34.69,32.93,2.77,warning,link_failure
2025-01-01T11:31:55+00:00,co-5,core_switch,38.08,1.21,33.94,215.86,1.91,31.16,33.4,0.59,44.58,healthy,normal
2025-01-01T11:32:00+00:00,ro-8,router,29.92,0.1,33.07,261.11,1.05,52.57,46.41,0.57,27.49,healthy,normal
2025-01-01T11:32:05+00:00,se-8,server,113.24,10.66,95.26,122.34,24.45,70.62,70.18,3.81,98.16,warning,congestion
2025-01-01T11:32:10+00:00,ro-7,router,410.94,93.91,1.76,5.07,67.38,0.87,0.05,70.84,7.4,offline,device_failure
2025-01-01T11:32:15+00:00,co-6,core_switch,93.52,13.41,98.54,119.86,33.3,72.97,45.78,6.5,89.93,warning,congestion
2025-01-01T11:32:20+00:00,se-7,server,112.55,6.13,91.5,836.79,24.21,87.22,68.77,4.88,91.35,warning,traffic_spike
2025-01-01T11:32:25+00:00,ac-5,access_switch,19.98,1.34,27.6,213.91,2.39,30.19,51.91,0.84,59.0,healthy,normal
2025-01-01T11:32:30+00:00,ac-8,access_switch,30.42,1.45,24.87,277.27,1.88,39.14,48.8,0.49,20.16,healthy,normal
2025-01-01T11:32:35+00:00,cl-3,client,172.65,7.31,84.72,91.3,36.48,71.76,46.48,3.52,96.42,warning,congestion
2025-01-01T11:32:40+00:00,ro-8,router,11.31,0.05,37.62,275.93,4.41,34.24,39.08,0.02,54.2,healthy,normal
2025-01-01T11:32:45+00:00,ro-2,router,39.08,1.08,41.25,293.34,4.99,50.29,29.76,0.84,37.54,healthy,normal
2025-01-01T11:32:50+00:00,se-7,server,31.76,0.94,34.07,286.09,1.24,49.73,64.38,0.55,35.11,healthy,normal
2025-01-01T11:32:55+00:00,ac-8,access_switch,235.62,98.51,7.32,3.08,53.69,11.88,6.52,59.82,7.18,offline,device_failure
2025-01-01T11:33:00+00:00,da-4,database,97.09,1.9,57.8,126.91,7.16,91.88,96.94,3.33,69.57,warning,device_overload
2025-01-01T11:33:05+00:00,da-3,database,155.82,1.6,76.95,89.63,7.69,96.42,90.18,2.57,49.02,warning,device_overload
2025-01-01T11:33:10+00:00,cl-3,client,24.82,0.74,50.33,188.16,1.34,39.86,63.73,0.62,51.69,healthy,normal
2025-01-01T11:33:15+00:00,se-7,server,133.67,6.69,97.93,889.61,25.87,93.53,84.01,4.9,90.69,warning,traffic_spike
2025-01-01T11:33:20+00:00,ac-6,access_switch,36.07,0.37,30.07,145.17,3.14,18.22,28.75,0.69,19.94,healthy,normal
2025-01-01T11:33:25+00:00,ro-2,router,244.85,93.67,1.14,1.75,98.2,0.87,2.76,89.11,6.39,offline,device_failure
2025-01-01T11:33:30+00:00,se-2,server,12.33,1.4,28.57,255.38,5.54,26.67,48.67,0.01,44.75,healthy,normal
2025-01-01T11:33:35+00:00,se-4,server,76.03,5.19,89.7,611.75,15.33,72.6,85.92,3.1,98.52,warning,traffic_spike
2025-01-01T11:33:40+00:00,ac-4,access_switch,37.49,0.92,24.64,123.16,4.2,30.85,56.93,0.1,44.12,healthy,normal
2025-01-01T11:33:45+00:00,cl-3,client,27.11,1.0,54.94,270.08,1.64,28.07,42.21,0.68,41.19,healthy,normal
2025-01-01T11:33:50+00:00,da-3,database,149.39,7.36,46.33,188.21,9.41,95.97,99.5,3.14,65.96,warning,device_overload
2025-01-01T11:33:55+00:00,ac-8,access_switch,20.02,0.49,39.49,234.87,2.52,59.84,40.39,0.76,48.91,healthy,normal
2025-01-01T11:34:00+00:00,ro-5,router,25.63,0.99,40.85,129.05,3.21,32.72,58.84,0.39,53.84,healthy,normal
2025-01-01T11:34:05+00:00,cl-2,client,21.78,0.5,61.03,215.26,3.65,54.93,31.94,0.82,66.57,healthy,normal
2025-01-01T11:34:10+00:00,ac-4,access_switch,87.89,4.87,92.36,92.26,34.84,61.2,56.17,1.17,86.46,warning,congestion
2025-01-01T11:34:15+00:00,ac-6,access_switch,221.21,13.16,89.94,114.58,14.14,81.86,71.09,4.7,89.88,warning,congestion
2025-01-01T11:34:20+00:00,da-3,database,390.97,84.68,19.6,8.41,74.09,35.64,37.07,25.07,6.18,warning,link_failure
2025-01-01T11:34:25+00:00,se-1,server,12.4,1.14,42.76,230.81,1.28,41.04,55.24,0.01,49.59,healthy,normal
2025-01-01T11:34:30+00:00,se-1,server,38.9,1.38,56.87,302.23,5.62,39.4,32.12,0.62,48.51,healthy,normal
2025-01-01T11:34:35+00:00,se-8,server,29.85,1.23,63.85,158.82,3.1,34.38,28.85,0.45,51.18,healthy,normal
2025-01-01T11:34:40+00:00,cl-8,client,23.77,0.71,22.95,188.59,5.41,36.2,66.63,0.87,38.89,healthy,normal
2025-01-01T11:34:45+00:00,co-1,core_switch,102.56,10.4,96.61,164.24,24.62,65.28,53.77,2.89,99.88,warning,congestion
2025-01-01T11:34:50+00:00,cl-1,client,15.05,0.74,46.14,175.66,3.01,58.22,37.3,0.62,31.99,healthy,normal
2025-01-01T11:34:55+00:00,ac-2,access_switch,112.2,8.6,90.16,161.89,14.02,63.18,56.17,4.67,98.44,warning,congestion
2025-01-01T11:35:00+00:00,se-4,server,36.07,1.47,34.3,202.75,2.78,24.38,35.28,0.64,44.72,healthy,normal
2025-01-01T11:35:05+00:00,ac-1,access_switch,118.25,3.64,93.01,652.26,11.38,71.06,57.68,4.35,93.95,warning,traffic_spike
2025-01-01T11:35:10+00:00,co-6,core_switch,15.84,0.94,28.09,242.31,3.37,22.76,50.02,0.0,63.37,healthy,normal
2025-01-01T11:35:15+00:00,cl-4,client,40.54,1.33,44.67,230.58,2.04,23.83,26.91,0.07,17.57,healthy,normal
2025-01-01T11:35:20+00:00,se-3,server,107.54,14.69,94.43,137.46,14.22,66.48,66.79,6.34,99.24,warning,congestion
2025-01-01T11:35:25+00:00,ro-7,router,199.56,13.1,89.87,103.36,19.82,68.52,45.99,2.63,94.5,warning,congestion
2025-01-01T11:35:30+00:00,da-3,database,24.67,1.28,28.39,155.72,3.12,45.58,48.18,0.2,23.58,healthy,normal
2025-01-01T11:35:35+00:00,da-7,database,15.5,1.07,52.37,293.13,2.8,48.41,24.91,0.65,32.77,healthy,normal
2025-01-01T11:35:40+00:00,cl-3,client,100.2,4.21,72.09,137.41,14.38,99.6,88.59,3.94,73.97,warning,device_overload
2025-01-01T11:35:45+00:00,da-7,database,122.61,3.99,98.7,749.75,14.94,74.04,78.56,2.98,94.44,warning,traffic_spike
2025-01-01T11:35:50+00:00,da-6,database,70.02,3.54,95.1,727.16,26.61,70.8,81.91,2.16,98.89,warning,traffic_spike
2025-01-01T11:35:55+00:00,ac-8,access_switch,117.41,5.94,93.51,915.09,26.07,97.24,53.69,4.39,98.14,warning,traffic_spike
2025-01-01T11:36:00+00:00,ro-6,router,30.12,1.26,53.96,187.98,3.85,44.93,57.05,0.58,26.5,healthy,normal
2025-01-01T11:36:05+00:00,co-4,core_switch,33.64,0.09,28.93,254.62,1.88,57.23,27.39,0.02,34.92,healthy,normal
2025-01-01T11:36:10+00:00,co-2,core_switch,115.64,5.6,83.69,126.95,9.3,96.65,98.36,7.01,52.73,warning,device_overload
2025-01-01T11:36:15+00:00,da-2,database,470.31,90.69,11.76,6.45,33.09,20.21,31.31,36.21,0.57,warning,link_failure
2025-01-01T11:36:20+00:00,co-5,core_switch,23.91,1.5,43.17,137.48,2.91,38.73,35.3,0.76,33.6,healthy,normal
2025-01-01T11:36:25+00:00,se-8,server,122.53,9.94,90.83,700.98,24.98,78.65,70.96,2.04,90.06,warning,traffic_spike
2025-01-01T11:36:30+00:00,se-7,server,274.82,87.21,0.42,3.02,70.33,33.03,70.67,64.65,15.44,warning,link_failure
2025-01-01T11:36:35+00:00,da-8,database,144.82,5.38,94.9,544.68,25.54,83.48,64.95,1.1,92.15,warning,traffic_spike
2025-01-01T11:36:40+00:00,ac-2,access_switch,133.01,5.64,94.84,895.64,15.24,88.1,52.52,2.25,92.91,warning,traffic_spike
2025-01-01T11:36:45+00:00,cl-8,client,122.06,4.72,45.97,136.17,7.83,97.11,84.49,5.43,75.43,warning,device_overload
2025-01-01T11:36:50+00:00,ac-3,access_switch,461.63,99.56,9.26,14.77,86.96,61.3,56.57,63.45,2.18,offline,link_failure
2025-01-01T11:36:55+00:00,ro-6,router,26.58,1.18,53.02,160.19,3.93,39.85,40.11,0.24,37.37,healthy,normal
2025-01-01T11:37:00+00:00,co-8,core_switch,220.62,4.97,90.65,118.38,25.19,50.78,54.31,1.27,92.47,warning,congestion
2025-01-01T11:37:05+00:00,co-1,core_switch,115.05,8.15,99.68,691.36,14.26,93.77,58.44,2.62,92.68,warning,traffic_spike
2025-01-01T11:37:10+00:00,co-4,core_switch,37.3,0.69,48.4,182.47,4.99,33.83,65.59,0.33,51.81,healthy,normal
2025-01-01T11:37:15+00:00,cl-1,client,292.04,79.49,7.36,0.3,57.23,45.86,66.02,44.39,10.45,warning,link_failure
2025-01-01T11:37:20+00:00,da-8,database,21.52,0.88,53.94,124.45,1.2,22.65,46.02,0.74,45.27,healthy,normal
2025-01-01T11:37:25+00:00,cl-3,client,327.59,89.94,0.19,0.68,46.22,6.02,0.49,76.86,3.18,warning,device_failure
2025-01-01T11:37:30+00:00,ac-2,access_switch,16.58,0.99,30.92,257.02,0.99,20.84,30.47,0.79,29.79,healthy,normal
2025-01-01T11:37:35+00:00,co-2,core_switch,190.49,79.92,9.36,21.47,69.87,35.02,67.86,44.38,16.1,offline,link_failure
2025-01-01T11:37:40+00:00,da-5,database,40.43,0.52,49.92,248.32,1.75,22.94,56.25,0.78,61.96,healthy,normal
2025-01-01T11:37:45+00:00,ac-2,access_switch,118.54,9.99,88.98,821.78,23.66,79.08,61.64,1.34,91.41,warning,traffic_spike
2025-01-01T11:37:50+00:00,co-3,core_switch,26.83,1.09,44.61,295.87,5.57,30.95,49.71,0.45,20.82,healthy,normal
2025-01-01T11:37:55+00:00,se-2,server,263.46,84.55,18.9,22.75,85.77,41.18,33.91,27.96,12.8,offline,link_failure
2025-01-01T11:38:00+00:00,cl-8,client,37.18,0.73,29.66,245.64,4.36,37.81,55.15,0.63,26.64,healthy,normal
2025-01-01T11:38:05+00:00,ac-7,access_switch,89.27,5.25,89.37,664.89,27.62,84.97,81.38,2.41,91.53,warning,traffic_spike
2025-01-01T11:38:10+00:00,se-3,server,28.36,1.03,45.99,182.86,4.49,26.81,25.16,0.66,66.23,healthy,normal
2025-01-01T11:38:15+00:00,cl-8,client,38.86,0.82,43.87,295.49,5.46,55.66,42.3,0.64,15.35,healthy,normal
2025-01-01T11:38:20+00:00,ro-7,router,13.93,0.81,59.38,203.9,0.99,47.3,50.1,0.27,19.3,healthy,normal
2025-01-01T11:38:25+00:00,co-2,core_switch,210.67,5.61,99.99,128.51,13.42,50.2,45.54,5.29,99.13,warning,congestion
2025-01-01T11:38:30+00:00,se-5,server,38.91,1.24,42.69,288.98,1.93,19.02,54.56,0.89,26.4,healthy,normal
2025-01-01T11:38:35+00:00,ac-1,access_switch,25.85,1.11,18.12,299.94,4.49,57.88,45.09,0.41,25.15,healthy,normal
2025-01-01T11:38:40+00:00,ac-8,access_switch,165.16,3.88,59.85,62.39,21.42,91.21,87.28,2.72,84.11,warning,device_overload
2025-01-01T11:38:45+00:00,cl-4,client,34.81,0.78,62.35,277.71,1.42,41.22,49.58,0.29,36.45,healthy,normal
2025-01-01T11:38:50+00:00,da-5,database,421.33,73.89,13.89,14.89,53.98,34.86,55.95,30.41,1.46,warning,link_failure
2025-01-01T11:38:55+00:00,da-6,database,407.85,80.27,9.32,2.42,40.67,64.86,44.03,64.85,17.26,offline,link_failure
2025-01-01T11:39:00+00:00,se-7,server,11.87,1.28,46.25,152.34,4.42,25.59,24.69,0.04,42.26,healthy,normal
2025-01-01T11:39:05+00:00,ro-3,router,17.01,1.23,42.96,319.87,3.91,19.15,49.26,0.57,57.69,healthy,normal
2025-01-01T11:39:10+00:00,ac-1,access_switch,406.17,98.62,0.07,1.55,53.01,6.81,1.25,53.58,1.27,offline,device_failure
2025-01-01T11:39:15+00:00,ac-7,access_switch,18.47,1.42,56.93,238.89,5.6,25.61,37.76,0.79,24.37,healthy,normal
2025-01-01T11:39:20+00:00,co-3,core_switch,117.86,2.79,73.38,161.74,11.18,87.39,87.25,7.8,85.13,warning,device_overload
2025-01-01T11:39:25+00:00,se-6,server,126.04,2.19,91.42,694.2,20.93,74.74,64.61,0.71,97.57,warning,traffic_spike
2025-01-01T11:39:30+00:00,ro-4,router,36.03,0.66,32.68,189.35,3.63,28.15,65.7,0.78,26.81,healthy,normal
2025-01-01T11:39:35+00:00,co-1,core_switch,40.55,1.15,52.38,242.61,5.0,48.67,60.03,0.12,58.1,healthy,normal
2025-01-01T11:39:40+00:00,ac-5,access_switch,148.0,5.88,78.03,98.83,8.48,86.64,89.56,5.79,71.63,warning,device_overload
2025-01-01T11:39:45+00:00,da-6,database,17.89,1.07,29.94,269.3,3.72,31.77,62.19,0.02,16.37,healthy,normal
2025-01-01T11:39:50+00:00,cl-5,client,39.17,0.53,44.69,200.04,3.07,44.04,46.31,0.09,20.3,healthy,normal
2025-01-01T11:39:55+00:00,ac-1,access_switch,116.7,4.49,91.98,858.95,15.15,94.21,63.61,0.84,99.82,warning,traffic_spike
2025-01-01T11:40:00+00:00,ro-4,router,377.35,85.04,3.88,16.8,66.11,54.53,40.14,43.58,8.1,warning,link_failure
2025-01-01T11:40:05+00:00,se-3,server,17.18,0.95,51.69,124.21,3.21,29.39,64.52,0.66,66.86,healthy,normal
2025-01-01T11:40:10+00:00,co-7,core_switch,130.35,4.54,56.47,68.47,19.5,90.43,90.6,6.81,61.07,warning,device_overload
2025-01-01T11:40:15+00:00,ro-6,router,62.16,6.87,88.81,501.87,23.42,75.72,82.7,2.48,99.55,warning,traffic_spike
2025-01-01T11:40:20+00:00,se-5,server,36.32,0.32,49.44,209.85,2.8,51.22,25.39,0.17,59.2,healthy,normal
2025-01-01T11:40:25+00:00,se-2,server,95.61,9.14,92.82,692.37,24.63,69.0,69.68,4.45,98.87,warning,traffic_spike
2025-01-01T11:40:30+00:00,co-6,core_switch,38.13,0.61,64.87,239.8,1.65,44.07,43.28,0.71,26.96,healthy,normal
2025-01-01T11:40:35+00:00,da-2,database,22.74,1.1,46.3,145.71,5.47,37.45,27.48,0.2,25.74,healthy,normal
2025-01-01T11:40:40+00:00,ro-8,router,23.26,1.25,23.86,167.46,3.13,55.57,63.1,0.35,24.13,healthy,normal
2025-01-01T11:40:45+00:00,se-7,server,258.35,91.02,6.33,5.27,53.11,0.11,9.98,86.62,7.39,offline,device_failure
2025-01-01T11:40:50+00:00,cl-7,client,12.79,0.75,53.26,128.9,5.37,36.26,63.28,0.23,31.39,healthy,normal
2025-01-01T11:40:55+00:00,se-4,server,10.44,1.47,35.46,117.75,2.37,16.58,27.75,0.27,42.27,healthy,normal
2025-01-01T11:41:00+00:00,se-8,server,36.44,0.78,24.08,239.28,4.49,27.38,42.64,0.7,52.33,healthy,normal
2025-01-01T11:41:05+00:00,ro-5,router,32.65,0.39,22.19,266.23,5.53,16.0,34.51,0.52,38.1,healthy,normal
2025-01-01T11:41:10+00:00,co-1,core_switch,196.76,98.47,7.23,0.99,73.3,24.87,62.29,34.74,11.3,offline,link_failure
2025-01-01T11:41:15+00:00,ro-2,router,136.35,5.72,92.97,478.65,21.35,88.87,85.9,0.56,98.59,warning,traffic_spike
2025-01-01T11:41:20+00:00,ac-2,access_switch,165.05,5.37,56.85,165.93,10.36,91.73,90.79,5.94,51.84,warning,device_overload
2025-01-01T11:41:25+00:00,da-7,database,25.25,0.98,50.74,314.65,2.48,44.69,64.85,0.1,43.8,healthy,normal
2025-01-01T11:41:30+00:00,cl-5,client,330.28,96.53,7.88,3.98,94.05,9.75,4.09,86.09,1.83,warning,device_failure
2025-01-01T11:41:35+00:00,se-4,server,16.2,0.45,56.77,264.86,5.76,44.7,66.03,0.54,25.77,healthy,normal
2025-01-01T11:41:40+00:00,se-7,server,21.72,1.17,44.27,148.32,0.89,21.96,63.38,0.05,62.31,healthy,normal
2025-01-01T11:41:45+00:00,se-8,server,22.94,0.46,60.01,246.82,4.48,27.43,56.4,0.67,54.69,healthy,normal
2025-01-01T11:41:50+00:00,ac-6,access_switch,102.47,10.84,94.65,41.98,25.95,69.28,67.93,1.68,95.51,warning,congestion
2025-01-01T11:41:55+00:00,co-1,core_switch,129.17,5.76,97.49,771.4,10.17,73.25,69.44,1.98,94.56,warning,traffic_spike
2025-01-01T11:42:00+00:00,da-4,database,10.6,1.1,34.58,293.16,3.56,46.34,53.08,0.7,44.25,healthy,normal
2025-01-01T11:42:05+00:00,co-2,core_switch,17.65,0.7,30.18,249.85,1.75,56.31,56.94,0.29,40.4,healthy,normal
2025-01-01T11:42:10+00:00,se-3,server,383.31,99.56,7.16,13.61,47.35,22.06,32.6,48.27,15.35,offline,link_failure
2025-01-01T11:42:15+00:00,ro-3,router,36.15,0.47,28.17,130.21,4.53,57.53,52.21,0.69,24.89,healthy,normal
2025-01-01T11:42:20+00:00,da-1,database,260.46,92.23,7.4,20.57,86.1,44.84,54.37,42.27,5.27,offline,link_failure
2025-01-01T11:42:25+00:00,co-1,core_switch,37.39,1.44,63.33,266.06,3.08,56.67,33.56,0.4,32.85,healthy,normal
2025-01-01T11:42:30+00:00,da-5,database,88.09,5.8,47.48,189.91,16.24,92.3,84.65,5.79,81.7,warning,device_overload
2025-01-01T11:42:35+00:00,da-8,database,143.64,5.7,93.47,757.05,14.65,86.69,56.65,3.46,97.95,warning,traffic_spike
2025-01-01T11:42:40+00:00,da-2,database,18.9,0.11,60.41,267.14,4.83,49.71,38.16,0.67,28.72,healthy,normal
2025-01-01T11:42:45+00:00,co-1,core_switch,182.27,89.96,5.79,21.12,52.91,51.28,45.05,36.83,8.33,warning,link_failure
2025-01-01T11:42:50+00:00,cl-7,client,38.34,0.71,57.33,124.35,2.47,27.6,44.99,0.65,46.63,healthy,normal
2025-01-01T11:42:55+00:00,ac-7,access_switch,25.44,1.09,34.57,276.99,3.17,49.01,36.0,0.75,64.87,healthy,normal
2025-01-01T11:43:00+00:00,da-3,database,36.28,0.57,26.79,205.5,4.07,16.47,51.8,0.19,18.34,healthy,normal
2025-01-01T11:43:05+00:00,co-3,core_switch,97.69,3.49,98.84,777.37,14.69,90.82,76.76,1.01,92.82,warning,traffic_spike
2025-01-01T11:43:10+00:00,se-8,server,31.13,0.65,54.8,250.53,5.77,28.44,28.04,0.69,66.35,healthy,normal
2025-01-01T11:43:15+00:00,ro-7,router,40.05,0.89,39.2,171.28,3.34,21.03,49.01,0.53,27.59,healthy,normal
2025-01-01T11:43:20+00:00,se-2,server,76.32,4.49,95.46,610.57,25.85,72.31,60.6,3.58,98.91,warning,traffic_spike
2025-01-01T11:43:25+00:00,se-4,server,340.08,88.69,15.34,19.11,88.92,43.58,28.36,62.73,15.48,offline,link_failure
2025-01-01T11:43:30+00:00,ro-7,router,140.07,7.79,90.02,815.76,23.87,84.71,70.93,3.41,91.16,warning,traffic_spike
2025-01-01T11:43:35+00:00,da-1,database,29.63,0.97,32.58,259.06,2.9,56.72,64.33,0.68,49.96,healthy,normal
2025-01-01T11:43:40+00:00,co-5,core_switch,28.3,0.68,25.89,209.1,5.96,15.58,58.15,0.22,50.27,healthy,normal
2025-01-01T11:43:45+00:00,da-1,database,39.9,0.42,26.59,228.82,5.66,23.21,60.83,0.77,54.27,healthy,normal
2025-01-01T11:43:50+00:00,co-4,core_switch,33.47,0.32,33.14,194.45,4.6,20.55,55.35,0.05,57.24,healthy,normal
2025-01-01T11:43:55+00:00,ro-4,router,31.8,0.82,18.32,319.72,5.65,42.16,50.77,0.38,45.41,healthy,normal
2025-01-01T11:44:00+00:00,co-7,core_switch,37.27,0.07,50.36,145.64,3.43,30.32,66.24,0.55,17.31,healthy,normal
2025-01-01T11:44:05+00:00,se-3,server,143.35,6.66,82.44,186.3,13.36,97.03,97.82,5.47,55.21,warning,device_overload
2025-01-01T11:44:10+00:00,da-8,database,26.05,0.4,35.14,137.16,1.63,34.92,36.99,0.55,39.48,healthy,normal
2025-01-01T11:44:15+00:00,ro-7,router,23.81,0.48,34.71,148.07,4.78,20.1,60.06,0.18,45.96,healthy,normal
2025-01-01T11:44:20+00:00,ac-7,access_switch,37.69,0.13,23.81,283.74,1.86,20.24,62.3,0.85,23.72,healthy,normal
2025-01-01T11:44:25+00:00,co-2,core_switch,97.58,1.25,49.06,126.58,17.04,88.81,99.01,2.11,76.94,warning,device_overload
2025-01-01T11:44:30+00:00,cl-3,client,65.9,3.11,66.13,158.43,12.62,89.95,90.14,3.62,85.67,warning,device_overload
2025-01-01T11:44:35+00:00,cl-5,client,38.07,0.18,32.81,218.14,1.45,46.31,39.79,0.13,23.5,healthy,normal
2025-01-01T11:44:40+00:00,ac-1,access_switch,381.22,92.1,2.16,5.95,60.61,7.68,1.43,49.44,4.9,offline,device_failure
2025-01-01T11:44:45+00:00,se-7,server,112.25,4.02,56.05,177.22,16.58,86.71,97.74,6.83,61.06,warning,device_overload
2025-01-01T11:44:50+00:00,ac-4,access_switch,401.92,96.22,13.74,12.22,82.78,62.17,56.85,44.05,2.88,offline,link_failure
2025-01-01T11:44:55+00:00,ro-1,router,25.77,0.05,43.47,224.98,2.96,47.78,37.99,0.79,26.71,healthy,normal
2025-01-01T11:45:00+00:00,ac-5,access_switch,29.86,1.41,60.28,285.11,1.5,24.22,37.55,0.67,19.18,healthy,normal
2025-01-01T11:45:05+00:00,ac-2,access_switch,31.22,0.28,21.1,167.66,1.62,36.04,44.84,0.09,58.13,healthy,normal
2025-01-01T11:45:10+00:00,co-3,core_switch,13.73,0.15,20.88,222.2,1.42,41.3,54.27,0.33,16.67,healthy,normal
2025-01-01T11:45:15+00:00,ro-7,router,21.08,0.64,42.02,167.71,2.77,38.78,37.48,0.78,41.72,healthy,normal
2025-01-01T11:45:20+00:00,da-8,database,65.92,9.88,93.76,645.8,15.94,73.45,52.47,0.64,94.25,warning,traffic_spike
2025-01-01T11:45:25+00:00,da-6,database,113.76,8.97,86.2,91.96,13.94,64.46,53.2,3.42,88.18,warning,congestion
2025-01-01T11:45:30+00:00,cl-7,client,28.88,1.08,64.69,211.93,2.46,28.31,30.46,0.02,45.04,healthy,normal
2025-01-01T11:45:35+00:00,se-3,server,85.49,3.91,81.32,122.71,14.25,89.87,91.47,3.84,70.5,warning,device_overload
2025-01-01T11:45:40+00:00,ro-3,router,14.66,0.15,45.02,113.9,1.24,25.46,43.09,0.65,54.48,healthy,normal
2025-01-01T11:45:45+00:00,ac-8,access_switch,26.23,0.78,51.73,258.32,5.62,52.74,25.67,0.4,49.36,healthy,normal
2025-01-01T11:45:50+00:00,cl-5,client,10.4,0.73,20.75,217.92,5.17,47.28,39.89,0.78,15.95,healthy,normal
2025-01-01T11:45:55+00:00,da-3,database,135.89,9.19,83.78,160.2,23.14,81.47,72.52,4.25,95.68,warning,congestion
2025-01-01T11:46:00+00:00,ro-4,router,32.37,0.74,52.46,239.86,5.23,56.14,59.78,0.4,54.56,healthy,normal
2025-01-01T11:46:05+00:00,ac-4,access_switch,416.11,92.39,5.77,0.74,57.63,9.72,3.88,83.3,2.94,warning,device_failure
2025-01-01T11:46:10+00:00,da-2,database,15.62,0.61,39.66,207.52,5.28,55.61,40.57,0.78,60.91,healthy,normal
2025-01-01T11:46:15+00:00,ac-3,access_switch,433.47,95.36,10.77,7.28,77.19,30.86,50.24,27.02,17.35,offline,link_failure
2025-01-01T11:46:20+00:00,ro-1,router,13.55,0.34,27.99,190.76,2.39,26.52,58.95,0.32,47.49,healthy,normal
2025-01-01T11:46:25+00:00,cl-5,client,23.34,0.39,43.67,159.04,3.83,48.17,32.72,0.09,36.71,healthy,normal
2025-01-01T11:46:30+00:00,ac-2,access_switch,39.7,0.62,47.29,129.64,2.33,55.82,45.65,0.89,17.45,healthy,normal
2025-01-01T11:46:35+00:00,ac-6,access_switch,206.68,4.71,96.34,127.22,34.1,55.08,73.12,6.75,93.5,warning,congestion
2025-01-01T11:46:40+00:00,ro-4,router,29.77,0.59,54.25,288.89,2.11,17.94,67.93,0.14,38.2,healthy,normal
2025-01-01T11:46:45+00:00,co-7,core_switch,25.94,1.4,45.26,125.48,5.32,43.73,41.45,0.85,19.51,healthy,normal
2025-01-01T11:46:50+00:00,da-4,database,224.83,5.1,90.49,75.67,12.63,78.91,53.05,2.19,96.88,warning,congestion
2025-01-01T11:46:55+00:00,ro-7,router,15.73,0.63,41.26,225.65,3.29,40.47,29.34,0.62,43.73,healthy,normal
2025-01-01T11:47:00+00:00,se-4,server,127.57,5.43,98.15,440.7,11.5,77.02,75.58,4.45,95.56,warning,traffic_spike
2025-01-01T11:47:05+00:00,ro-1,router,16.64,0.26,59.75,298.59,4.63,22.65,38.75,0.05,21.18,healthy,normal
2025-01-01T11:47:10+00:00,co-3,core_switch,63.56,9.26,98.72,879.57,14.47,92.16,86.24,1.08,94.73,warning,traffic_spike
2025-01-01T11:47:15+00:00,cl-1,client,436.7,89.14,7.9,5.81,95.78,6.37,1.89,46.48,3.76,offline,device_failure
2025-01-01T11:47:20+00:00,da-1,database,29.21,0.09,58.32,110.43,4.95,36.93,59.36,0.77,15.6,healthy,normal
2025-01-01T11:47:25+00:00,ac-6,access_switch,395.83,94.97,7.67,2.61,70.99,8.58,3.0,43.8,5.19,offline,device_failure
2025-01-01T11:47:30+00:00,ac-1,access_switch,101.72,3.11,95.32,753.15,26.74,97.04,50.51,3.91,92.82,warning,traffic_spike
2025-01-01T11:47:35+00:00,cl-4,client,38.19,1.37,62.53,274.11,2.54,17.86,40.38,0.73,65.57,healthy,normal
2025-01-01T11:47:40+00:00,se-2,server,16.0,1.39,48.13,215.39,3.78,51.71,35.96,0.29,26.0,healthy,normal
2025-01-01T11:47:45+00:00,ro-4,router,11.0,0.32,36.99,295.54,3.62,55.48,67.11,0.56,66.86,healthy,normal
2025-01-01T11:47:50+00:00,cl-4,client,148.12,6.36,55.21,148.83,8.06,91.21,94.03,2.51,76.26,warning,device_overload
2025-01-01T11:47:55+00:00,se-1,server,15.1,0.37,61.12,299.69,1.63,50.15,44.12,0.09,41.82,healthy,normal
2025-01-01T11:48:00+00:00,ac-7,access_switch,12.56,1.29,38.58,111.57,0.94,43.4,60.18,0.38,17.95,healthy,normal
2025-01-01T11:48:05+00:00,co-7,core_switch,131.74,3.37,88.5,467.72,27.01,80.68,51.2,4.46,91.77,warning,traffic_spike
2025-01-01T11:48:10+00:00,cl-8,client,138.74,4.2,48.62,66.45,20.62,92.57,88.38,3.4,52.52,warning,device_overload
2025-01-01T11:48:15+00:00,se-4,server,28.19,1.02,54.73,157.48,4.16,22.96,54.56,0.36,39.38,healthy,normal
2025-01-01T11:48:20+00:00,cl-7,client,322.77,94.84,9.23,4.93,49.89,46.36,44.05,60.78,6.07,offline,link_failure
2025-01-01T11:48:25+00:00,co-6,core_switch,32.05,0.18,60.18,291.99,5.76,22.54,56.66,0.42,66.86,healthy,normal
2025-01-01T11:48:30+00:00,se-2,server,36.24,0.93,46.52,187.38,5.41,45.04,26.08,0.88,25.22,healthy,normal
2025-01-01T11:48:35+00:00,ro-7,router,25.01,1.04,30.96,256.15,4.78,23.69,67.73,0.32,18.67,healthy,normal
2025-01-01T11:48:40+00:00,se-8,server,451.29,85.59,21.21,7.27,57.91,58.36,35.39,41.53,5.74,offline,link_failure
2025-01-01T11:48:45+00:00,se-7,server,29.29,0.39,34.41,254.57,2.81,18.82,62.24,0.28,25.09,healthy,normal
2025-01-01T11:48:50+00:00,ro-6,router,33.0,1.32,36.02,161.97,1.19,30.05,38.53,0.12,55.15,healthy,normal
2025-01-01T11:48:55+00:00,co-7,core_switch,18.76,0.81,25.89,202.72,1.16,51.97,24.95,0.31,38.42,healthy,normal
2025-01-01T11:49:00+00:00,cl-6,client,10.13,1.41,28.56,254.0,4.2,30.22,36.84,0.49,32.02,healthy,normal
2025-01-01T11:49:05+00:00,da-4,database,191.86,14.04,96.76,130.04,36.97,50.54,65.19,3.99,98.75,warning,congestion
2025-01-01T11:49:10+00:00,co-2,core_switch,39.7,0.23,61.25,194.32,1.95,43.07,34.15,0.07,65.74,healthy,normal
2025-01-01T11:49:15+00:00,se-1,server,30.45,1.15,31.29,187.16,4.24,54.21,55.11,0.28,66.91,healthy,normal
2025-01-01T11:49:20+00:00,cl-4,client,146.04,1.52,63.48,57.55,11.57,98.62,98.55,7.23,61.32,warning,device_overload
2025-01-01T11:49:25+00:00,ac-4,access_switch,414.42,96.89,1.36,6.37,78.19,8.6,3.46,64.78,6.94,offline,device_failure
2025-01-01T11:49:30+00:00,da-3,database,160.23,7.19,45.55,57.6,7.16,86.14,90.55,3.87,65.08,warning,device_overload
2025-01-01T11:49:35+00:00,ac-8,access_switch,118.49,5.05,54.12,168.3,13.83,92.71,89.78,2.92,48.31,warning,device_overload
2025-01-01T11:49:40+00:00,se-3,server,228.38,80.93,7.18,19.21,60.89,59.17,56.67,35.81,17.1,offline,link_failure
2025-01-01T11:49:45+00:00,cl-8,client,32.55,1.04,60.85,157.05,1.64,26.46,40.73,0.76,33.17,healthy,normal
2025-01-01T11:49:50+00:00,co-7,core_switch,368.21,91.24,6.08,3.23,64.69,8.57,0.88,70.45,0.47,offline,device_failure
2025-01-01T11:49:55+00:00,ac-2,access_switch,23.51,0.24,31.39,162.95,1.57,49.06,50.18,0.55,21.53,healthy,normal
2025-01-01T11:50:00+00:00,ro-5,router,22.53,1.04,60.18,143.66,4.61,46.93,44.7,0.89,22.59,healthy,normal
2025-01-01T11:50:05+00:00,da-6,database,13.08,0.69,34.8,262.29,5.58,36.3,67.52,0.11,19.34,healthy,normal
2025-01-01T11:50:10+00:00,co-3,core_switch,29.91,0.98,23.05,263.67,5.21,30.19,48.27,0.81,22.07,healthy,normal
2025-01-01T11:50:15+00:00,da-2,database,358.1,89.2,17.72,0.55,75.94,44.75,25.9,36.55,12.33,offline,link_failure
2025-01-01T11:50:20+00:00,co-6,core_switch,36.42,0.84,57.38,317.98,1.52,27.49,36.96,0.1,39.91,healthy,normal
2025-01-01T11:50:25+00:00,cl-2,client,17.26,1.12,47.09,118.49,2.54,30.86,66.53,0.16,31.79,healthy,normal
2025-01-01T11:50:30+00:00,co-8,core_switch,289.48,93.85,17.74,23.86,60.39,49.54,41.67,59.72,0.64,warning,link_failure
2025-01-01T11:50:35+00:00,ac-2,access_switch,153.38,6.51,84.04,158.04,12.07,92.54,99.86,1.09,49.76,warning,device_overload
2025-01-01T11:50:40+00:00,da-6,database,77.27,4.81,67.88,161.85,13.16,90.42,88.93,7.71,51.13,warning,device_overload
2025-01-01T11:50:45+00:00,cl-7,client,36.94,0.41,29.1,308.07,3.25,16.04,49.38,0.09,24.45,healthy,normal
2025-01-01T11:50:50+00:00,cl-6,client,14.7,0.47,38.02,258.51,3.37,20.21,41.48,0.28,19.64,healthy,normal
2025-01-01T11:50:55+00:00,co-2,core_switch,20.7,1.26,21.96,267.53,4.62,21.17,26.6,0.36,28.14,healthy,normal
2025-01-01T11:51:00+00:00,co-2,core_switch,11.34,0.94,56.81,167.16,3.12,55.02,40.01,0.55,65.83,healthy,normal
2025-01-01T11:51:05+00:00,ac-8,access_switch,138.09,5.74,98.39,473.58,13.97,80.98,77.86,3.44,91.54,warning,traffic_spike
2025-01-01T11:51:10+00:00,ac-3,access_switch,12.5,0.84,62.19,249.48,1.88,47.36,30.13,0.42,60.1,healthy,normal
2025-01-01T11:51:15+00:00,cl-3,client,249.37,89.61,4.93,0.28,53.6,10.42,7.82,71.12,0.83,warning,device_failure
2025-01-01T11:51:20+00:00,da-7,database,16.64,1.35,42.67,302.24,3.93,39.32,26.05,0.42,61.15,healthy,normal
2025-01-01T11:51:25+00:00,co-5,core_switch,122.74,2.93,93.04,690.39,22.34,85.94,55.55,3.03,90.76,warning,traffic_spike
2025-01-01T11:51:30+00:00,co-6,core_switch,23.0,1.27,47.19,188.65,5.78,41.89,45.37,0.03,56.79,healthy,normal
2025-01-01T11:51:35+00:00,ro-7,router,193.51,9.35,86.48,159.23,14.43,75.2,62.53,5.0,88.74,warning,congestion
2025-01-01T11:51:40+00:00,co-5,core_switch,120.35,8.98,96.56,747.96,12.45,90.61,69.83,5.0,90.69,warning,traffic_spike
2025-01-01T11:51:45+00:00,co-4,core_switch,184.37,4.15,87.45,165.54,25.41,81.98,49.42,2.8,92.81,warning,congestion
2025-01-01T11:51:50+00:00,se-7,server,27.71,1.45,55.98,312.86,1.69,50.2,41.16,0.8,21.27,healthy,normal
2025-01-01T11:51:55+00:00,cl-5,client,37.84,0.83,55.0,178.11,5.19,46.92,37.04,0.16,57.19,healthy,normal
2025-01-01T11:52:00+00:00,co-3,core_switch,39.68,1.11,43.04,154.42,5.35,17.76,24.17,0.37,16.09,healthy,normal
2025-01-01T11:52:05+00:00,co-7,core_switch,60.1,2.3,93.64,591.51,23.78,83.05,59.81,2.54,92.5,warning,traffic_spike
2025-01-01T11:52:10+00:00,ac-7,access_switch,133.0,6.46,90.01,600.42,23.6,69.62,62.2,1.6,90.31,warning,traffic_spike
2025-01-01T11:52:15+00:00,ac-6,access_switch,14.59,0.09,47.34,290.43,4.79,37.13,58.15,0.5,32.96,healthy,normal
2025-01-01T11:52:20+00:00,da-3,database,383.89,99.5,3.72,3.9,73.13,23.65,32.93,31.49,2.44,offline,link_failure
2025-01-01T11:52:25+00:00,cl-4,client,21.8,1.24,47.25,208.5,1.14,32.34,26.25,0.82,24.91,healthy,normal
2025-01-01T11:52:30+00:00,ac-7,access_switch,250.22,73.57,4.15,18.42,83.91,54.17,56.0,46.41,2.41,warning,link_failure
2025-01-01T11:52:35+00:00,ro-2,router,85.13,13.43,92.92,149.72,23.32,69.3,69.21,6.95,92.39,warning,congestion
2025-01-01T11:52:40+00:00,se-3,server,214.95,14.49,92.67,105.96,30.13,52.79,47.71,1.85,86.7,warning,congestion
2025-01-01T11:52:45+00:00,ro-4,router,14.69,0.54,40.37,112.32,3.26,33.5,64.83,0.64,38.88,healthy,normal
2025-01-01T11:52:50+00:00,se-8,server,85.18,10.31,87.1,61.96,21.45,60.71,47.02,5.28,99.77,warning,congestion
2025-01-01T11:52:55+00:00,da-2,database,15.62,1.29,60.05,142.9,4.1,41.76,45.25,0.15,55.42,healthy,normal
2025-01-01T11:53:00+00:00,ro-7,router,365.48,95.88,9.79,2.49,58.77,3.43,10.85,75.49,2.13,offline,device_failure
2025-01-01T11:53:05+00:00,co-4,core_switch,24.1,0.94,59.86,327.32,2.83,25.22,48.64,0.45,22.35,healthy,normal
2025-01-01T11:53:10+00:00,se-6,server,446.63,99.88,3.48,2.42,86.22,3.15,0.62,43.34,1.67,offline,device_failure
2025-01-01T11:53:15+00:00,co-8,core_switch,484.87,94.02,5.8,5.08,47.0,11.91,11.88,80.99,0.37,offline,device_failure
2025-01-01T11:53:20+00:00,co-5,core_switch,19.79,1.36,39.46,196.31,3.18,35.95,55.66,0.29,63.86,healthy,normal
2025-01-01T11:53:25+00:00,cl-3,client,18.24,0.38,36.15,141.42,0.95,53.21,61.83,0.19,29.02,healthy,normal
2025-01-01T11:53:30+00:00,ro-4,router,73.36,5.8,94.52,867.97,13.56,84.8,59.21,1.87,91.13,warning,traffic_spike
2025-01-01T11:53:35+00:00,se-5,server,190.15,7.31,90.89,146.77,16.49,70.84,46.0,6.84,88.51,warning,congestion
2025-01-01T11:53:40+00:00,da-5,database,13.8,1.49,34.92,126.67,5.95,50.96,37.5,0.27,18.58,healthy,normal
2025-01-01T11:53:45+00:00,ac-3,access_switch,438.64,95.53,17.26,3.39,63.74,57.13,66.86,60.16,14.57,offline,link_failure
2025-01-01T11:53:50+00:00,se-7,server,123.21,3.04,46.05,84.6,7.24,95.49,86.9,3.85,77.19,warning,device_overload
2025-01-01T11:53:55+00:00,da-4,database,78.6,9.96,88.71,877.62,12.03,96.85,52.64,2.14,97.09,warning,traffic_spike
2025-01-01T11:54:00+00:00,da-1,database,31.51,0.42,29.92,134.95,3.18,57.99,35.57,0.1,48.86,healthy,normal
2025-01-01T11:54:05+00:00,cl-8,client,108.4,5.2,93.33,140.92,36.07,45.08,73.52,1.94,88.96,warning,congestion
2025-01-01T11:54:10+00:00,co-5,core_switch,124.67,3.95,97.18,708.17,8.85,73.71,72.22,2.94,90.97,warning,traffic_spike
2025-01-01T11:54:15+00:00,da-8,database,37.15,0.38,56.53,138.45,1.02,30.21,67.15,0.48,26.93,healthy,normal
2025-01-01T11:54:20+00:00,cl-2,client,383.14,99.17,4.08,4.39,94.96,9.57,2.76,36.98,0.07,warning,device_failure
2025-01-01T11:54:25+00:00,co-7,core_switch,376.2,96.02,0.55,1.89,56.2,11.32,0.39,46.94,5.48,warning,device_failure
2025-01-01T11:54:30+00:00,ro-7,router,14.93,0.35,33.89,164.05,4.95,32.68,49.22,0.51,46.83,healthy,normal
2025-01-01T11:54:35+00:00,da-8,database,90.64,1.07,82.46,57.73,19.9,98.25,96.11,1.32,81.79,warning,device_overload
2025-01-01T11:54:40+00:00,co-6,core_switch,81.61,8.81,98.05,573.74,19.88,86.01,53.57,2.67,94.64,warning,traffic_spike
2025-01-01T11:54:45+00:00,cl-8,client,421.47,79.07,17.17,12.6,87.96,40.51,42.75,54.96,16.28,warning,link_failure
2025-01-01T11:54:50+00:00,se-4,server,19.78,0.12,25.31,194.77,3.38,46.77,53.1,0.09,64.11,healthy,normal
2025-01-01T11:54:55+00:00,ro-6,router,25.37,0.36,52.08,288.02,4.13,59.07,40.12,0.15,56.33,healthy,normal
2025-01-01T11:55:00+00:00,ac-2,access_switch,26.53,0.29,24.1,171.95,2.86,30.83,49.07,0.33,15.26,healthy,normal
2025-01-01T11:55:05+00:00,co-7,core_switch,29.59,0.2,60.33,294.15,1.6,41.74,30.3,0.72,48.63,healthy,normal
2025-01-01T11:55:10+00:00,ro-6,router,25.23,0.92,46.74,145.6,1.06,25.43,51.81,0.56,25.19,healthy,normal
2025-01-01T11:55:15+00:00,co-3,core_switch,268.7,88.29,4.68,3.28,78.62,3.34,6.37,79.72,1.27,offline,device_failure
2025-01-01T11:55:20+00:00,da-7,database,97.66,5.23,95.48,670.64,14.88,84.96,69.28,3.21,93.8,warning,traffic_spike
2025-01-01T11:55:25+00:00,se-6,server,30.97,1.24,56.75,205.68,1.64,20.58,43.59,0.27,40.84,healthy,normal
2025-01-01T11:55:30+00:00,ro-1,router,96.06,3.38,52.94,127.83,22.99,89.87,86.53,5.59,86.57,warning,device_overload
2025-01-01T11:55:35+00:00,ro-8,router,28.16,0.75,42.64,250.74,3.66,24.99,65.23,0.59,16.07,healthy,normal
2025-01-01T11:55:40+00:00,cl-4,client,31.32,1.46,54.32,270.82,1.85,48.39,44.7,0.27,43.13,healthy,normal
2025-01-01T11:55:45+00:00,da-8,database,249.67,94.57,1.58,7.7,47.1,60.15,45.18,22.12,8.39,offline,link_failure
2025-01-01T11:55:50+00:00,cl-1,client,17.09,1.38,44.62,125.77,3.96,28.64,51.13,0.03,16.33,healthy,normal
2025-01-01T11:55:55+00:00,cl-3,client,216.77,81.13,14.69,16.46,64.84,62.89,61.68,64.81,10.15,warning,link_failure
2025-01-01T11:56:00+00:00,co-6,core_switch,113.68,7.69,97.76,138.55,16.53,68.62,67.08,6.07,90.59,warning,congestion
2025-01-01T11:56:05+00:00,co-3,core_switch,68.46,3.11,52.94,178.84,18.31,97.41,98.77,4.29,68.46,warning,device_overload
2025-01-01T11:56:10+00:00,ro-7,router,265.07,95.64,6.02,4.33,57.72,9.17,8.07,47.01,0.46,offline,device_failure
2025-01-01T11:56:15+00:00,co-4,core_switch,441.34,90.73,3.29,0.63,67.6,4.63,12.29,40.66,3.74,warning,device_failure
2025-01-01T11:56:20+00:00,se-5,server,287.0,97.44,7.77,0.08,89.72,1.46,0.94,38.07,7.61,warning,device_failure
2025-01-01T11:56:25+00:00,da-7,database,97.05,4.75,69.79,147.74,14.3,98.36,91.78,3.32,45.3,warning,device_overload
2025-01-01T11:56:30+00:00,ro-1,router,15.69,0.51,51.67,229.3,4.74,25.24,32.71,0.24,45.11,healthy,normal
2025-01-01T11:56:35+00:00,se-6,server,277.59,84.68,14.81,1.48,78.14,46.4,58.46,38.74,8.68,offline,link_failure
2025-01-01T11:56:40+00:00,da-5,database,141.32,9.81,93.23,728.08,27.3,78.41,68.45,3.0,98.02,warning,traffic_spike
2025-01-01T11:56:45+00:00,ac-4,access_switch,184.17,14.92,86.43,117.75,20.81,66.2,58.76,3.02,99.79,warning,congestion
2025-01-01T11:56:50+00:00,cl-2,client,61.59,6.47,90.29,569.07,8.4,89.25,78.84,2.4,90.1,warning,traffic_spike
2025-01-01T11:56:55+00:00,da-1,database,30.76,1.39,46.56,268.65,2.68,19.49,24.55,0.27,29.48,healthy,normal
2025-01-01T11:57:00+00:00,ro-4,router,144.03,7.65,93.05,497.31,16.63,87.61,68.12,4.34,98.43,warning,traffic_spike
2025-01-01T11:57:05+00:00,cl-4,client,400.64,91.49,5.4,2.84,89.48,1.2,5.44,72.99,0.97,offline,device_failure
2025-01-01T11:57:10+00:00,cl-8,client,40.08,0.14,23.69,317.78,2.05,59.28,48.23,0.17,37.69,healthy,normal
2025-01-01T11:57:15+00:00,se-4,server,24.41,0.36,36.71,272.1,2.86,46.38,45.26,0.51,41.97,healthy,normal
2025-01-01T11:57:20+00:00,cl-5,client,24.28,1.34,29.18,138.4,5.82,30.79,47.07,0.66,23.05,healthy,normal
2025-01-01T11:57:25+00:00,ac-1,access_switch,29.85,0.7,32.41,240.43,3.97,53.26,38.52,0.04,44.01,healthy,normal
2025-01-01T11:57:30+00:00,cl-8,client,34.78,1.34,61.18,303.84,3.92,19.06,51.66,0.67,43.79,healthy,normal
2025-01-01T11:57:35+00:00,ac-5,access_switch,455.82,91.32,4.65,3.89,92.75,1.11,7.43,78.64,4.72,offline,device_failure
2025-01-01T11:57:40+00:00,ac-4,access_switch,125.9,6.37,88.23,442.37,18.63,91.06,68.32,1.01,96.17,warning,traffic_spike
2025-01-01T11:57:45+00:00,da-7,database,194.88,88.53,17.29,9.31,64.5,55.65,40.95,46.19,14.95,offline,link_failure
2025-01-01T11:57:50+00:00,co-3,core_switch,40.61,0.04,43.85,291.63,3.43,36.04,55.84,0.64,66.99,healthy,normal
2025-01-01T11:57:55+00:00,se-6,server,39.19,0.89,47.01,137.01,3.78,40.36,42.49,0.27,42.13,healthy,normal
2025-01-01T11:58:00+00:00,da-2,database,112.06,4.54,98.58,673.96,18.27,96.1,59.6,2.18,99.3,warning,traffic_spike
2025-01-01T11:58:05+00:00,co-8,core_switch,101.31,1.32,45.78,55.54,18.27,88.43,85.82,6.09,59.3,warning,device_overload
2025-01-01T11:58:10+00:00,cl-4,client,190.84,7.0,88.84,136.73,25.84,60.91,62.74,1.54,97.71,warning,congestion
2025-01-01T11:58:15+00:00,cl-1,client,188.88,15.62,95.54,162.22,31.97,75.77,61.23,6.56,95.38,warning,congestion
2025-01-01T11:58:20+00:00,da-5,database,34.92,1.24,23.13,149.35,2.86,28.12,60.09,0.5,50.01,healthy,normal
2025-01-01T11:58:25+00:00,da-1,database,105.49,3.01,96.96,473.86,24.29,68.1,71.47,4.37,94.41,warning,traffic_spike
2025-01-01T11:58:30+00:00,da-6,database,64.54,7.21,88.92,762.89,14.41,97.94,82.54,2.23,96.58,warning,traffic_spike
2025-01-01T11:58:35+00:00,co-7,core_switch,39.97,1.09,58.93,267.67,2.07,40.78,27.33,0.08,29.57,healthy,normal
2025-01-01T11:58:40+00:00,ac-3,access_switch,55.67,3.81,94.05,709.15,11.2,77.9,82.09,4.65,98.95,warning,traffic_spike
2025-01-01T11:58:45+00:00,ro-5,router,34.27,0.43,20.67,223.28,5.77,34.79,36.77,0.54,20.08,healthy,normal
2025-01-01T11:58:50+00:00,ac-2,access_switch,15.55,1.35,37.33,214.52,3.39,16.47,43.97,0.47,37.71,healthy,normal
2025-01-01T11:58:55+00:00,cl-3,client,10.14,0.4,44.16,211.05,4.85,28.89,64.24,0.65,17.28,healthy,normal
2025-01-01T11:59:00+00:00,se-5,server,198.08,89.27,17.09,16.56,45.84,51.58,63.07,28.48,13.25,offline,link_failure
2025-01-01T11:59:05+00:00,co-2,core_switch,133.2,12.14,89.95,151.58,22.43,56.04,66.16,3.54,88.59,warning,congestion
2025-01-01T11:59:10+00:00,se-5,server,17.35,1.28,61.42,257.15,3.88,26.33,43.67,0.07,65.8,healthy,normal
2025-01-01T11:59:15+00:00,ro-5,router,102.43,4.94,98.15,865.93,12.7,84.33,59.95,2.05,95.56,warning,traffic_spike
2025-01-01T11:59:20+00:00,se-2,server,31.48,1.17,39.58,238.73,1.48,20.93,24.31,0.51,45.58,healthy,normal
2025-01-01T11:59:25+00:00,da-2,database,16.0,0.55,53.89,229.38,5.18,15.91,53.73,0.2,44.56,healthy,normal
2025-01-01T11:59:30+00:00,da-1,database,423.08,90.05,6.4,7.11,97.56,6.06,10.66,51.48,5.46,offline,device_failure
2025-01-01T11:59:35+00:00,da-5,database,38.2,1.17,49.06,257.21,3.04,19.03,63.07,0.16,42.59,healthy,normal
2025-01-01T11:59:40+00:00,co-5,core_switch,24.71,0.86,34.43,328.15,2.13,44.02,43.43,0.68,31.06,healthy,normal
2025-01-01T11:59:45+00:00,ac-3,access_switch,242.57,88.74,0.86,4.99,54.33,11.93,7.56,53.8,0.01,warning,device_failure
2025-01-01T11:59:50+00:00,ac-8,access_switch,71.59,2.17,81.97,105.9,18.34,91.31,97.82,6.72,46.06,warning,device_overload
2025-01-01T11:59:55+00:00,ro-5,router,136.53,10.49,96.8,120.65,18.54,62.47,71.54,3.78,94.05,warning,congestion
2025-01-01T12:00:00+00:00,co-7,core_switch,103.81,6.92,90.24,688.63,21.74,82.03,57.28,1.32,93.84,warning,traffic_spike
2025-01-01T12:00:05+00:00,ro-4,router,198.83,9.6,93.96,108.16,17.53,58.48,71.42,5.05,90.92,warning,congestion
2025-01-01T12:00:10+00:00,se-7,server,21.39,1.14,59.93,179.72,3.74,17.55,39.56,0.52,41.48,healthy,normal
2025-01-01T12:00:15+00:00,se-1,server,94.01,7.72,81.73,151.51,18.52,86.03,86.15,7.82,78.93,warning,device_overload
2025-01-01T12:00:20+00:00,ro-5,router,39.79,1.41,55.9,148.41,3.15,43.95,61.2,0.15,63.17,healthy,normal
2025-01-01T12:00:25+00:00,se-1,server,26.6,1.2,54.28,156.87,5.67,22.1,52.44,0.21,64.67,healthy,normal
2025-01-01T12:00:30+00:00,se-2,server,33.92,0.89,25.63,187.74,4.37,55.16,39.45,0.52,39.5,healthy,normal
2025-01-01T12:00:35+00:00,co-7,core_switch,28.05,0.09,59.1,125.29,3.42,59.65,45.46,0.32,41.2,healthy,normal
2025-01-01T12:00:40+00:00,da-5,database,36.04,0.74,55.21,308.48,4.49,25.72,64.5,0.4,26.8,healthy,normal
2025-01-01T12:00:45+00:00,co-6,core_switch,22.97,0.87,22.42,276.23,3.16,16.67,30.66,0.37,34.46,healthy,normal
2025-01-01T12:00:50+00:00,da-3,database,123.03,2.77,89.65,470.18,15.86,86.52,57.81,3.26,98.52,warning,traffic_spike
2025-01-01T12:00:55+00:00,se-1,server,255.24,79.56,11.44,12.4,38.4,49.47,49.07,30.41,14.88,warning,link_failure
2025-01-01T12:01:00+00:00,se-6,server,186.28,15.15,86.07,129.96,36.44,75.28,43.2,6.19,87.83,warning,congestion
2025-01-01T12:01:05+00:00,cl-3,client,27.54,0.84,22.63,240.63,5.33,32.44,34.54,0.66,34.54,healthy,normal
2025-01-01T12:01:10+00:00,da-3,database,264.98,92.88,5.64,6.33,80.86,6.83,0.96,66.17,6.25,offline,device_failure
2025-01-01T12:01:15+00:00,ac-7,access_switch,360.5,87.06,18.8,2.11,49.45,56.08,36.11,44.49,2.33,offline,link_failure
2025-01-01T12:01:20+00:00,co-6,core_switch,36.99,0.65,46.96,234.97,4.3,33.47,27.51,0.46,32.74,healthy,normal
2025-01-01T12:01:25+00:00,co-5,core_switch,107.08,5.04,89.26,474.29,11.72,92.38,65.81,0.89,91.3,warning,traffic_spike
2025-01-01T12:01:30+00:00,ac-6,access_switch,152.16,7.58,92.92,123.29,28.35,51.77,48.22,6.21,91.39,warning,congestion
2025-01-01T12:01:35+00:00,co-6,core_switch,117.29,3.52,69.07,156.48,7.56,89.11,97.55,5.6,74.81,warning,device_overload
2025-01-01T12:01:40+00:00,ac-1,access_switch,464.97,74.68,9.53,13.49,89.61,57.05,37.66,55.84,13.57,warning,link_failure
2025-01-01T12:01:45+00:00,cl-1,client,37.36,0.43,46.3,154.86,4.4,54.96,66.22,0.38,24.68,healthy,normal
2025-01-01T12:01:50+00:00,cl-3,client,108.56,13.39,86.61,132.03,34.21,71.13,56.17,1.38,99.41,warning,congestion
2025-01-01T12:01:55+00:00,ac-7,access_switch,28.55,1.1,38.9,175.89,2.82,56.63,66.15,0.12,47.89,healthy,normal
2025-01-01T12:02:00+00:00,ac-5,access_switch,26.67,0.6,27.02,228.86,3.4,16.76,54.66,0.18,19.06,healthy,normal
2025-01-01T12:02:05+00:00,co-4,core_switch,18.46,0.5,54.85,263.29,4.93,31.45,30.58,0.89,59.15,healthy,normal
2025-01-01T12:02:10+00:00,co-5,core_switch,38.65,0.14,57.38,160.53,4.93,23.08,57.15,0.72,32.02,healthy,normal
2025-01-01T12:02:15+00:00,da-4,database,16.77,0.73,29.63,110.79,2.87,38.05,30.2,0.75,43.37,healthy,normal
2025-01-01T12:02:20+00:00,co-5,core_switch,30.71,1.33,57.12,313.07,1.72,18.68,32.93,0.16,43.62,healthy,normal
2025-01-01T12:02:25+00:00,ac-3,access_switch,91.08,8.04,88.24,839.05,24.01,88.71,69.53,4.39,95.4,warning,traffic_spike
2025-01-01T12:02:30+00:00,se-6,server,23.73,0.13,64.38,232.56,1.43,56.95,32.59,0.57,49.01,healthy,normal
2025-01-01T12:02:35+00:00,se-5,server,10.17,0.19,32.34,191.87,4.34,55.38,35.57,0.14,27.13,healthy,normal
2025-01-01T12:02:40+00:00,ro-3,router,346.41,92.83,0.59,1.91,65.9,10.28,11.13,61.22,6.01,offline,device_failure
2025-01-01T12:02:45+00:00,ro-4,router,15.66,0.18,51.14,156.75,4.57,21.75,44.05,0.62,50.57,healthy,normal
2025-01-01T12:02:50+00:00,da-7,database,61.9,3.0,51.57,117.28,7.08,88.99,90.75,5.63,66.49,warning,device_overload
2025-01-01T12:02:55+00:00,se-4,server,32.96,0.53,33.8,202.04,5.8,19.3,39.58,0.77,46.85,healthy,normal
2025-01-01T12:03:00+00:00,ro-5,router,61.99,6.17,89.09,443.41,17.64,87.66,74.45,4.67,94.62,warning,traffic_spike
2025-01-01T12:03:05+00:00,da-6,database,92.1,7.37,98.93,152.46,31.62,61.73,44.53,1.88,86.46,warning,congestion
2025-01-01T12:03:10+00:00,co-8,core_switch,464.19,88.81,2.3,2.1,63.33,11.99,6.95,54.24,0.69,warning,device_failure
2025-01-01T12:03:15+00:00,cl-3,client,205.21,14.32,87.88,79.12,16.19,81.81,51.02,5.88,89.66,warning,congestion
2025-01-01T12:03:20+00:00,se-7,server,40.86,1.41,55.16,179.65,0.86,35.91,31.29,0.55,29.82,healthy,normal
2025-01-01T12:03:25+00:00,co-1,core_switch,20.31,1.46,46.3,308.61,5.46,29.02,24.47,0.42,53.01,healthy,normal
2025-01-01T12:03:30+00:00,co-4,core_switch,14.32,1.46,23.74,112.05,0.88,55.17,52.28,0.14,25.02,healthy,normal
2025-01-01T12:03:35+00:00,co-3,core_switch,17.9,0.02,52.8,146.58,2.4,18.19,49.22,0.41,40.79,healthy,normal
2025-01-01T12:03:40+00:00,co-4,core_switch,30.82,1.07,46.91,138.92,4.92,24.05,64.84,0.49,35.45,healthy,normal
2025-01-01T12:03:45+00:00,da-3,database,36.94,1.19,37.7,232.7,2.22,48.32,26.48,0.41,21.79,healthy,normal
2025-01-01T12:03:50+00:00,cl-2,client,133.86,6.45,75.55,109.53,20.03,92.75,94.75,1.98,52.06,warning,device_overload
2025-01-01T12:03:55+00:00,cl-2,client,23.64,0.82,35.25,258.73,2.89,21.63,28.37,0.27,47.3,healthy,normal
2025-01-01T12:04:00+00:00,se-2,server,335.79,88.48,3.57,0.46,86.48,10.02,5.62,61.19,2.38,offline,device_failure
2025-01-01T12:04:05+00:00,se-6,server,16.12,1.05,28.26,171.74,5.77,44.94,39.09,0.02,37.93,healthy,normal
2025-01-01T12:04:10+00:00,ac-8,access_switch,491.83,94.55,7.48,5.19,47.63,5.82,12.28,85.5,4.87,warning,device_failure
2025-01-01T12:04:15+00:00,ro-1,router,130.96,5.61,91.03,734.45,23.26,90.43,70.63,3.74,99.18,warning,traffic_spike
2025-01-01T12:04:20+00:00,ro-5,router,14.97,0.09,21.27,268.51,1.08,16.03,66.48,0.69,31.82,healthy,normal
2025-01-01T12:04:25+00:00,se-4,server,108.69,9.56,88.71,473.02,14.02,96.3,82.04,2.79,95.01,warning,traffic_spike
2025-01-01T12:04:30+00:00,co-2,core_switch,20.01,0.68,48.01,154.65,2.67,21.29,27.63,0.16,18.62,healthy,normal
2025-01-01T12:04:35+00:00,se-5,server,490.31,92.01,2.44,6.07,99.96,5.43,9.09,54.09,1.52,offline,device_failure
2025-01-01T12:04:40+00:00,se-3,server,39.15,1.47,53.43,112.18,2.12,56.85,28.62,0.88,58.88,healthy,normal
2025-01-01T12:04:45+00:00,co-7,core_switch,33.14,0.36,60.4,280.49,5.14,39.4,45.32,0.11,32.36,healthy,normal
2025-01-01T12:04:50+00:00,da-4,database,59.41,3.02,96.49,478.45,27.2,78.51,84.6,0.9,96.97,warning,traffic_spike
2025-01-01T12:04:55+00:00,co-6,core_switch,73.7,9.13,95.39,578.56,15.54,94.03,85.38,2.71,93.79,warning,traffic_spike
2025-01-01T12:05:00+00:00,cl-4,client,156.22,2.93,49.91,79.95,16.64,90.68,92.54,5.91,52.79,warning,device_overload
2025-01-01T12:05:05+00:00,ro-1,router,138.56,8.57,94.02,510.15,13.03,86.03,59.9,3.1,97.09,warning,traffic_spike
2025-01-01T12:05:10+00:00,cl-3,client,40.02,1.18,21.94,143.22,2.04,36.28,37.13,0.54,19.59,healthy,normal
2025-01-01T12:05:15+00:00,co-3,core_switch,112.73,4.52,68.42,65.01,13.44,98.77,99.42,2.19,82.91,warning,device_overload
2025-01-01T12:05:20+00:00,cl-7,client,166.8,7.31,84.97,60.88,15.92,87.41,85.33,7.07,87.16,warning,device_overload
2025-01-01T12:05:25+00:00,cl-7,client,137.2,9.82,99.27,627.04,10.39,90.7,71.83,0.84,90.39,warning,traffic_spike
2025-01-01T12:05:30+00:00,ac-7,access_switch,26.22,0.14,38.77,175.62,2.0,32.75,66.77,0.59,32.26,healthy,normal
2025-01-01T12:05:35+00:00,co-3,core_switch,146.76,12.61,90.34,119.7,16.75,77.99,52.73,1.2,86.98,warning,congestion
2025-01-01T12:05:40+00:00,ro-8,router,91.27,4.79,96.53,524.57,8.06,85.61,52.59,0.71,96.52,warning,traffic_spike
2025-01-01T12:05:45+00:00,da-7,database,25.67,0.54,25.19,284.38,2.9,19.81,67.31,0.54,35.37,healthy,normal
2025-01-01T12:05:50+00:00,se-5,server,133.01,7.41,92.65,168.0,15.45,57.86,66.05,2.32,98.29,warning,congestion
2025-01-01T12:05:55+00:00,se-6,server,85.87,7.96,60.64,173.63,7.18,93.08,97.18,1.28,53.0,warning,device_overload
2025-01-01T12:06:00+00:00,cl-1,client,207.91,73.06,18.77,13.57,49.41,34.21,56.89,47.0,16.36,offline,link_failure
2025-01-01T12:06:05+00:00,cl-7,client,40.46,1.21,34.84,187.7,1.78,35.38,31.93,0.26,38.41,healthy,normal
2025-01-01T12:06:10+00:00,ro-1,router,135.7,8.86,98.44,495.85,24.91,80.25,58.15,0.55,90.03,warning,traffic_spike
2025-01-01T12:06:15+00:00,cl-7,client,18.12,0.4,41.88,126.88,5.39,36.99,52.67,0.63,37.02,healthy,normal
2025-01-01T12:06:20+00:00,cl-4,client,11.25,0.73,19.97,315.23,3.91,44.04,35.72,0.65,29.28,healthy,normal
2025-01-01T12:06:25+00:00,ac-4,access_switch,440.7,89.9,5.39,0.28,82.35,5.21,3.17,45.88,5.97,warning,device_failure
2025-01-01T12:06:30+00:00,se-7,server,12.49,0.41,19.43,256.0,2.59,36.52,59.55,0.59,54.19,healthy,normal
2025-01-01T12:06:35+00:00,co-4,core_switch,128.62,10.17,92.2,136.83,23.6,76.39,73.03,2.54,94.12,warning,congestion
2025-01-01T12:06:40+00:00,se-5,server,12.03,1.15,32.82,189.46,3.08,44.19,33.8,0.43,41.8,healthy,normal
2025-01-01T12:06:45+00:00,co-6,core_switch,18.78,0.51,41.99,110.27,2.78,28.65,40.71,0.44,15.69,healthy,normal
2025-01-01T12:06:50+00:00,ac-8,access_switch,12.75,0.83,37.84,224.0,5.61,55.54,51.76,0.31,41.58,healthy,normal
2025-01-01T12:06:55+00:00,ro-8,router,121.73,8.33,97.13,587.96,21.64,73.54,64.65,0.96,91.0,warning,traffic_spike
2025-01-01T12:07:00+00:00,da-7,database,38.93,0.9,42.88,147.82,3.0,23.72,65.02,0.61,48.22,healthy,normal
2025-01-01T12:07:05+00:00,se-3,server,63.41,8.99,96.03,811.62,11.46,75.19,64.79,2.59,91.59,warning,traffic_spike
2025-01-01T12:07:10+00:00,co-4,core_switch,33.92,0.91,48.3,229.03,5.83,52.37,29.68,0.6,25.61,healthy,normal
2025-01-01T12:07:15+00:00,cl-4,client,164.03,8.85,83.95,70.94,34.44,68.05,45.88,2.54,94.35,warning,congestion
2025-01-01T12:07:20+00:00,cl-5,client,38.56,1.11,27.62,273.01,5.18,23.31,49.72,0.35,44.33,healthy,normal
2025-01-01T12:07:25+00:00,cl-6,client,102.29,7.61,90.45,562.26,26.66,74.84,76.34,4.35,94.92,warning,traffic_spike
2025-01-01T12:07:30+00:00,se-4,server,11.21,0.36,40.84,164.16,3.2,38.94,36.39,0.59,54.21,healthy,normal
2025-01-01T12:07:35+00:00,co-5,core_switch,374.81,81.62,12.51,2.5,89.56,57.55,29.49,22.06,9.31,offline,link_failure
2025-01-01T12:07:40+00:00,da-7,database,132.85,11.21,90.7,137.89,36.14,77.86,46.46,3.3,99.42,warning,congestion
2025-01-01T12:07:45+00:00,co-5,core_switch,337.87,99.49,0.37,7.2,91.14,6.89,7.64,61.26,7.12,offline,device_failure
2025-01-01T12:07:50+00:00,ac-7,access_switch,149.07,7.64,67.38,141.78,14.17,94.85,93.82,5.27,66.58,warning,device_overload
2025-01-01T12:07:55+00:00,ro-4,router,168.04,14.4,90.55,120.27,23.33,73.61,77.04,6.4,91.18,warning,congestion
2025-01-01T12:08:00+00:00,se-1,server,419.34,84.09,5.6,12.69,45.15,41.5,38.12,34.23,2.17,offline,link_failure
2025-01-01T12:08:05+00:00,cl-1,client,32.93,0.09,41.19,263.94,4.47,37.48,51.75,0.18,48.48,healthy,normal
2025-01-01T12:08:10+00:00,co-6,core_switch,183.91,4.7,94.78,81.74,23.87,58.9,51.48,1.74,92.74,warning,congestion
2025-01-01T12:08:15+00:00,cl-4,client,398.22,82.67,12.97,0.45,50.54,40.45,45.51,33.26,4.14,offline,link_failure
2025-01-01T12:08:20+00:00,ac-2,access_switch,13.71,0.41,53.38,159.91,3.26,33.69,57.78,0.64,45.46,healthy,normal
2025-01-01T12:08:25+00:00,se-3,server,37.5,0.42,46.92,200.14,5.01,25.69,44.95,0.22,19.21,healthy,normal
2025-01-01T12:08:30+00:00,ro-6,router,169.16,1.94,65.86,65.84,11.96,95.8,98.29,4.16,60.74,warning,device_overload
2025-01-01T12:08:35+00:00,ro-5,router,18.87,1.17,58.21,147.0,3.72,17.06,57.52,0.84,36.1,healthy,normal
2025-01-01T12:08:40+00:00,se-7,server,10.75,0.97,55.91,255.32,1.75,39.45,36.75,0.06,42.9,healthy,normal
2025-01-01T12:08:45+00:00,ro-5,router,226.93,15.75,98.49,66.46,34.9,71.48,74.15,4.32,87.57,warning,congestion
2025-01-01T12:08:50+00:00,ac-6,access_switch,20.69,0.88,33.63,176.74,2.37,41.43,30.52,0.89,45.11,healthy,normal
2025-01-01T12:08:55+00:00,cl-3,client,18.9,0.9,27.46,243.65,4.42,20.81,60.95,0.2,62.24,healthy,normal
2025-01-01T12:09:00+00:00,se-7,server,18.34,1.09,50.35,179.56,4.41,16.72,55.36,0.33,31.14,healthy,normal
2025-01-01T12:09:05+00:00,ro-8,router,324.22,97.29,5.83,5.68,62.26,4.69,4.86,45.45,1.38,offline,device_failure
2025-01-01T12:09:10+00:00,ro-6,router,190.05,5.15,86.58,87.31,16.89,46.52,61.54,3.5,98.97,warning,congestion
2025-01-01T12:09:15+00:00,se-5,server,36.92,0.18,56.36,167.76,5.53,42.53,26.77,0.07,41.23,healthy,normal
2025-01-01T12:09:20+00:00,co-3,core_switch,67.58,6.57,95.25,672.78,9.2,72.86,67.11,4.12,96.04,warning,traffic_spike
2025-01-01T12:09:25+00:00,ac-7,access_switch,30.61,0.02,27.91,209.66,2.09,22.82,42.01,0.4,47.87,healthy,normal
2025-01-01T12:09:30+00:00,da-8,database,34.11,1.38,41.69,114.42,4.74,30.43,64.68,0.21,52.85,healthy,normal
2025-01-01T12:09:35+00:00,da-8,database,10.34,0.71,60.72,169.53,1.39,44.7,34.11,0.1,52.59,healthy,normal
2025-01-01T12:09:40+00:00,ro-5,router,287.58,77.6,16.25,12.91,69.0,31.75,68.66,24.96,5.96,offline,link_failure
2025-01-01T12:09:45+00:00,da-3,database,156.58,3.47,80.26,80.16,11.5,88.0,97.07,1.64,66.74,warning,device_overload
2025-01-01T12:09:50+00:00,ro-5,router,38.84,0.55,53.48,307.74,1.97,38.75,26.15,0.03,65.77,healthy,normal
2025-01-01T12:09:55+00:00,co-6,core_switch,12.24,0.4,34.19,263.03,5.01,55.43,47.91,0.46,20.51,healthy,normal
2025-01-01T12:10:00+00:00,da-5,database,100.96,5.14,99.39,51.82,18.91,45.53,44.99,5.85,98.56,warning,congestion
2025-01-01T12:10:05+00:00,ac-1,access_switch,117.28,7.66,67.78,175.35,13.72,94.99,90.63,1.76,85.08,warning,device_overload
2025-01-01T12:10:10+00:00,cl-3,client,106.16,5.84,91.01,87.58,18.94,48.76,43.14,4.46,98.59,warning,congestion
2025-01-01T12:10:15+00:00,ac-3,access_switch,14.2,0.42,58.07,295.07,2.11,36.74,65.75,0.66,60.11,healthy,normal
2025-01-01T12:10:20+00:00,co-2,core_switch,30.24,0.79,62.98,183.2,5.51,19.17,64.63,0.76,17.2,healthy,normal
2025-01-01T12:10:25+00:00,ro-4,router,16.21,0.84,57.89,279.38,3.34,24.85,38.47,0.09,62.21,healthy,normal
2025-01-01T12:10:30+00:00,da-6,database,17.44,1.19,30.37,143.09,1.15,24.36,45.43,0.06,52.83,healthy,normal
2025-01-01T12:10:35+00:00,se-8,server,138.4,9.85,99.22,446.9,19.24,91.27,51.28,2.33,98.16,warning,traffic_spike
2025-01-01T12:10:40+00:00,cl-2,client,39.51,1.45,40.48,159.72,2.39,45.15,37.73,0.22,52.94,healthy,normal
2025-01-01T12:10:45+00:00,ro-7,router,498.57,93.58,1.43,0.49,94.85,7.36,4.72,48.82,7.35,warning,device_failure
2025-01-01T12:10:50+00:00,se-2,server,321.94,99.49,9.98,6.27,69.73,9.91,2.55,35.91,5.48,offline,device_failure
2025-01-01T12:10:55+00:00,da-8,database,35.21,0.42,58.63,249.56,5.85,41.96,57.57,0.59,42.64,healthy,normal
2025-01-01T12:11:00+00:00,ac-6,access_switch,234.27,73.08,7.0,4.33,31.73,56.17,58.06,27.76,10.46,offline,link_failure
2025-01-01T12:11:05+00:00,da-6,database,24.78,0.88,50.98,327.13,3.61,51.25,35.88,0.21,21.11,healthy,normal
2025-01-01T12:11:10+00:00,da-2,database,80.8,4.93,97.85,603.06,18.94,72.79,80.0,3.29,92.64,warning,traffic_spike
2025-01-01T12:11:15+00:00,da-1,database,40.92,0.32,49.86,220.95,5.34,36.8,33.21,0.07,62.79,healthy,normal
2025-01-01T12:11:20+00:00,se-8,server,126.06,6.73,91.87,507.15,21.28,96.68,68.38,3.54,96.16,warning,traffic_spike
2025-01-01T12:11:25+00:00,ac-4,access_switch,407.67,95.1,1.78,5.18,47.11,8.49,12.56,66.63,6.62,warning,device_failure
2025-01-01T12:11:30+00:00,cl-6,client,10.39,1.02,53.93,268.76,2.83,27.09,34.55,0.57,21.38,healthy,normal
2025-01-01T12:11:35+00:00,ro-3,router,157.8,4.88,96.85,83.46,28.38,80.82,43.3,1.77,86.21,warning,congestion
2025-01-01T12:11:40+00:00,cl-3,client,122.27,8.72,90.85,94.16,34.11,52.59,47.62,2.51,98.84,warning,congestion
2025-01-01T12:11:45+00:00,se-6,server,250.55,99.89,4.52,2.42,40.39,21.82,31.14,60.21,13.19,warning,link_failure
2025-01-01T12:11:50+00:00,ac-1,access_switch,382.55,90.7,8.26,5.62,35.2,31.16,27.74,25.73,1.83,offline,link_failure
2025-01-01T12:11:55+00:00,da-7,database,257.13,91.88,3.87,2.42,88.77,8.45,6.64,53.12,7.73,offline,device_failure
2025-01-01T12:12:00+00:00,da-1,database,174.94,4.63,48.44,159.68,15.27,97.0,84.76,7.69,86.97,warning,device_overload
2025-01-01T12:12:05+00:00,da-3,database,24.05,0.67,23.21,172.95,0.88,53.88,38.43,0.74,34.53,healthy,normal
2025-01-01T12:12:10+00:00,ro-1,router,41.38,0.03,31.32,308.79,2.18,57.21,37.25,0.66,45.78,healthy,normal
2025-01-01T12:12:15+00:00,cl-2,client,350.24,86.45,18.19,13.29,49.36,28.95,41.18,55.93,3.32,offline,link_failure
2025-01-01T12:12:20+00:00,ro-8,router,21.93,1.46,40.41,158.22,3.87,24.48,30.64,0.08,31.32,healthy,normal
2025-01-01T12:12:25+00:00,ro-4,router,63.96,2.01,64.16,154.04,21.09,90.24,93.14,5.04,71.38,warning,device_overload
2025-01-01T12:12:30+00:00,co-8,core_switch,21.91,0.39,31.16,223.29,3.05,33.8,26.76,0.14,62.25,healthy,normal
2025-01-01T12:12:35+00:00,ro-3,router,421.53,92.42,16.71,11.81,38.85,28.64,40.57,61.65,12.71,warning,link_failure
2025-01-01T12:12:40+00:00,cl-6,client,85.19,5.38,76.8,136.48,18.29,99.84,99.12,6.73,87.16,warning,device_overload
2025-01-01T12:12:45+00:00,co-1,core_switch,113.4,9.17,97.04,813.71,15.16,76.96,52.51,2.84,95.51,warning,traffic_spike
2025-01-01T12:12:50+00:00,ac-3,access_switch,382.1,75.67,9.31,22.95,85.88,55.14,51.61,52.15,0.94,offline,link_failure
2025-01-01T12:12:55+00:00,co-8,core_switch,99.84,7.65,94.6,462.72,13.45,70.02,56.94,3.44,98.11,warning,traffic_spike
2025-01-01T12:13:00+00:00,co-8,core_switch,264.15,92.41,8.04,10.39,44.77,63.63,71.2,43.82,14.73,offline,link_failure
2025-01-01T12:13:05+00:00,ac-4,access_switch,19.79,0.56,43.86,114.01,1.59,25.91,25.74,0.6,15.81,healthy,normal
2025-01-01T12:13:10+00:00,co-8,core_switch,452.73,79.44,13.53,2.33,64.35,62.69,31.07,52.7,14.02,offline,link_failure
2025-01-01T12:13:15+00:00,da-4,database,155.55,4.37,96.81,143.66,24.9,54.9,65.99,6.41,86.42,warning,congestion
2025-01-01T12:13:20+00:00,ac-5,access_switch,11.03,0.3,39.41,122.37,5.57,48.89,57.88,0.51,48.9,healthy,normal
2025-01-01T12:13:25+00:00,se-2,server,135.88,2.16,51.13,118.61,10.28,91.06,97.48,7.05,82.99,warning,device_overload
2025-01-01T12:13:30+00:00,da-2,database,450.46,92.98,9.16,2.66,97.6,5.45,13.06,61.67,4.25,offline,device_failure
2025-01-01T12:13:35+00:00,ac-4,access_switch,28.16,0.92,33.71,138.98,2.0,34.46,54.54,0.21,29.08,healthy,normal
2025-01-01T12:13:40+00:00,cl-7,client,28.26,0.46,40.36,250.04,1.18,53.28,52.46,0.59,64.77,healthy,normal
2025-01-01T12:13:45+00:00,cl-1,client,36.55,1.48,27.56,131.95,2.14,19.5,41.83,0.49,18.47,healthy,normal
2025-01-01T12:13:50+00:00,co-3,core_switch,87.49,5.16,58.58,161.85,18.39,95.66,96.36,6.38,48.55,warning,device_overload
2025-01-01T12:13:55+00:00,se-8,server,41.21,0.11,52.57,183.0,3.12,37.66,52.8,0.11,54.64,healthy,normal
2025-01-01T12:14:00+00:00,co-6,core_switch,161.22,4.41,85.45,69.74,32.2,73.32,65.41,3.08,89.55,warning,congestion
2025-01-01T12:14:05+00:00,cl-2,client,37.99,1.29,24.8,120.91,2.36,41.34,67.36,0.61,63.01,healthy,normal
2025-01-01T12:14:10+00:00,co-1,core_switch,21.19,0.97,39.22,299.29,5.31,32.28,44.39,0.05,26.58,healthy,normal
2025-01-01T12:14:15+00:00,co-4,core_switch,25.77,0.29,32.91,307.07,1.03,41.84,35.3,0.29,15.29,healthy,normal
2025-01-01T12:14:20+00:00,co-7,core_switch,13.05,1.24,27.6,161.33,3.98,15.08,43.22,0.09,54.55,healthy,normal
2025-01-01T12:14:25+00:00,co-1,core_switch,18.34,0.52,50.22,208.11,4.28,54.44,32.98,0.63,25.63,healthy,normal
2025-01-01T12:14:30+00:00,se-1,server,109.48,5.54,99.96,816.16,9.15,90.61,51.79,1.78,93.7,warning,traffic_spike
2025-01-01T12:14:35+00:00,ac-3,access_switch,35.33,1.33,58.29,286.12,4.16,34.67,27.93,0.29,48.38,healthy,normal
2025-01-01T12:14:40+00:00,ac-2,access_switch,11.9,0.01,52.12,255.41,5.28,19.34,33.6,0.67,46.39,healthy,normal
2025-01-01T12:14:45+00:00,co-2,core_switch,291.55,81.63,15.54,14.58,77.71,54.28,40.54,49.65,12.09,offline,link_failure
2025-01-01T12:14:50+00:00,co-5,core_switch,11.23,0.91,60.31,279.88,1.99,23.42,44.12,0.7,19.54,healthy,normal
2025-01-01T12:14:55+00:00,ac-4,access_switch,64.64,2.3,89.63,883.3,13.53,68.78,77.18,4.38,98.02,warning,traffic_spike
2025-01-01T12:15:00+00:00,da-8,database,32.77,0.32,30.84,184.93,2.21,48.98,34.88,0.09,41.32,healthy,normal
2025-01-01T12:15:05+00:00,se-2,server,22.33,1.15,62.25,328.82,3.3,19.41,58.74,0.16,28.53,healthy,normal
2025-01-01T12:15:10+00:00,da-3,database,26.48,0.5,35.1,147.82,2.88,35.86,38.81,0.5,56.47,healthy,normal
2025-01-01T12:15:15+00:00,se-2,server,195.07,5.08,88.9,64.23,24.11,63.27,67.18,5.58,86.74,warning,congestion
2025-01-01T12:15:20+00:00,ac-6,access_switch,113.76,4.29,92.79,881.3,10.46,77.78,53.99,1.85,93.39,warning,traffic_spike
2025-01-01T12:15:25+00:00,ro-4,router,19.12,0.03,55.2,176.94,1.44,43.28,57.47,0.28,46.69,healthy,normal
2025-01-01T12:15:30+00:00,co-5,core_switch,21.16,1.07,43.94,217.92,4.58,59.52,61.51,0.59,50.75,healthy,normal
2025-01-01T12:15:35+00:00,ro-5,router,24.06,0.87,47.49,238.59,3.4,53.75,50.8,0.45,58.31,healthy,normal
2025-01-01T12:15:40+00:00,co-8,core_switch,160.94,6.69,84.68,84.38,12.04,98.25,97.77,4.37,52.06,warning,device_overload
2025-01-01T12:15:45+00:00,da-1,database,130.31,6.01,89.17,710.12,10.31,81.18,65.38,3.59,96.42,warning,traffic_spike
2025-01-01T12:15:50+00:00,da-1,database,192.0,90.92,18.5,2.2,64.69,20.81,61.52,54.49,13.2,offline,link_failure
2025-01-01T12:15:55+00:00,da-6,database,13.52,0.42,43.19,218.85,2.22,20.92,49.2,0.28,66.56,healthy,normal
2025-01-01T12:16:00+00:00,ac-5,access_switch,264.83,89.25,15.79,19.84,58.43,43.63,63.28,44.6,1.26,offline,link_failure
2025-01-01T12:16:05+00:00,ro-6,router,36.69,0.52,35.77,201.45,1.24,42.13,56.74,0.37,61.34,healthy,normal
2025-01-01T12:16:10+00:00,ac-5,access_switch,119.73,5.35,95.62,812.43,10.2,94.76,68.23,1.05,94.48,warning,traffic_spike
2025-01-01T12:16:15+00:00,ro-3,router,17.22,1.03,49.64,194.06,3.72,17.99,32.84,0.49,66.01,healthy,normal
2025-01-01T12:16:20+00:00,co-8,core_switch,142.61,11.31,89.8,139.1,32.25,77.25,65.92,5.78,87.57,warning,congestion
2025-01-01T12:16:25+00:00,se-2,server,61.11,9.92,96.26,537.33,27.32,77.2,58.43,2.52,99.21,warning,traffic_spike
2025-01-01T12:16:30+00:00,cl-5,client,32.51,0.41,55.7,293.74,1.3,41.02,61.79,0.6,51.24,healthy,normal
2025-01-01T12:16:35+00:00,ro-6,router,223.86,8.6,88.29,147.09,30.56,48.61,63.14,1.61,89.11,warning,congestion
2025-01-01T12:16:40+00:00,da-1,database,104.45,7.61,55.25,122.63,22.1,86.72,96.73,1.0,72.54,warning,device_overload
2025-01-01T12:16:45+00:00,ro-2,router,17.02,0.99,50.88,236.74,4.27,44.95,56.34,0.05,22.57,healthy,normal
2025-01-01T12:16:50+00:00,ac-2,access_switch,94.82,7.54,92.35,571.36,18.29,91.49,72.75,1.96,94.41,warning,traffic_spike
2025-01-01T12:16:55+00:00,se-3,server,21.29,0.57,49.96,152.57,0.97,47.86,43.03,0.62,35.01,healthy,normal
2025-01-01T12:17:00+00:00,cl-1,client,17.29,0.23,19.33,188.1,4.58,32.27,37.49,0.03,32.82,healthy,normal
2025-01-01T12:17:05+00:00,se-5,server,163.24,6.26,65.32,58.97,10.45,88.04,94.2,7.54,74.77,warning,device_overload
2025-01-01T12:17:10+00:00,se-7,server,127.76,8.64,84.44,61.26,26.83,65.44,49.34,6.62,91.97,warning,congestion
2025-01-01T12:17:15+00:00,se-1,server,10.64,0.71,62.41,273.99,5.6,48.22,45.09,0.64,57.98,healthy,normal
2025-01-01T12:17:20+00:00,co-2,core_switch,27.13,0.79,27.46,148.69,5.74,16.52,33.4,0.01,45.18,healthy,normal
2025-01-01T12:17:25+00:00,ro-2,router,476.44,93.89,3.99,7.42,50.87,1.37,3.17,83.94,0.12,warning,device_failure
2025-01-01T12:17:30+00:00,se-8,server,29.07,0.3,50.64,116.89,4.28,35.14,66.99,0.19,62.94,healthy,normal
2025-01-01T12:17:35+00:00,se-2,server,113.61,8.71,94.28,153.77,37.42,72.32,42.72,3.99,97.43,warning,congestion
2025-01-01T12:17:40+00:00,da-1,database,40.34,1.25,24.1,227.52,2.12,29.51,25.86,0.53,56.73,healthy,normal
2025-01-01T12:17:45+00:00,cl-5,client,38.91,0.04,47.97,232.46,1.17,37.61,35.54,0.49,60.43,healthy,normal
2025-01-01T12:17:50+00:00,da-1,database,28.93,1.16,21.21,257.78,2.52,25.17,38.62,0.3,34.25,healthy,normal
2025-01-01T12:17:55+00:00,da-1,database,13.42,0.55,32.72,249.9,2.1,17.13,32.68,0.44,61.55,healthy,normal
2025-01-01T12:18:00+00:00,ac-7,access_switch,304.97,92.85,4.95,7.03,53.15,5.92,3.96,77.55,6.32,offline,device_failure
2025-01-01T12:18:05+00:00,se-8,server,105.0,7.76,83.76,136.79,8.03,98.59,87.11,1.6,49.49,warning,device_overload
2025-01-01T12:18:10+00:00,co-2,core_switch,114.16,2.5,70.38,108.73,11.71,99.91,86.02,7.12,66.84,warning,device_overload
2025-01-01T12:18:15+00:00,ac-6,access_switch,247.19,92.14,16.63,4.61,77.9,41.44,36.24,24.61,0.16,offline,link_failure
2025-01-01T12:18:20+00:00,co-4,core_switch,140.74,3.22,88.98,737.88,18.09,95.23,61.53,0.62,92.17,warning,traffic_spike
2025-01-01T12:18:25+00:00,se-5,server,15.15,0.99,22.22,248.0,5.94,15.52,62.31,0.47,50.21,healthy,normal
2025-01-01T12:18:30+00:00,ac-8,access_switch,24.76,1.26,41.2,212.18,2.4,22.63,24.3,0.0,45.58,healthy,normal
2025-01-01T12:18:35+00:00,ro-1,router,128.57,6.95,99.69,696.13,15.42,85.23,76.88,1.97,96.67,warning,traffic_spike
2025-01-01T12:18:40+00:00,co-8,core_switch,22.32,1.0,19.98,177.39,2.2,59.88,47.37,0.66,17.49,healthy,normal
2025-01-01T12:18:45+00:00,ac-5,access_switch,479.57,92.44,0.71,5.05,72.13,2.04,0.1,75.24,7.42,offline,device_failure
2025-01-01T12:18:50+00:00,da-1,database,12.05,1.47,38.33,266.36,3.66,36.89,50.41,0.79,28.62,healthy,normal
2025-01-01T12:18:55+00:00,ac-4,access_switch,153.6,5.84,48.51,109.39,15.79,99.95,88.54,6.83,84.59,warning,device_overload
2025-01-01T12:19:00+00:00,ac-1,access_switch,136.37,6.18,87.86,140.91,20.81,66.7,52.84,5.98,87.34,warning,congestion
2025-01-01T12:19:05+00:00,ac-6,access_switch,16.36,0.48,27.44,289.46,2.13,54.39,40.68,0.04,46.16,healthy,normal
2025-01-01T12:19:10+00:00,da-4,database,116.36,2.04,96.15,718.56,9.77,89.01,85.08,2.53,91.23,warning,traffic_spike
2025-01-01T12:19:15+00:00,cl-3,client,37.38,0.73,21.1,126.52,2.37,49.89,57.84,0.17,30.85,healthy,normal
2025-01-01T12:19:20+00:00,co-7,core_switch,144.89,6.61,73.41,165.47,22.48,94.17,86.59,6.94,55.39,warning,device_overload
2025-01-01T12:19:25+00:00,cl-8,client,36.28,0.77,54.67,296.96,4.11,26.29,50.09,0.25,37.56,healthy,normal
2025-01-01T12:19:30+00:00,ac-5,access_switch,84.88,3.58,95.68,442.4,17.71,73.03,54.22,2.08,95.74,warning,traffic_spike
2025-01-01T12:19:35+00:00,ro-6,router,295.16,72.76,3.57,5.82,86.87,56.56,65.64,31.71,10.97,offline,link_failure
2025-01-01T12:19:40+00:00,ro-3,router,167.04,9.8,99.61,116.7,26.24,46.65,66.33,4.07,95.3,warning,congestion
2025-01-01T12:19:45+00:00,se-8,server,140.9,5.44,76.06,79.07,7.66,91.77,86.67,1.55,69.06,warning,device_overload
2025-01-01T12:19:50+00:00,ro-7,router,148.07,1.46,50.09,63.77,18.45,94.78,97.33,5.73,60.65,warning,device_overload
2025-01-01T12:19:55+00:00,cl-5,client,37.08,0.91,26.05,261.77,3.74,45.45,27.44,0.08,33.35,healthy,normal
2025-01-01T12:20:00+00:00,cl-2,client,35.14,0.3,49.75,170.07,3.31,15.47,39.71,0.89,49.13,healthy,normal
2025-01-01T12:20:05+00:00,da-6,database,132.89,9.48,88.91,598.86,8.47,91.82,63.94,2.92,94.6,warning,traffic_spike
2025-01-01T12:20:10+00:00,co-3,core_switch,10.33,0.15,55.52,148.73,3.78,45.52,59.15,0.63,54.93,healthy,normal
2025-01-01T12:20:15+00:00,co-7,core_switch,21.53,0.69,21.35,316.71,1.66,57.73,61.55,0.66,62.59,healthy,normal
2025-01-01T12:20:20+00:00,co-6,core_switch,35.28,0.96,24.28,164.72,1.98,30.26,29.46,0.36,60.88,healthy,normal
2025-01-01T12:20:25+00:00,ro-4,router,212.69,5.63,91.08,155.28,23.57,76.27,70.22,3.58,89.91,warning,congestion
2025-01-01T12:20:30+00:00,se-4,server,19.61,1.31,19.49,242.23,3.52,57.99,65.22,0.67,57.74,healthy,normal
2025-01-01T12:20:35+00:00,cl-5,client,26.38,0.06,57.51,259.93,2.0,32.42,31.98,0.57,59.12,healthy,normal
2025-01-01T12:20:40+00:00,se-4,server,28.39,0.29,35.57,167.32,4.51,24.94,44.81,0.42,25.99,healthy,normal
2025-01-01T12:20:45+00:00,da-8,database,429.56,75.7,3.31,1.13,55.42,32.27,51.15,26.74,5.44,offline,link_failure
2025-01-01T12:20:50+00:00,ro-2,router,126.8,5.44,73.49,77.19,18.04,94.17,92.49,7.99,82.28,warning,device_overload
2025-01-01T12:20:55+00:00,da-8,database,23.38,0.91,55.88,251.69,3.99,59.37,29.03,0.22,26.48,healthy,normal
2025-01-01T12:21:00+00:00,da-1,database,157.32,15.16,87.74,56.22,24.14,47.94,67.86,1.93,95.07,warning,congestion
2025-01-01T12:21:05+00:00,cl-2,client,386.28,94.96,4.78,7.5,58.29,5.0,6.42,73.54,2.1,warning,device_failure
2025-01-01T12:21:10+00:00,cl-3,client,24.77,0.86,61.4,208.5,5.89,42.6,61.96,0.68,19.62,healthy,normal
2025-01-01T12:21:15+00:00,co-5,core_switch,228.39,10.93,83.58,98.89,30.46,52.63,70.37,2.34,89.4,warning,congestion
2025-01-01T12:21:20+00:00,da-7,database,21.54,0.27,58.16,202.32,5.09,27.59,58.1,0.48,41.65,healthy,normal
2025-01-01T12:21:25+00:00,ro-7,router,15.7,0.63,49.84,170.81,5.37,20.09,29.94,0.11,59.27,healthy,normal
2025-01-01T12:21:30+00:00,co-3,core_switch,85.19,7.2,93.81,799.88,20.28,76.27,55.1,2.0,98.52,warning,traffic_spike
2025-01-01T12:21:35+00:00,cl-8,client,18.1,1.49,63.61,182.22,4.35,42.91,40.61,0.71,46.08,healthy,normal
2025-01-01T12:21:40+00:00,da-1,database,37.81,1.39,32.75,327.06,2.24,16.04,44.19,0.86,59.44,healthy,normal
2025-01-01T12:21:45+00:00,da-1,database,125.49,4.59,95.33,445.58,10.19,77.44,80.82,3.1,97.71,warning,traffic_spike
2025-01-01T12:21:50+00:00,ro-6,router,36.78,1.26,44.17,217.34,4.82,25.3,32.51,0.62,31.54,healthy,normal
2025-01-01T12:21:55+00:00,da-5,database,138.75,6.1,91.35,599.65,15.35,91.73,53.69,3.74,91.86,warning,traffic_spike
2025-01-01T12:22:00+00:00,ro-5,router,36.37,1.25,28.74,284.1,2.43,42.9,34.94,0.58,36.06,healthy,normal
2025-01-01T12:22:05+00:00,cl-2,client,163.46,2.23,50.76,179.55,14.23,93.25,98.14,2.01,81.34,warning,device_overload
2025-01-01T12:22:10+00:00,ro-7,router,460.02,99.75,3.44,4.37,46.98,7.49,13.55,53.09,4.06,offline,device_failure
2025-01-01T12:22:15+00:00,co-1,core_switch,234.16,98.52,2.04,6.48,60.75,3.43,2.06,54.02,7.83,offline,device_failure
2025-01-01T12:22:20+00:00,cl-8,client,21.6,0.16,31.67,140.87,0.89,25.23,47.91,0.21,40.15,healthy,normal
2025-01-01T12:22:25+00:00,ac-7,access_switch,10.4,1.05,56.72,270.13,4.69,34.88,63.25,0.67,50.32,healthy,normal
2025-01-01T12:22:30+00:00,ac-8,access_switch,37.5,1.39,45.26,127.87,5.04,39.64,61.82,0.59,56.31,healthy,normal
2025-01-01T12:22:35+00:00,cl-2,client,30.28,0.11,43.79,127.36,4.84,37.82,45.93,0.34,29.6,healthy,normal
2025-01-01T12:22:40+00:00,ac-5,access_switch,373.51,98.79,1.35,2.31,58.45,1.94,12.19,71.57,7.93,offline,device_failure
2025-01-01T12:22:45+00:00,cl-8,client,111.93,3.41,61.09,149.02,16.32,94.34,87.5,3.06,52.46,warning,device_overload
2025-01-01T12:22:50+00:00,ac-5,access_switch,269.85,91.05,0.71,0.38,46.95,5.88,12.83,52.86,0.12,offline,device_failure
2025-01-01T12:22:55+00:00,co-4,core_switch,17.79,0.99,43.42,298.43,1.1,56.96,66.34,0.74,54.17,healthy,normal
2025-01-01T12:23:00+00:00,co-2,core_switch,29.75,0.84,56.37,285.09,1.12,31.78,59.23,0.72,50.79,healthy,normal
2025-01-01T12:23:05+00:00,da-8,database,30.17,0.43,58.31,229.81,4.82,42.92,39.6,0.45,35.09,healthy,normal
2025-01-01T12:23:10+00:00,co-4,core_switch,25.89,1.46,19.34,327.26,5.16,54.03,59.51,0.6,18.63,healthy,normal
2025-01-01T12:23:15+00:00,da-4,database,14.16,0.26,39.99,171.97,5.37,48.42,64.56,0.14,53.76,healthy,normal
2025-01-01T12:23:20+00:00,da-3,database,26.63,0.92,20.96,261.96,4.3,51.44,45.34,0.56,39.08,healthy,normal
2025-01-01T12:23:25+00:00,co-5,core_switch,119.46,9.24,98.05,815.52,21.16,85.75,81.16,3.02,92.63,warning,traffic_spike
2025-01-01T12:23:30+00:00,cl-1,client,28.46,0.56,54.27,290.97,2.01,33.92,29.03,0.64,29.41,healthy,normal
2025-01-01T12:23:35+00:00,da-5,database,15.25,0.32,43.26,231.15,0.91,18.38,40.42,0.22,29.79,healthy,normal
2025-01-01T12:23:40+00:00,co-5,core_switch,17.09,0.5,49.58,329.39,3.84,36.17,41.12,0.85,22.89,healthy,normal
2025-01-01T12:23:45+00:00,da-6,database,12.25,1.23,29.04,162.02,3.94,58.18,33.61,0.49,28.52,healthy,normal
2025-01-01T12:23:50+00:00,cl-5,client,464.28,80.89,10.61,22.36,61.8,54.69,61.73,42.76,5.21,offline,link_failure
2025-01-01T12:23:55+00:00,cl-7,client,13.07,0.47,62.65,163.78,3.08,47.6,26.6,0.42,62.37,healthy,normal
2025-01-01T12:24:00+00:00,co-7,core_switch,29.67,1.17,46.51,285.83,0.84,32.15,40.33,0.75,60.73,healthy,normal
2025-01-01T12:24:05+00:00,ac-8,access_switch,109.24,6.72,54.74,91.16,10.25,90.18,91.54,4.86,72.57,warning,device_overload
2025-01-01T12:24:10+00:00,co-3,core_switch,21.04,0.9,35.65,145.86,5.8,19.17,44.73,0.68,41.76,healthy,normal
2025-01-01T12:24:15+00:00,co-3,core_switch,343.08,98.06,4.92,2.99,77.06,6.87,0.2,35.75,6.48,warning,device_failure
2025-01-01T12:24:20+00:00,ac-7,access_switch,18.69,1.18,46.97,248.62,4.08,52.46,30.78,0.61,28.1,healthy,normal
2025-01-01T12:24:25+00:00,ro-1,router,141.99,1.11,61.34,109.77,15.38,91.3,97.28,4.09,78.75,warning,device_overload
2025-01-01T12:24:30+00:00,ro-8,router,27.52,0.86,55.21,226.55,4.89,22.18,33.95,0.55,37.16,healthy,normal
2025-01-01T12:24:35+00:00,co-5,core_switch,30.47,1.4,50.11,134.68,2.16,22.48,33.04,0.81,34.07,healthy,normal
2025-01-01T12:24:40+00:00,ac-1,access_switch,29.32,0.35,19.45,289.37,4.79,56.03,36.11,0.36,25.11,healthy,normal
2025-01-01T12:24:45+00:00,co-4,core_switch,34.74,0.69,48.93,198.14,5.47,56.72,60.56,0.01,15.25,healthy,normal
2025-01-01T12:24:50+00:00,se-6,server,171.35,5.02,48.96,172.92,16.3,91.64,90.55,1.08,53.59,warning,device_overload
2025-01-01T12:24:55+00:00,ro-8,router,16.08,0.18,53.68,156.67,3.12,37.17,59.05,0.65,47.86,healthy,normal
2025-01-01T12:25:00+00:00,se-3,server,194.43,6.01,87.43,114.19,23.55,57.53,61.97,2.75,96.05,warning,congestion
2025-01-01T12:25:05+00:00,co-3,core_switch,240.58,99.77,7.46,11.8,68.85,58.71,38.37,20.22,0.3,offline,link_failure
2025-01-01T12:25:10+00:00,se-6,server,148.86,2.8,80.22,79.81,17.76,95.94,91.51,1.91,66.59,warning,device_overload
2025-01-01T12:25:15+00:00,se-6,server,36.93,0.72,34.25,248.14,1.24,19.0,31.69,0.86,62.26,healthy,normal
2025-01-01T12:25:20+00:00,ac-1,access_switch,287.39,90.07,5.89,5.6,66.58,0.91,6.02,62.93,7.79,offline,device_failure
2025-01-01T12:25:25+00:00,co-5,core_switch,105.2,7.24,70.83,125.96,16.89,93.36,87.0,1.86,61.71,warning,device_overload
2025-01-01T12:25:30+00:00,cl-7,client,36.66,0.23,42.17,224.22,3.32,53.89,36.85,0.58,19.61,healthy,normal
2025-01-01T12:25:35+00:00,se-4,server,24.47,1.04,57.13,270.53,5.71,54.24,28.0,0.67,51.02,healthy,normal
2025-01-01T12:25:40+00:00,ac-6,access_switch,29.86,0.6,25.34,173.61,1.53,47.95,65.47,0.27,47.36,healthy,normal
2025-01-01T12:25:45+00:00,se-8,server,24.27,0.96,23.23,291.88,3.07,55.17,66.27,0.05,56.33,healthy,normal
2025-01-01T12:25:50+00:00,ac-3,access_switch,33.22,1.3,41.1,165.66,4.71,56.13,44.36,0.1,15.76,healthy,normal
2025-01-01T12:25:55+00:00,ro-6,router,66.54,4.56,69.93,150.4,14.4,97.0,84.29,1.29,81.54,warning,device_overload
2025-01-01T12:26:00+00:00,ro-7,router,92.68,12.31,87.7,169.55,24.65,60.59,70.38,1.11,88.12,warning,congestion
2025-01-01T12:26:05+00:00,ro-2,router,57.57,5.45,90.03,614.72,16.24,84.92,72.86,0.62,97.91,warning,traffic_spike
2025-01-01T12:26:10+00:00,da-3,database,87.01,14.46,86.11,80.51,18.18,74.21,50.6,1.78,90.16,warning,congestion
2025-01-01T12:26:15+00:00,ro-4,router,34.09,1.1,31.17,160.48,1.99,32.88,41.89,0.42,55.73,healthy,normal
2025-01-01T12:26:20+00:00,se-1,server,226.42,8.79,96.68,136.4,28.72,59.24,44.39,1.14,98.77,warning,congestion
2025-01-01T12:26:25+00:00,se-8,server,35.81,0.04,28.37,275.38,2.35,26.48,37.2,0.14,25.91,healthy,normal
2025-01-01T12:26:30+00:00,co-8,core_switch,14.96,1.19,43.17,126.22,3.6,19.42,65.06,0.14,47.47,healthy,normal
2025-01-01T12:26:35+00:00,da-4,database,380.18,96.73,8.21,1.1,84.14,9.63,2.24,35.23,5.18,warning,device_failure
2025-01-01T12:26:40+00:00,se-4,server,26.01,0.18,37.01,293.59,2.14,49.49,40.49,0.6,41.73,healthy,normal
2025-01-01T12:26:45+00:00,ac-7,access_switch,366.82,99.07,10.07,21.96,45.39,45.95,68.27,45.36,17.89,warning,link_failure
2025-01-01T12:26:50+00:00,ro-8,router,26.73,1.01,28.48,304.05,1.36,15.66,45.05,0.21,17.06,healthy,normal
2025-01-01T12:26:55+00:00,ac-7,access_switch,39.12,1.28,42.07,201.62,1.15,39.0,49.83,0.51,38.34,healthy,normal
2025-01-01T12:27:00+00:00,co-2,core_switch,224.26,80.68,3.31,16.99,57.26,32.3,61.76,30.36,0.36,warning,link_failure
2025-01-01T12:27:05+00:00,cl-1,client,132.83,4.14,98.63,599.22,27.3,80.34,87.71,2.7,97.97,warning,traffic_spike
2025-01-01T12:27:10+00:00,ac-2,access_switch,38.53,1.12,40.63,113.04,1.16,36.58,44.83,0.05,36.66,healthy,normal
2025-01-01T12:27:15+00:00,ac-2,access_switch,34.29,0.83,23.79,289.19,5.58,38.49,24.66,0.03,38.73,healthy,normal
2025-01-01T12:27:20+00:00,ac-6,access_switch,22.39,0.67,35.82,170.46,4.97,49.55,34.46,0.09,34.02,healthy,normal
2025-01-01T12:27:25+00:00,se-7,server,40.54,0.67,22.65,133.16,3.86,21.6,54.02,0.39,15.68,healthy,normal
2025-01-01T12:27:30+00:00,da-2,database,449.3,96.03,9.84,4.01,85.72,7.37,3.63,53.38,1.56,offline,device_failure
2025-01-01T12:27:35+00:00,ro-7,router,26.47,0.44,37.37,265.74,3.85,36.82,33.13,0.6,37.71,healthy,normal
2025-01-01T12:27:40+00:00,se-3,server,39.71,0.67,49.9,163.5,5.11,21.61,30.33,0.06,51.22,healthy,normal
2025-01-01T12:27:45+00:00,cl-4,client,23.59,0.4,57.68,324.99,1.47,49.19,37.28,0.36,64.04,healthy,normal
2025-01-01T12:27:50+00:00,ac-5,access_switch,104.65,6.85,89.45,573.53,19.04,75.32,85.42,0.54,96.7,warning,traffic_spike
2025-01-01T12:27:55+00:00,ac-5,access_switch,29.28,0.58,21.82,110.03,4.75,34.02,62.03,0.23,40.36,healthy,normal
2025-01-01T12:28:00+00:00,cl-1,client,15.38,0.73,33.09,294.92,4.03,19.49,58.62,0.47,26.33,healthy,normal
2025-01-01T12:28:05+00:00,co-2,core_switch,118.23,9.36,92.78,504.05,8.5,85.98,59.83,4.33,96.02,warning,traffic_spike
2025-01-01T12:28:10+00:00,se-7,server,399.14,85.62,5.58,9.28,79.55,41.47,27.39,39.02,0.13,offline,link_failure
2025-01-01T12:28:15+00:00,cl-1,client,11.29,1.22,48.48,312.1,5.47,54.05,60.82,0.69,54.48,healthy,normal
2025-01-01T12:28:20+00:00,ac-3,access_switch,16.77,0.42,35.43,195.25,5.57,54.13,35.35,0.14,33.3,healthy,normal
2025-01-01T12:28:25+00:00,ro-7,router,75.04,4.42,89.12,627.69,25.73,95.8,74.72,2.83,95.82,warning,traffic_spike
2025-01-01T12:28:30+00:00,co-6,core_switch,30.55,0.94,37.15,269.81,1.32,51.35,34.27,0.54,64.93,healthy,normal
2025-01-01T12:28:35+00:00,cl-3,client,26.39,0.82,52.04,207.86,0.98,38.79,60.59,0.77,50.25,healthy,normal
2025-01-01T12:28:40+00:00,co-6,core_switch,30.91,0.87,27.84,140.6,4.95,50.92,66.37,0.34,66.16,healthy,normal
2025-01-01T12:28:45+00:00,co-2,core_switch,10.04,0.91,30.45,199.94,5.4,40.99,44.33,0.76,25.67,healthy,normal
2025-01-01T12:28:50+00:00,da-7,database,27.46,0.3,32.57,300.17,1.56,39.88,32.5,0.29,34.03,healthy,normal
2025-01-01T12:28:55+00:00,da-5,database,398.48,97.83,17.82,12.43,85.93,21.78,57.96,59.77,7.37,warning,link_failure
2025-01-01T12:29:00+00:00,da-3,database,92.01,6.05,94.04,102.32,22.75,47.25,49.59,6.48,89.43,warning,congestion
2025-01-01T12:29:05+00:00,se-6,server,34.07,0.41,52.71,128.59,1.99,51.91,40.61,0.05,64.16,healthy,normal
2025-01-01T12:29:10+00:00,se-8,server,32.55,0.19,21.26,127.54,5.48,36.29,33.43,0.89,32.28,healthy,normal
2025-01-01T12:29:15+00:00,co-4,core_switch,36.02,1.11,48.71,290.43,4.6,42.57,60.06,0.36,38.57,healthy,normal
2025-01-01T12:29:20+00:00,co-2,core_switch,140.82,2.64,90.66,846.12,27.22,82.74,66.8,0.71,90.42,warning,traffic_spike
2025-01-01T12:29:25+00:00,co-3,core_switch,293.95,91.25,6.88,0.2,56.33,11.7,4.74,39.47,2.25,warning,device_failure
2025-01-01T12:29:30+00:00,ro-8,router,321.0,91.17,3.99,5.01,54.74,10.54,5.66,86.98,4.93,offline,device_failure
2025-01-01T12:29:35+00:00,ac-1,access_switch,214.65,15.04,86.65,72.31,28.53,61.37,64.32,4.38,97.2,warning,congestion
2025-01-01T12:29:40+00:00,se-1,server,106.38,3.44,93.99,853.41,10.14,69.67,56.9,0.51,91.19,warning,traffic_spike
2025-01-01T12:29:45+00:00,co-7,core_switch,133.23,14.64,87.27,83.1,34.18,50.92,64.03,3.25,89.3,warning,congestion
2025-01-01T12:29:50+00:00,se-5,server,14.52,1.0,58.74,132.68,4.99,26.63,32.44,0.41,21.12,healthy,normal
2025-01-01T12:29:55+00:00,ro-2,router,33.18,1.12,27.35,265.98,2.06,17.88,35.24,0.6,26.25,healthy,normal
